/*
SQLyog Community v13.1.6 (64 bit)
MySQL - 10.4.8-MariaDB : Database - coveinte_stockydatabase
*********************************************************************
*/

/*!40101 SET NAMES utf8 */;

/*!40101 SET SQL_MODE=''*/;

/*!40014 SET @OLD_UNIQUE_CHECKS=@@UNIQUE_CHECKS, UNIQUE_CHECKS=0 */;
/*!40014 SET @OLD_FOREIGN_KEY_CHECKS=@@FOREIGN_KEY_CHECKS, FOREIGN_KEY_CHECKS=0 */;
/*!40101 SET @OLD_SQL_MODE=@@SQL_MODE, SQL_MODE='NO_AUTO_VALUE_ON_ZERO' */;
/*!40111 SET @OLD_SQL_NOTES=@@SQL_NOTES, SQL_NOTES=0 */;
CREATE DATABASE /*!32312 IF NOT EXISTS*/`coveinte_stockydatabase` /*!40100 DEFAULT CHARACTER SET utf8mb4 */;

USE `coveinte_stockydatabase`;

/*Table structure for table `adjustment_details` */

DROP TABLE IF EXISTS `adjustment_details`;

CREATE TABLE `adjustment_details` (
  `id` int(11) NOT NULL AUTO_INCREMENT,
  `product_id` int(11) NOT NULL,
  `adjustment_id` int(11) NOT NULL,
  `product_variant_id` int(11) DEFAULT NULL,
  `quantity` double NOT NULL,
  `type` varchar(192) NOT NULL,
  `created_at` timestamp(6) NULL DEFAULT NULL,
  `updated_at` timestamp(6) NULL DEFAULT NULL,
  PRIMARY KEY (`id`),
  KEY `adjust_product_id` (`product_id`),
  KEY `adjust_adjustment_id` (`adjustment_id`),
  KEY `adjust_product_variant` (`product_variant_id`),
  CONSTRAINT `adjust_adjustment_id` FOREIGN KEY (`adjustment_id`) REFERENCES `adjustments` (`id`),
  CONSTRAINT `adjust_product_id` FOREIGN KEY (`product_id`) REFERENCES `products` (`id`),
  CONSTRAINT `adjust_product_variant` FOREIGN KEY (`product_variant_id`) REFERENCES `product_variants` (`id`)
) ENGINE=InnoDB AUTO_INCREMENT=8 DEFAULT CHARSET=utf8mb4;

/*Data for the table `adjustment_details` */

insert  into `adjustment_details`(`id`,`product_id`,`adjustment_id`,`product_variant_id`,`quantity`,`type`,`created_at`,`updated_at`) values 
(1,140,1,NULL,1,'sub',NULL,NULL),
(2,139,2,NULL,4,'add',NULL,NULL),
(3,138,3,NULL,1,'sub',NULL,NULL),
(4,149,4,NULL,40,'sub',NULL,NULL),
(5,132,5,NULL,1,'sub',NULL,NULL),
(6,131,6,NULL,5,'sub',NULL,NULL),
(7,139,7,NULL,6,'add',NULL,'2023-02-28 08:57:59.000000');

/*Table structure for table `adjustments` */

DROP TABLE IF EXISTS `adjustments`;

CREATE TABLE `adjustments` (
  `id` int(11) NOT NULL AUTO_INCREMENT,
  `user_id` int(11) NOT NULL,
  `date` date NOT NULL,
  `Ref` varchar(192) NOT NULL,
  `warehouse_id` int(11) NOT NULL,
  `items` double DEFAULT 0,
  `notes` text DEFAULT NULL,
  `created_at` timestamp(6) NULL DEFAULT NULL,
  `updated_at` timestamp(6) NULL DEFAULT NULL,
  `deleted_at` timestamp NULL DEFAULT NULL,
  PRIMARY KEY (`id`),
  KEY `user_id_adjustment` (`user_id`),
  KEY `warehouse_id_adjustment` (`warehouse_id`),
  CONSTRAINT `user_id_adjustment` FOREIGN KEY (`user_id`) REFERENCES `users` (`id`),
  CONSTRAINT `warehouse_id_adjustment` FOREIGN KEY (`warehouse_id`) REFERENCES `warehouses` (`id`)
) ENGINE=InnoDB AUTO_INCREMENT=8 DEFAULT CHARSET=utf8mb4;

/*Data for the table `adjustments` */

insert  into `adjustments`(`id`,`user_id`,`date`,`Ref`,`warehouse_id`,`items`,`notes`,`created_at`,`updated_at`,`deleted_at`) values 
(1,1,'2023-02-14','AD_1111',1,1,NULL,'2023-02-14 09:32:21.000000','2023-02-14 09:32:21.000000',NULL),
(2,1,'2023-02-14','AD_1112',1,1,NULL,'2023-02-14 09:35:53.000000','2023-02-14 09:35:53.000000',NULL),
(3,1,'2023-02-14','AD_1113',1,1,NULL,'2023-02-14 09:38:01.000000','2023-02-14 09:38:01.000000',NULL),
(4,1,'2023-02-14','AD_1114',1,1,NULL,'2023-02-14 09:38:58.000000','2023-02-14 09:38:58.000000',NULL),
(5,1,'2023-02-14','AD_1115',1,1,NULL,'2023-02-14 09:40:47.000000','2023-02-14 09:40:47.000000',NULL),
(6,1,'2023-02-14','AD_1116',1,1,NULL,'2023-02-14 09:41:29.000000','2023-02-14 09:41:29.000000',NULL),
(7,1,'2023-02-28','AD_1117',1,1,'re check quantity','2023-02-28 08:56:21.000000','2023-02-28 08:56:21.000000',NULL);

/*Table structure for table `attendances` */

DROP TABLE IF EXISTS `attendances`;

CREATE TABLE `attendances` (
  `id` int(11) NOT NULL AUTO_INCREMENT,
  `user_id` int(11) NOT NULL,
  `company_id` int(11) NOT NULL,
  `employee_id` int(11) NOT NULL,
  `date` date NOT NULL,
  `clock_in` varchar(191) NOT NULL,
  `clock_in_ip` varchar(45) NOT NULL,
  `clock_out` varchar(191) NOT NULL,
  `clock_out_ip` varchar(191) NOT NULL,
  `clock_in_out` tinyint(1) NOT NULL,
  `depart_early` varchar(191) NOT NULL DEFAULT '00:00',
  `late_time` varchar(191) NOT NULL DEFAULT '00:00',
  `overtime` varchar(191) NOT NULL DEFAULT '00:00',
  `total_work` varchar(191) NOT NULL DEFAULT '00:00',
  `total_rest` varchar(191) NOT NULL DEFAULT '00:00',
  `status` varchar(191) NOT NULL DEFAULT 'present',
  `created_at` timestamp(6) NULL DEFAULT NULL,
  `updated_at` timestamp(6) NULL DEFAULT NULL,
  `deleted_at` timestamp NULL DEFAULT NULL,
  PRIMARY KEY (`id`),
  KEY `attendances_user_id` (`user_id`),
  KEY `attendances_company_id` (`company_id`),
  KEY `attendances_employee_id` (`employee_id`),
  CONSTRAINT `attendances_company_id` FOREIGN KEY (`company_id`) REFERENCES `companies` (`id`),
  CONSTRAINT `attendances_employee_id` FOREIGN KEY (`employee_id`) REFERENCES `employees` (`id`),
  CONSTRAINT `attendances_user_id` FOREIGN KEY (`user_id`) REFERENCES `users` (`id`)
) ENGINE=InnoDB DEFAULT CHARSET=utf8mb4;

/*Data for the table `attendances` */

/*Table structure for table `brands` */

DROP TABLE IF EXISTS `brands`;

CREATE TABLE `brands` (
  `id` int(11) NOT NULL AUTO_INCREMENT,
  `name` varchar(192) NOT NULL,
  `description` varchar(192) DEFAULT NULL,
  `image` varchar(192) DEFAULT NULL,
  `created_at` timestamp(6) NULL DEFAULT NULL,
  `updated_at` timestamp(6) NULL DEFAULT NULL,
  `deleted_at` timestamp NULL DEFAULT NULL,
  PRIMARY KEY (`id`)
) ENGINE=InnoDB AUTO_INCREMENT=3 DEFAULT CHARSET=utf8mb4;

/*Data for the table `brands` */

insert  into `brands`(`id`,`name`,`description`,`image`,`created_at`,`updated_at`,`deleted_at`) values 
(1,'Brass',NULL,'no-image.png','2022-10-12 12:32:01.000000','2022-10-12 12:32:01.000000',NULL),
(2,'Roshina','null','40279561Roshina-Final-option.jpg','2022-10-12 12:52:01.000000','2022-10-12 13:11:27.000000',NULL);

/*Table structure for table `categories` */

DROP TABLE IF EXISTS `categories`;

CREATE TABLE `categories` (
  `id` int(11) NOT NULL AUTO_INCREMENT,
  `code` varchar(192) NOT NULL,
  `name` varchar(192) NOT NULL,
  `created_at` timestamp(6) NULL DEFAULT NULL,
  `updated_at` timestamp(6) NULL DEFAULT NULL,
  `deleted_at` timestamp NULL DEFAULT NULL,
  PRIMARY KEY (`id`)
) ENGINE=InnoDB AUTO_INCREMENT=38 DEFAULT CHARSET=utf8mb4;

/*Data for the table `categories` */

insert  into `categories`(`id`,`code`,`name`,`created_at`,`updated_at`,`deleted_at`) values 
(1,'Classic','Classic','2022-10-12 12:11:23.000000','2022-10-12 12:11:23.000000',NULL),
(2,'Country','Country','2022-10-12 12:11:46.000000','2022-10-12 12:11:46.000000',NULL),
(3,'curve','Curve','2022-10-12 12:12:31.000000','2022-10-12 12:12:31.000000',NULL),
(4,'Decaf','Decaf','2022-10-12 12:12:43.000000','2022-10-12 12:12:43.000000',NULL),
(5,'Mini-cove','Mini-cove','2022-10-12 12:31:10.000000','2022-10-12 12:31:10.000000',NULL),
(35,'Coffee Tables','Coffee Tables','2023-01-16 10:47:51.000000','2023-01-16 10:47:51.000000',NULL),
(36,'Mini Caf','Mini Caf','2023-01-16 10:47:51.000000','2023-01-16 10:47:51.000000',NULL),
(37,'Roshina','Roshina','2023-01-16 10:47:51.000000','2023-01-16 10:47:51.000000',NULL);

/*Table structure for table `clients` */

DROP TABLE IF EXISTS `clients`;

CREATE TABLE `clients` (
  `id` int(11) NOT NULL AUTO_INCREMENT,
  `name` varchar(191) NOT NULL,
  `code` int(11) NOT NULL,
  `email` varchar(192) DEFAULT NULL,
  `country` varchar(191) DEFAULT NULL,
  `city` varchar(191) DEFAULT NULL,
  `phone` varchar(191) DEFAULT NULL,
  `tax_number` varchar(192) DEFAULT NULL,
  `adresse` varchar(191) DEFAULT NULL,
  `created_at` timestamp(6) NULL DEFAULT NULL,
  `updated_at` timestamp(6) NULL DEFAULT NULL,
  `deleted_at` timestamp NULL DEFAULT NULL,
  PRIMARY KEY (`id`)
) ENGINE=InnoDB AUTO_INCREMENT=284 DEFAULT CHARSET=utf8mb4;

/*Data for the table `clients` */

insert  into `clients`(`id`,`name`,`code`,`email`,`country`,`city`,`phone`,`tax_number`,`adresse`,`created_at`,`updated_at`,`deleted_at`) values 
(1,'walk-in-customer',1,'walk-in-customer@example.com','bangladesh','dhaka','123456780',NULL,'N45 , Dhaka',NULL,'2023-01-25 06:55:32.000000','2023-01-25 06:55:32'),
(2,'issam',2,'i.aftimos1976@gmail.com','kuwait','salmiya','66782666',NULL,NULL,'2022-10-16 13:39:34.000000','2023-01-25 06:55:32.000000','2023-01-25 06:55:32'),
(3,'ahmad',3,'ahmad@example.com','kuwait','farwaniya','66787777',NULL,'block 5, street 6 building 21, floor 2 apartment 4','2022-10-23 14:05:04.000000','2023-01-25 06:55:32.000000','2023-01-25 06:55:32'),
(4,'shady',4,'shadyhafez133@gmail.com',NULL,NULL,'96760506',NULL,'Block 7. Street 21. Building 2. aparment 12','2022-10-23 14:37:32.000000','2023-01-25 06:55:32.000000','2023-01-25 06:55:32'),
(5,'hassan',5,'hasan@yahoo.com',NULL,NULL,'7678767',NULL,'hoully bluc5','2022-10-23 14:42:37.000000','2023-01-25 06:55:32.000000','2023-01-25 06:55:32'),
(6,'ahmed',6,'shadyhafez@gmail.com',NULL,'مشرف','51080245',NULL,'قطعة 6 ز شارع 12ز منزول 18ز','2022-10-23 14:48:23.000000','2023-01-25 06:55:32.000000','2023-01-25 06:55:32'),
(7,'ahmed',7,'cezar_hafez@hotmai.com','الكويت','الفروانية','51080245',NULL,'ق1 ش2 م3','2022-10-23 14:53:14.000000','2023-01-25 06:55:32.000000','2023-01-25 06:55:32'),
(8,'شهاب',8,'ahmedhafez@hotmail.com',NULL,'خيطان','9994477',NULL,'ق5 ش8 م9','2022-10-23 14:54:21.000000','2023-01-25 07:17:47.000000','2023-01-25 07:17:47'),
(9,'hossam',9,';lklkxf',NULL,'margab','50513151',NULL,'bl 21. st 5. bluiled 8. aparment','2022-10-23 14:56:47.000000','2023-01-25 06:55:32.000000','2023-01-25 06:55:32'),
(10,'ibrahim',10,'sfffsf',NULL,'rabiya','64531245',NULL,'Block 21. Street 12. Bluid 5. Aparment 3.','2022-10-23 15:00:35.000000','2023-01-25 06:55:32.000000','2023-01-25 06:55:32'),
(11,'ibrahim',11,'sfsf',NULL,NULL,NULL,NULL,NULL,'2022-10-23 15:01:38.000000','2023-01-25 07:00:54.000000','2023-01-25 07:00:54'),
(12,'ibrahim',12,'fsdfsdfsdf',NULL,'amriya','5132164',NULL,'Block 32. Street 7. Bluid 5. Aparment 3.','2022-10-23 15:02:35.000000','2023-01-25 07:11:44.000000','2023-01-25 07:11:44'),
(13,'Mustafa',13,'sdkjshdkfj',NULL,'Farawaniya','64321264',NULL,'Block 12. Street 64. Bluid 6. Aparment','2022-10-23 15:09:22.000000','2023-01-30 07:14:13.000000','2023-01-30 07:14:13'),
(14,'سيد عصام',14,'hasdh2@yahoo.com',NULL,'الكويت','56489',NULL,'م 5ش7','2022-10-23 15:11:40.000000','2023-01-25 07:00:54.000000','2023-01-25 07:00:54'),
(15,'سانديب',15,'aophb@yahoo.com',NULL,'الكويت','532789456',NULL,'م 7ش 5','2022-10-23 15:23:00.000000','2023-01-25 07:11:44.000000','2023-01-25 07:11:44'),
(16,'فهد العنزي',16,'سيبسيبس',NULL,'حطين','55556666',NULL,'St. 8 Block. 5 Bluid. 138A','2022-10-23 15:28:29.000000','2023-01-30 07:14:13.000000','2023-01-30 07:14:13'),
(17,'محمد الفيلكاوي',17,'dytfyukgiubnkl',NULL,'الفححيل','77778888',NULL,'ق8 ش 1 م 138','2022-10-23 15:34:17.000000','2023-01-25 07:17:08.000000','2023-01-25 07:17:08'),
(18,'جابر الشايع',18,'نمستيبا',NULL,'ضاحية عبدالله السالم','99992222',NULL,'BLOCK 1. STREET 4. HOME 8.','2022-10-23 15:37:59.000000','2023-01-30 07:14:13.000000','2023-01-30 07:14:13'),
(19,'السيد ج',19,'kjdkldop',NULL,'السالميه','56987421',NULL,'م 4 ق 7','2022-10-23 15:42:20.000000','2023-01-30 07:14:13.000000','2023-01-30 07:14:13'),
(20,'مشاري المطيري',20,'DGLKDLG',NULL,'المهبولة','65432164',NULL,'قطعة 4 - شارع 6 - منزل 5','2022-10-23 15:43:30.000000','2023-01-30 07:15:24.000000','2023-01-30 07:15:24'),
(21,'مشاري المطيري',21,'KLSHDFS',NULL,'المهبولة','64532164',NULL,'قطعة 4 - شارع 6 - منزل 5','2022-10-23 15:44:23.000000','2023-01-30 07:15:24.000000','2023-01-30 07:15:24'),
(22,'ناصر اشكناني',22,'SDGSDG',NULL,'الفنطاس','32164564',NULL,'قطعة 4 - شارع 2 - منزل 3','2022-10-23 15:46:10.000000','2023-01-25 07:06:42.000000','2023-01-25 07:06:42'),
(23,'صالع العازمي',23,'KLSHFKLSD',NULL,'العقيلة','645143216',NULL,'قطعة 1 - شارع 6 - منزل 4','2022-10-23 15:47:38.000000','2023-01-25 07:17:08.000000','2023-01-25 07:17:08'),
(24,'الاستاذ و',24,'خةتاىننممم',NULL,'الكويت','859745632',NULL,'الكويت م 5  ق 8 ش 7','2022-10-23 15:50:22.000000','2023-01-25 07:00:54.000000','2023-01-25 07:00:54'),
(25,'عبدالله المطيري',25,'NKLJDHFLHS',NULL,'العمرية','465431654',NULL,'قطعة 8 - شارع 12 - منزل 5','2022-10-23 15:54:03.000000','2023-01-25 07:06:42.000000','2023-01-25 07:06:42'),
(26,'الاستاذ ه',26,'هخعنالغف',NULL,'الكويت','325748',NULL,'الفراونيه ق 5 ش7 م22','2022-10-23 15:54:17.000000','2023-01-25 07:00:54.000000','2023-01-25 07:00:54'),
(27,'الاستاذ ح',27,'هعخنتاال',NULL,'الكويت','8569542',NULL,'السالميه ق7 ش8 م7','2022-10-23 16:06:35.000000','2023-01-25 07:00:54.000000','2023-01-25 07:00:54'),
(28,'حسن',28,'kjskghdg',NULL,'حولي','7778880',NULL,'قطعة 7 - شارع 5 - منزل 11','2022-10-23 16:08:00.000000','2023-01-25 07:19:03.000000','2023-01-25 07:19:03'),
(29,'عنيز الانصاري',29,'ksjhgkjsdhgk',NULL,'سعد العبدالله','88888777',NULL,'قطعة 4 - شارع 100 - منزل 138','2022-10-23 16:24:49.000000','2023-01-25 07:08:46.000000','2023-01-25 07:08:46'),
(30,'فتحي محمد',30,'sghgdjsgs',NULL,NULL,'2',NULL,NULL,'2022-10-24 11:35:57.000000','2023-01-25 07:00:54.000000','2023-01-25 07:00:54'),
(31,'فتحي محمد',31,'sdflhskldhf',NULL,'الفروانية','52659764',NULL,'قطعة 5 - شارع 4 - منزل 8','2022-10-24 11:36:47.000000','2023-01-30 07:15:24.000000','2023-01-30 07:15:24'),
(32,'محمد اشكناني',32,'lskdlsdkjf',NULL,'صباح السالم','66644456',NULL,'قطعة 4 - شارع 18 - منزل 3200','2022-10-24 12:22:04.000000','2023-01-30 07:15:24.000000','2023-01-30 07:15:24'),
(33,'الاستاذ / غيث',33,'اgfhhedjj','الكويت','الفراونيه','54263258889',NULL,'الجابريه ق 5 ش 3 م 7','2022-10-25 09:21:58.000000','2023-01-25 07:11:44.000000','2023-01-25 07:11:44'),
(34,'عبدالله',34,'jhuyghgfy','الكويت','السالميه','57896',NULL,'السالميه ش 7 ق 7','2022-10-25 10:26:53.000000','2023-01-25 07:00:54.000000','2023-01-25 07:00:54'),
(35,'shady mohamed hafez',35,'sasdasf',NULL,'Farwaniya','56534564',NULL,'Block 2 - Street 3 - Home 1','2022-10-25 10:32:22.000000','2023-01-25 07:10:02.000000','2023-01-25 07:10:02'),
(36,'ahmed mohamed hafez',36,'asasasd',NULL,'Khatin','13216544',NULL,'Block 1 - Street 2 - Home 3','2022-10-25 10:33:52.000000','2023-01-25 07:00:54.000000','2023-01-25 07:00:54'),
(37,'Essam',37,'sdkjfns',NULL,'Ardiya','6543216',NULL,'Block 2 - Street 6 - Home 4','2022-10-25 10:34:57.000000','2023-01-25 07:15:51.000000','2023-01-25 07:15:51'),
(38,'Sandeeb',38,'sdfsdfs',NULL,'Rabiya','6543166',NULL,'Block 3 - Street 2 - Home 4','2022-10-25 10:37:08.000000','2023-01-25 07:13:14.000000','2023-01-25 07:13:14'),
(39,'Hassan',39,'sklhsd',NULL,'Hawally','654651316',NULL,'Block 5 - Street 4 - Home 2','2022-10-25 10:38:37.000000','2023-01-25 07:14:25.000000','2023-01-25 07:14:25'),
(40,'hassan',40,'uytrghj','kuwait','kuwait','57896',NULL,'Farwaniya s7 b8','2022-10-25 10:39:12.000000','2023-01-25 07:00:54.000000','2023-01-25 07:00:54'),
(41,'Mohamed',41,'lsdkjfl',NULL,'Salmiya','65465431',NULL,'Block 4 - Street 6 - Home 2','2022-10-25 10:39:59.000000','2023-01-30 07:15:24.000000','2023-01-30 07:15:24'),
(42,'hassan 2',42,'rteyyuh','kuwait','kuwait','789652',NULL,'salmiya','2022-10-25 10:48:29.000000','2023-01-25 07:00:54.000000','2023-01-25 07:00:54'),
(43,'Hassan 3',43,'ytujjhpoi',NULL,'kuwait','7896542',NULL,'salmiya st 35 b 7','2022-10-25 11:01:25.000000','2023-01-25 07:00:54.000000','2023-01-25 07:00:54'),
(44,'Marwan',44,'skldfhskld',NULL,'Fahaheel','646543216',NULL,'Block 3 - Street 4 - Home 2','2022-10-25 11:01:25.000000','2023-01-25 07:13:14.000000','2023-01-25 07:13:14'),
(45,'Saif',45,'sadaspdo',NULL,'Al - Mangf','65431654',NULL,NULL,'2022-10-25 11:05:06.000000','2023-01-30 07:15:24.000000','2023-01-30 07:15:24'),
(46,'Gamal',46,'sdfskdjfh',NULL,'Abu - Halifa','654361264',NULL,'Block 4 - Street 5 - Home 2','2022-10-25 11:07:41.000000','2023-01-25 07:14:25.000000','2023-01-25 07:14:25'),
(47,'Islam',47,'sdfksjfh',NULL,'Shuwaikh','6546136',NULL,'Block 6 - Street 6 - Home 3','2022-10-25 11:10:00.000000','2023-01-25 07:14:25.000000','2023-01-25 07:14:25'),
(48,'Fadi',48,'lskdjflskdf',NULL,'Salmiya','65456316',NULL,'Block 4 - Street 6 - Home 5','2022-10-25 11:11:36.000000','2023-01-30 07:15:24.000000','2023-01-30 07:15:24'),
(49,'Hassan 4',49,'ryyuwuehjejwh','kuwait','kuwait','852364',NULL,'farwaniya st 8 b5','2022-10-25 11:12:51.000000','2023-01-25 07:00:54.000000','2023-01-25 07:00:54'),
(50,'Emad',50,'lskdjfkldsfj',NULL,'Farawaniya','65462131',NULL,'Block 4 - Street 9 - Home 1','2022-10-25 11:12:57.000000','2023-01-30 07:15:24.000000','2023-01-30 07:15:24'),
(51,'Samy',51,'lkjllalks',NULL,'Salmiya','65431646',NULL,'Block 4 - Street 5 - Home 5','2022-10-25 11:14:05.000000','2023-01-30 07:15:24.000000','2023-01-30 07:15:24'),
(52,'Wegz',52,'kjsdhfksjdfh',NULL,'Fahaheel','654316',NULL,'Block 4 - Street 3 - Home 6','2022-10-25 11:17:03.000000','2023-01-25 07:00:54.000000','2023-01-25 07:00:54'),
(53,'Sherif',53,'skldfkjsd',NULL,'EL - ardiya','6546316',NULL,'Block 7 - Street 6 - Home 8','2022-10-25 11:18:31.000000','2023-01-25 07:14:25.000000','2023-01-25 07:14:25'),
(54,'Lotfy',54,'dlkfjsld',NULL,'Al - Ribya','6461316',NULL,'Block 7 - Street 8 - Home 4','2022-10-25 11:19:42.000000','2023-01-25 07:11:44.000000','2023-01-25 07:11:44'),
(55,'Yasser',55,'skdjfhksdjf',NULL,'Salmiya','6561649',NULL,'Block 2 - Street 3 - Home 6','2022-10-25 11:20:36.000000','2023-01-25 07:15:51.000000','2023-01-25 07:15:51'),
(56,'Hassan 5',56,'polkjju','kuwait','kuwait','859642',NULL,'Howly st5 b3','2022-10-25 11:23:10.000000','2023-01-25 07:17:47.000000','2023-01-25 07:17:47'),
(57,'Fathi',57,'lskdjfsldkfj',NULL,'Hawally','65432164',NULL,'Block 5 - Street 6 - Home 8','2022-10-25 11:23:30.000000','2023-01-30 07:15:24.000000','2023-01-30 07:15:24'),
(58,'Mohsen',58,'kkjdshfks',NULL,'Farawaniya','3265498',NULL,'Block 6 - Street 9 - Home 5','2022-10-25 11:26:45.000000','2023-01-25 07:06:42.000000','2023-01-25 07:06:42'),
(59,'ibrahim',59,'klsdfjskldf',NULL,'Salmiya','654316456',NULL,'Block 6 - Street 9 - Home 6','2022-10-25 11:30:19.000000','2023-01-25 07:13:14.000000','2023-01-25 07:13:14'),
(60,'Salm',60,'jhsdgf',NULL,'Hawally','46549879',NULL,'Block 8 - Street 7 - Home 6','2022-10-25 11:32:43.000000','2023-01-25 07:06:42.000000','2023-01-25 07:06:42'),
(61,'Hassan 6',61,'olkkiu','kuwait','kuwait','745236',NULL,'salmiya st7 b9','2022-10-25 11:33:06.000000','2023-01-25 07:08:46.000000','2023-01-25 07:08:46'),
(62,'Nawaf',62,'sl;dkjfldkj',NULL,'Salmiya','654987946',NULL,'Block 6 - Street 4 - Home 9','2022-10-25 11:34:02.000000','2023-01-25 07:15:51.000000','2023-01-25 07:15:51'),
(63,'Hassan 6',63,'oiuytg','kuwait','kuwait','78565',NULL,'salmiya st5','2022-10-25 11:38:30.000000','2023-01-25 07:00:54.000000','2023-01-25 07:00:54'),
(64,'Hassan 6',63,'oiuytg','kuwait','kuwait','78565',NULL,'salmiya st5','2022-10-25 11:38:30.000000','2023-01-25 07:00:54.000000','2023-01-25 07:00:54'),
(65,'Samiya',64,'sdfkjhsdkf',NULL,'ARDIYA','645649',NULL,'Block 4 - Street 9 - Home 4','2022-10-25 11:42:20.000000','2023-01-25 07:11:44.000000','2023-01-25 07:11:44'),
(66,'Hassan 7',65,'iuyrfd','kuwait','kuwait','7896352',NULL,'kuwait farwaniya st 8 b 5','2022-10-25 11:43:50.000000','2023-01-25 07:11:44.000000','2023-01-25 07:11:44'),
(67,'Hesham',66,'sldkjsf',NULL,'Hawally','46549749',NULL,'Block 6 - Street 8 - Home 9','2022-10-25 11:44:10.000000','2023-01-25 07:06:42.000000','2023-01-25 07:06:42'),
(68,'Shokry',67,'sldfisudf',NULL,'Samliya','6498764',NULL,'Block 2 - Street 3 - Home 4','2022-10-25 11:45:40.000000','2023-01-25 07:11:44.000000','2023-01-25 07:11:44'),
(69,'Khaled',68,'iduhfskjdfh',NULL,'Farawniya','64959649',NULL,'Block 4 - Street 6 - Home 5','2022-10-25 11:46:48.000000','2023-01-30 07:15:24.000000','2023-01-30 07:15:24'),
(70,'Abdullah',69,'ytujhgn','kuwait','kuwait','875963',NULL,'jabriya st 1 b 5','2022-10-25 11:54:09.000000','2023-01-25 07:17:47.000000','2023-01-25 07:17:47'),
(71,'Naif',70,'jhsdgfsjf',NULL,'Hawally','87984654',NULL,'Block 6 - Street 9 - Home 4','2022-10-25 11:55:47.000000','2023-01-30 07:15:24.000000','2023-01-30 07:15:24'),
(72,'Saber',71,'sfsdfsdf',NULL,'Samliya','6546996',NULL,'Block 5 - Street 6 - Home 4','2022-10-25 11:57:03.000000','2023-01-25 07:15:51.000000','2023-01-25 07:15:51'),
(73,'Mustafa',72,'sdfsafsdf',NULL,'Ardiya','6546546',NULL,'Block 4 - Street 4 - Home 65','2022-10-25 11:58:28.000000','2023-01-25 07:14:25.000000','2023-01-25 07:14:25'),
(74,'Dari',73,'sdfsdfsdfsd',NULL,'Salmiya','65465497',NULL,'Block 1 - Street 6 - Home 45','2022-10-25 12:00:25.000000','2023-01-30 07:15:24.000000','2023-01-30 07:15:24'),
(75,'Abdullah 2',74,'uiyjhg','kuwait','kuwait','75698',NULL,'kuwait jabriya st 1 b 8','2022-10-25 12:01:05.000000','2023-01-25 07:11:44.000000','2023-01-25 07:11:44'),
(76,'Ahmed Shokry',75,'ksdjfhsdkf',NULL,'Hawally','65497897',NULL,'Block 9 - Street 8 - Home23','2022-10-25 12:02:48.000000','2023-01-30 07:15:24.000000','2023-01-30 07:15:24'),
(77,'Abdallah',76,'jhskdfhksdjfh',NULL,'Rabiya','4654979',NULL,'Block 4 - Street 9 - Home 89','2022-10-25 12:04:31.000000','2023-01-25 07:06:42.000000','2023-01-25 07:06:42'),
(78,'Abdul karim',77,'wekoijm','kwait','kuwait','74529',NULL,'salmaiya st 7 b 3','2022-10-25 12:06:17.000000','2023-01-25 07:08:46.000000','2023-01-25 07:08:46'),
(79,'Zakriya',78,'sdfsdfsdf',NULL,'Farawniya','6465497',NULL,'Block 4 - Street 9 - Home 8','2022-10-25 12:06:58.000000','2023-01-25 07:13:14.000000','2023-01-25 07:13:14'),
(80,'Safy',79,'sldkfjsldfj',NULL,'Hawally','46549879',NULL,'Block 9 - Street 10 - Home 66','2022-10-25 12:08:51.000000','2023-01-25 07:06:42.000000','2023-01-25 07:06:42'),
(81,'Abdul karim 2',80,'uyikjhg','kuwait','kuwait','78594',NULL,'farwaniya','2022-10-25 12:10:38.000000','2023-01-25 07:08:46.000000','2023-01-25 07:08:46'),
(82,'Khaled 2',81,'kjdfjgh',NULL,'Hawally','46549897',NULL,'Block 6 - Street 9 - Home 24','2022-10-25 12:13:15.000000','2023-01-25 07:06:42.000000','2023-01-25 07:06:42'),
(83,'Hussein',82,'iuyrrtggh','kuwait','kuwait','74598',NULL,'Howly st8 b4','2022-10-25 12:17:46.000000','2023-01-25 07:11:44.000000','2023-01-25 07:11:44'),
(84,'body',83,'kjsdfhgkjghd',NULL,'Ardiya','6946549',NULL,'Block 6 - Street 9 - Home 89','2022-10-25 12:19:06.000000','2023-01-25 07:17:08.000000','2023-01-25 07:17:08'),
(85,'Samo',84,';lkd;fgd;fg',NULL,'Al fintass','6546497',NULL,'Block 9 - Street 10 - Home 8','2022-10-25 12:21:00.000000','2023-01-25 07:14:25.000000','2023-01-25 07:14:25'),
(86,'Hussein 2',85,'uyhjik','kuwait','kuwait','789542',NULL,'jabriya st 5 b 9','2022-10-25 12:21:55.000000','2023-01-25 07:08:46.000000','2023-01-25 07:08:46'),
(87,'Behe',86,'sdfshdkjfh',NULL,'Hawally','465469498',NULL,'Block 8 - Street 9 - Home 44','2022-10-25 12:23:21.000000','2023-01-25 07:06:42.000000','2023-01-25 07:06:42'),
(88,'Tawfiq',87,'lwdkjfsldkfj',NULL,'Salmiya','46546549',NULL,'Block 6 - Street 4 - Home 33','2022-10-25 12:24:34.000000','2023-01-25 07:06:42.000000','2023-01-25 07:06:42'),
(89,'abd el-rahman',88,'kjsdfhskdjfh',NULL,'Salmiya','6464797',NULL,'Block 6 - Street 44 - home 66','2022-10-25 12:25:58.000000','2023-01-25 07:11:44.000000','2023-01-25 07:11:44'),
(90,'Khaled',89,'poiuujk','kuwait','kuwait','78956',NULL,'farwaniya st 8 b 5','2022-10-25 12:27:45.000000','2023-01-25 07:08:46.000000','2023-01-25 07:08:46'),
(91,'Salem',90,'ldlslsdksld',NULL,'Hawally','465497987',NULL,'Block 9 - street 8 - home 8','2022-10-25 12:30:17.000000','2023-01-25 07:06:42.000000','2023-01-25 07:06:42'),
(92,'Adham',91,'lsdkfjkdsjfd',NULL,'Farawaniya','987364531',NULL,'Block 6 - Street 7 - Home 23','2022-10-25 12:31:26.000000','2023-01-25 07:19:03.000000','2023-01-25 07:19:03'),
(93,'khaled 2',92,'iujhytg','kuwait','kuwait','78596',NULL,'salmiya st 7 b 6 h9','2022-10-25 12:33:05.000000','2023-01-25 07:08:46.000000','2023-01-25 07:08:46'),
(94,'Ehab',93,'8iu79ii','kuwait','kuwait','874265',NULL,'farwaniya st 5 b7 h52','2022-10-25 12:38:50.000000','2023-01-25 07:17:47.000000','2023-01-25 07:17:47'),
(95,'Ehab 2',94,'ytujhgy','kuwait','kuwait','74586',NULL,'jabriya st 5 b3 h 48','2022-10-25 12:45:47.000000','2023-01-25 07:08:46.000000','2023-01-25 07:08:46'),
(96,'zaki',95,'skldjfhksjdfh',NULL,'Samliya','65465498',NULL,'Block 6 - Street 9 - Home 22','2022-10-25 12:49:08.000000','2023-01-30 07:15:24.000000','2023-01-30 07:15:24'),
(97,'Bahaa',96,'sdfsdfsd',NULL,'Hawally','65464646',NULL,'Block 9 - Street 8 - Home 21','2022-10-25 12:51:47.000000','2023-01-30 07:15:24.000000','2023-01-30 07:15:24'),
(98,'Alnour',97,'uytghjk','kuwait','kuwait','785964',NULL,'salmiya st 4 b 11 h57','2022-10-25 12:52:18.000000','2023-01-25 07:08:46.000000','2023-01-25 07:08:46'),
(99,'Sobhy',98,'kjdfhsdjhfk',NULL,'Ardiya','465498764',NULL,'Block 7 - Street 21 - Home 33','2022-10-25 12:52:55.000000','2023-01-25 07:06:42.000000','2023-01-25 07:06:42'),
(100,'Alnuor 2',99,'uygfrdmn','kuwait','kuwait','78459',NULL,'farwaniya st4 b15 h 45','2022-10-25 12:57:30.000000','2023-01-25 07:08:46.000000','2023-01-25 07:08:46'),
(101,'Alnuor 3',100,'ikjhuy','kuwait','kuwait','7485369',NULL,'kuwait city st 5 h 77','2022-10-25 13:03:56.000000','2023-01-25 07:17:08.000000','2023-01-25 07:17:08'),
(102,'Alaa',101,'sjkdhfksdjfh',NULL,'Salmiya','64987649',NULL,'Block 9 - Street 8 - Home 21','2022-10-25 13:08:14.000000','2023-01-30 07:15:24.000000','2023-01-30 07:15:24'),
(103,'Aomr',102,';loibvgf','kwait','kwait','4875',NULL,'kuwait st 15 h 95','2022-10-25 13:09:18.000000','2023-01-25 07:06:42.000000','2023-01-25 07:06:42'),
(104,'Nour',103,'kjsdhskfjgh',NULL,'Doha','65497896',NULL,'Block 6 - Street 8 - Home 66','2022-10-25 13:12:14.000000','2023-01-30 07:15:24.000000','2023-01-30 07:15:24'),
(105,'Hamed',104,'ldjfsldfjl',NULL,'Al -andlos','64654664',NULL,'Block 9 - Street 5 - Home 23','2022-10-25 13:13:19.000000','2023-01-30 07:15:24.000000','2023-01-30 07:15:24'),
(106,'Fasil',105,'kjdhuyriey',NULL,'Salmiya','6546496',NULL,'Block 5 - Street 8 - Home 44','2022-10-25 13:14:43.000000','2023-01-25 07:14:25.000000','2023-01-25 07:14:25'),
(107,'Tarek',106,'jhgfkjhdfkj',NULL,'Hawally','46465497',NULL,'Block 8 - Street 2 - Home 44','2022-10-25 13:15:43.000000','2023-01-25 07:06:42.000000','2023-01-25 07:06:42'),
(108,'Karim',107,'sldkjlkdfgj',NULL,'Farawaniya','645649876',NULL,'Block 4 - street 9 - Home 8','2022-10-25 13:22:15.000000','2023-01-25 07:13:14.000000','2023-01-25 07:13:14'),
(109,'Amr',108,'kjsdhffghfksjdfh',NULL,'Salmiya','654649876',NULL,'Block 5 - Street 9 - home 5','2022-10-25 13:23:18.000000','2023-01-25 07:14:25.000000','2023-01-25 07:14:25'),
(110,'Kamal',109,'lkjhgkldfhgkjdh',NULL,'Fahaheel','464564976',NULL,'Block 8 - Street 21 - home 12','2022-10-25 13:25:19.000000','2023-01-25 07:06:42.000000','2023-01-25 07:06:42'),
(111,'Ramy',110,'kdfjhgdkfjghdkfj',NULL,'Salmiya','654987646',NULL,'Block 45 - Street 8 - Home 24','2022-10-25 13:26:37.000000','2023-01-25 07:15:51.000000','2023-01-25 07:15:51'),
(112,'Aomr 2',111,'uytrefgd',NULL,'kuwait','745892',NULL,NULL,'2022-10-25 13:28:04.000000','2023-01-25 07:08:46.000000','2023-01-25 07:08:46'),
(113,'Yasser',112,'jkdfhgkdjfghkfghq',NULL,'Hawally','654987646',NULL,'Block 4 - Street 6 - Home 78','2022-10-25 13:28:11.000000','2023-01-25 07:15:51.000000','2023-01-25 07:15:51'),
(114,'Khalil',113,'kldjfghkjfhgkj',NULL,'AL - Mangif','98798764',NULL,'Block 4 - Street 9 - Home 78','2022-10-25 13:29:50.000000','2023-01-30 07:15:24.000000','2023-01-30 07:15:24'),
(115,'ALi',114,'jfgbdjfgjjj',NULL,'Farawaniya','46549876',NULL,'Block 5 - Street 8 - Home 23','2022-10-25 13:31:17.000000','2023-01-25 07:06:42.000000','2023-01-25 07:06:42'),
(116,'sandem',115,'ijuhyg','kuwait','kuwait','85749',NULL,'farwiya st 15 b 15','2022-10-25 13:32:40.000000','2023-01-25 07:17:47.000000','2023-01-25 07:17:47'),
(117,'Galal',116,'jdfghdjkfk',NULL,'Salwa','98764599',NULL,'Block 9 - Street 7 - Home 44','2022-10-25 13:33:02.000000','2023-01-30 07:15:24.000000','2023-01-30 07:15:24'),
(118,'Hanfy',117,'kjfhgkdjfgk',NULL,'Hawally','79798464',NULL,'Block 7 - Street 9 - Home 66','2022-10-25 13:34:58.000000','2023-01-30 07:15:24.000000','2023-01-30 07:15:24'),
(119,'jaems',118,'jituygh','kuwait','kuwait','45823',NULL,'salmiya st4 b 20 h 53','2022-10-25 13:36:44.000000','2023-01-25 07:06:42.000000','2023-01-25 07:06:42'),
(120,'Halal',119,'jdghdjfghdjkf',NULL,'Ardiya','46549797',NULL,'Block 9 - Street 5 - Home 12','2022-10-25 13:36:47.000000','2023-01-25 07:06:42.000000','2023-01-25 07:06:42'),
(121,'Moha',120,'jdghdfjhdjfh',NULL,'Salmiya','97894649',NULL,'Block 5 - Street 8 - Home 55','2022-10-25 13:39:06.000000','2023-01-30 07:15:24.000000','2023-01-30 07:15:24'),
(122,'Nasif',121,'kdjfhgkjdfhg',NULL,'Hawally','465498796',NULL,'Block 5 - Street 9 - Home 77','2022-10-25 13:40:32.000000','2023-01-25 07:06:42.000000','2023-01-25 07:06:42'),
(123,'morun',122,'hgfrtd','kuwait','kuwait','748521',NULL,'jabriya st 7  b 15 h 32','2022-10-25 13:41:38.000000','2023-01-25 07:11:44.000000','2023-01-25 07:11:44'),
(124,'Sayed',123,'jkdfhgkdjfhg',NULL,'Samliya','98794649',NULL,'Block 5 - Street 9 - Home 12','2022-10-25 13:43:49.000000','2023-01-30 07:15:24.000000','2023-01-30 07:15:24'),
(125,'Eisam',124,'kjuhygto','kuwait','kuwait','748512',NULL,'kuwait city st19 h 33','2022-10-25 13:46:54.000000','2023-01-25 07:11:44.000000','2023-01-25 07:11:44'),
(126,'Bassam',125,'ytrfguj','kuwait','kuwait','41785',NULL,'howly st14 b9','2022-10-25 13:52:22.000000','2023-01-25 07:06:42.000000','2023-01-25 07:06:42'),
(127,'Hazem',126,'kjfhgkfjgh',NULL,'Salwa','98794649',NULL,'Block 5 - Street 8 - Home 4','2022-10-25 13:52:33.000000','2023-01-30 07:15:24.000000','2023-01-30 07:15:24'),
(128,'Anwar',127,'yhgtrf','kuwait','kuwait','742598',NULL,'farwaniya st 5 b 9','2022-10-25 13:56:25.000000','2023-01-25 07:08:46.000000','2023-01-25 07:08:46'),
(129,'waleed',128,'ujeydghfr','kuwait','kuwait','41257',NULL,'salmiya st 11 b 13','2022-10-25 14:00:04.000000','2023-01-25 07:06:42.000000','2023-01-25 07:06:42'),
(130,'salma',129,'kjhhgs','kuwait','kuwait','745896',NULL,'jabriya st 16 b 9','2022-10-25 14:04:41.000000','2023-01-25 07:08:46.000000','2023-01-25 07:08:46'),
(131,'zain',130,'jkfhgdjkfgh',NULL,'Salmiya','43649797',NULL,'Block 6 - Street 4 - Home 44','2022-10-25 14:05:19.000000','2023-01-25 07:06:42.000000','2023-01-25 07:06:42'),
(132,'bushary',131,'uytghvf','kuwait','kuwait','745896',NULL,'kuwait city st5 h 55','2022-10-25 14:08:08.000000','2023-01-25 07:08:46.000000','2023-01-25 07:08:46'),
(133,'Nasir',132,'hgytuj','kuwait','kuwait','74521',NULL,'jabriya st 58 b 44','2022-10-25 14:13:09.000000','2023-01-25 07:08:46.000000','2023-01-25 07:08:46'),
(134,'hjuyhgf',133,'yutwds','kuwait','kuwait','45218',NULL,'farwaniya st11 b45','2022-10-25 14:40:22.000000','2023-01-25 07:06:42.000000','2023-01-25 07:06:42'),
(135,'Khaled 3',134,'ikjhhsgaf',NULL,'kuwait','74125',NULL,'salmiya st 5 b 9','2022-10-25 14:45:20.000000','2023-01-25 07:08:46.000000','2023-01-25 07:08:46'),
(136,'Munor',135,'jhgfd',NULL,'kuwait','754896',NULL,'kuwait city st 45 h 32','2022-10-25 15:06:33.000000','2023-01-25 07:11:44.000000','2023-01-25 07:11:44'),
(137,'khaled 4',136,'djhfbc','kuwait','kuwait','52416',NULL,'jabriya st 78 h9','2022-10-25 15:09:47.000000','2023-01-25 07:08:46.000000','2023-01-25 07:08:46'),
(138,'Kaled5',137,'[;loikju','kuwait','الفراونيه','hgtyuj',NULL,'jabriya st 76 h55','2022-10-25 15:18:38.000000','2023-01-25 07:08:46.000000','2023-01-25 07:08:46'),
(139,'hassan hassan',138,'oijhytg','kuwait','kuwait','87987654',NULL,'kuwait city st 74 h 7875','2022-10-25 15:24:54.000000','2023-01-30 07:15:24.000000','2023-01-30 07:15:24'),
(140,'farah',139,'][;ploik','kuwait','kuwait','78542',NULL,'jabriya st 5 h5','2022-10-25 15:36:16.000000','2023-01-25 07:08:46.000000','2023-01-25 07:08:46'),
(141,'farah 7',140,';loikju','kuwait','kuwait','5789456',NULL,'howly st 11 b7','2022-10-25 15:42:27.000000','2023-01-25 07:14:25.000000','2023-01-25 07:14:25'),
(142,'Farah 5',141,'kjiuyhtg','kuwait','kuwait','785485',NULL,'farwaniya st 11 b 9','2022-10-25 15:48:34.000000','2023-01-25 07:11:44.000000','2023-01-25 07:11:44'),
(143,'farah 8',142,'ujjhytgfr','kuwait','kuwait','875912',NULL,'kuwait city st 7 h755','2022-10-25 15:56:16.000000','2023-01-25 07:17:47.000000','2023-01-25 07:17:47'),
(144,'mohamed',143,'sadadasd',NULL,'salmiya','96766546',NULL,'Block 2 - Street 3 - Home 4','2022-10-30 08:17:44.000000','2023-01-30 07:15:24.000000','2023-01-30 07:15:24'),
(145,'khald 55',144,'hjkgkhiyutjrnfg','kuwait','kuwait','758462',NULL,'kuwait city st 9 b 7 h 54','2022-10-30 08:31:16.000000','2023-01-25 07:11:44.000000','2023-01-25 07:11:44'),
(146,'farah 70',145,'iukhjggfn','kuwait','kuwait','5489676',NULL,'salmya st 5 b9 h11','2022-10-30 08:37:03.000000','2023-01-25 07:08:46.000000','2023-01-25 07:08:46'),
(147,'shafiq',146,'yjhgjgj',NULL,'Hawally','96794064',NULL,'Block 6 - Street 4 - Home 21','2022-10-30 11:54:51.000000','2023-01-30 07:15:24.000000','2023-01-30 07:15:24'),
(148,'nor',147,'ikjuyhgyt','kuwait','kuwait','58967845',NULL,'kuwait city st5 b 9 h59','2022-10-31 11:45:16.000000','2023-01-30 07:15:24.000000','2023-01-30 07:15:24'),
(149,'sasha',148,'kdjfgh',NULL,NULL,'96763164',NULL,NULL,'2022-10-31 11:52:46.000000','2023-01-30 07:15:24.000000','2023-01-30 07:15:24'),
(150,'nor 5',149,'uytyhujj','kuwait','kuwait','698574',NULL,'kwait city st 78  b 11 h55','2022-10-31 11:55:11.000000','2023-01-25 07:00:54.000000','2023-01-25 07:00:54'),
(151,'saad',150,'kjiyujj','kuwait','kuwait','523654',NULL,'faroniy st 11 b 5','2022-10-31 12:14:56.000000','2023-01-25 07:00:54.000000','2023-01-25 07:00:54'),
(152,'saad 5',151,'iyujkhm','kuwait','kuwait','7896542',NULL,'salmiya st 4 b 9 h23','2022-10-31 12:19:06.000000','2023-01-25 07:00:54.000000','2023-01-25 07:00:54'),
(153,'saad 5',151,'iyujkhm','kuwait','kuwait','7896542',NULL,'salmiya st 4 b 9 h23','2022-10-31 12:19:06.000000','2023-01-25 07:00:54.000000','2023-01-25 07:00:54'),
(154,'saad 4',152,'[;polki','kuwait','kuwait','74156',NULL,'jabriya st54 b 34','2022-10-31 12:21:44.000000','2023-01-25 07:00:54.000000','2023-01-25 07:00:54'),
(155,'saad 7',153,'857498','kuwait','kuwait','7896582',NULL,'hauly st 7 b23 b 9','2022-10-31 12:25:00.000000','2023-01-25 07:00:54.000000','2023-01-25 07:00:54'),
(156,'Jony',154,'olikopjh','kuwait','Kuwait','7896598',NULL,'Jabriya st 15 h 15','2022-10-31 12:30:11.000000','2023-01-25 07:19:03.000000','2023-01-25 07:19:03'),
(157,'الاستاذ عبدالرحمن',155,'yolkmjh','الكويت','الكويت','8547962',NULL,'الكويت - الجابريه  ش5  ق7  م11','2022-11-07 11:10:48.000000','2023-01-25 07:19:03.000000','2023-01-25 07:19:03'),
(158,'salama ahmed',156,'hsghdsgdhs',NULL,'salmiya','69766978',NULL,'Block 4 - Street 5 - Home 4','2022-11-07 12:17:50.000000','2023-01-30 07:15:24.000000','2023-01-30 07:15:24'),
(159,'FARH $',157,';LSADSJAIUYQWIUEHFNV','KUWAIT','KUWIT','546983',NULL,'KUWIT CITY ST 5 B 45 H 23','2022-11-13 10:23:03.000000','2023-01-25 07:08:46.000000','2023-01-25 07:08:46'),
(160,'HASSAN $',158,'PLASGFJ','KUWAIT','KUWAIT','1236589',NULL,'KUWAIT HWOLY B 5 SIT 7 B 25','2022-11-13 10:28:50.000000','2023-01-25 07:06:42.000000','2023-01-25 07:06:42'),
(161,'TRY',159,'UTJGHIGKFMVBM','KUWAIT','KUWAIT','587654',NULL,'KUWIT CITY  ST5 B5 H27','2022-11-13 10:34:56.000000','2023-01-25 07:11:44.000000','2023-01-25 07:11:44'),
(162,'ahmed',160,'lksdjld',NULL,'hawally','644946',NULL,NULL,'2022-11-17 13:43:25.000000','2023-01-25 07:11:44.000000','2023-01-25 07:11:44'),
(163,'shady',161,'lklaskdjflksdjf',NULL,'Jabriya','55664466',NULL,'Street 5 - Block 5 - Home 2','2023-01-05 10:27:44.000000','2023-01-25 07:10:02.000000','2023-01-25 07:10:02'),
(164,'as',162,'','safd','sdf','123','123',NULL,'2023-01-16 08:57:36.000000','2023-01-25 07:06:42.000000','2023-01-25 07:06:42'),
(165,'فهد المطيري',163,NULL,NULL,NULL,'55567321',NULL,NULL,'2023-01-23 07:29:25.000000','2023-01-30 07:15:24.000000','2023-01-30 07:15:24'),
(166,'حازم فرصاص',164,NULL,NULL,NULL,'66879646',NULL,NULL,'2023-01-23 08:20:09.000000','2023-01-30 07:15:24.000000','2023-01-30 07:15:24'),
(167,'mallay',165,NULL,NULL,NULL,'96979774',NULL,NULL,'2023-01-24 15:25:26.000000','2023-01-24 15:25:26.000000',NULL),
(168,'Agba Almutari',166,NULL,NULL,NULL,'99666760',NULL,'Kefan - Block 5 - Home 3','2023-01-24 16:30:12.000000','2023-01-25 08:51:15.000000',NULL),
(169,'Sanaa El alyian',167,NULL,NULL,NULL,'97447777',NULL,'Kefan - Block 5 - Home 3','2023-01-24 16:34:41.000000','2023-01-25 08:51:01.000000',NULL),
(170,'Ziad Serkis',168,NULL,NULL,NULL,'90052227',NULL,NULL,'2023-01-24 16:50:41.000000','2023-01-24 16:50:41.000000',NULL),
(171,'Hamed El sarraf',169,NULL,NULL,NULL,'50556665',NULL,NULL,'2023-01-24 16:53:29.000000','2023-01-24 16:53:29.000000',NULL),
(172,'Khaled fayroz',170,NULL,NULL,NULL,'99110898',NULL,NULL,'2023-01-24 18:24:51.000000','2023-01-24 18:24:51.000000',NULL),
(173,'Yousef elsomasy',171,NULL,NULL,NULL,'96022255',NULL,NULL,'2023-01-24 18:50:44.000000','2023-01-24 18:50:44.000000',NULL),
(174,'Abeer elnasf',172,NULL,NULL,NULL,'9973335',NULL,'Dahia Abdullah al Salem - block 3- bin Abbas st - house no. 5','2023-01-25 07:44:44.000000','2023-01-25 08:50:46.000000',NULL),
(175,'Ahmed elmanawer',173,NULL,NULL,NULL,'99048855',NULL,'Salmiya - layla gallery AM Design studio','2023-01-25 09:03:40.000000','2023-01-25 09:08:29.000000',NULL),
(176,'Fleg elfleg',174,NULL,NULL,NULL,'99995505',NULL,NULL,'2023-01-25 09:27:09.000000','2023-01-25 09:27:09.000000',NULL),
(177,'Abdulla Elatiqi',175,NULL,NULL,NULL,'99496604',NULL,NULL,'2023-01-25 09:56:58.000000','2023-01-25 09:56:58.000000',NULL),
(178,'Ahmed elmanawer',176,NULL,NULL,NULL,'99048855',NULL,'masherf - block 2 -street 5 - home 5','2023-01-25 10:04:37.000000','2023-01-25 10:04:37.000000',NULL),
(179,'Rana elsbaie',177,NULL,NULL,NULL,'99734221',NULL,NULL,'2023-01-25 10:07:42.000000','2023-01-25 10:07:42.000000',NULL),
(180,'Ahmed elaomy',178,NULL,NULL,NULL,'99713991',NULL,NULL,'2023-01-25 10:22:44.000000','2023-01-25 10:22:44.000000',NULL),
(181,'Nadia El yousifi',179,NULL,NULL,NULL,'97775733',NULL,NULL,'2023-01-25 13:01:59.000000','2023-01-25 13:01:59.000000',NULL),
(182,'Mona alshetan',180,NULL,NULL,NULL,'97229962',NULL,NULL,'2023-01-25 13:55:31.000000','2023-01-25 13:55:31.000000',NULL),
(183,'Entsar elasadi',181,NULL,NULL,NULL,'67000060',NULL,NULL,'2023-01-25 13:58:21.000000','2023-01-25 13:58:21.000000',NULL),
(184,'Shahed elaradi',182,NULL,NULL,NULL,'67000060',NULL,NULL,'2023-01-25 14:00:13.000000','2023-01-25 14:00:13.000000',NULL),
(185,'Fatma elshakhs',183,NULL,NULL,NULL,'66655566',NULL,NULL,'2023-01-25 14:36:46.000000','2023-01-26 08:37:53.000000',NULL),
(186,'Tarek almutari',184,NULL,NULL,NULL,'97232028',NULL,NULL,'2023-01-25 15:01:18.000000','2023-01-25 15:01:18.000000',NULL),
(187,'Fagr',185,NULL,NULL,NULL,'99680300',NULL,NULL,'2023-01-25 15:18:47.000000','2023-01-25 15:18:47.000000',NULL),
(188,'Khalda alomran',186,NULL,NULL,NULL,'99108106',NULL,NULL,'2023-01-25 15:36:33.000000','2023-01-25 15:36:33.000000',NULL),
(189,'Latifa',187,NULL,NULL,NULL,'60004560',NULL,NULL,'2023-01-25 16:16:16.000000','2023-01-25 16:16:16.000000',NULL),
(190,'Mona badr',188,NULL,NULL,NULL,'97988500',NULL,NULL,'2023-01-25 16:24:04.000000','2023-01-25 16:24:04.000000',NULL),
(191,'Fasial',189,NULL,NULL,NULL,'60000286',NULL,NULL,'2023-01-25 17:20:32.000000','2023-01-25 17:38:51.000000',NULL),
(192,'hussein Eleryin',190,NULL,NULL,NULL,'99739735',NULL,NULL,'2023-01-26 08:17:30.000000','2023-01-26 08:17:30.000000',NULL),
(193,'Hossam El rashid',191,NULL,NULL,NULL,'99825644',NULL,NULL,'2023-01-26 08:21:30.000000','2023-01-26 08:21:30.000000',NULL),
(194,'Latifa El galaf',192,NULL,NULL,NULL,'99869390',NULL,NULL,'2023-01-26 08:28:11.000000','2023-01-26 08:28:11.000000',NULL),
(195,'Rashed fahad',193,NULL,NULL,NULL,'99666883',NULL,NULL,'2023-01-26 09:37:15.000000','2023-01-26 09:37:15.000000',NULL),
(196,'Khaled alansari',194,NULL,NULL,NULL,'99881120',NULL,NULL,'2023-01-26 10:01:26.000000','2023-01-26 10:01:26.000000',NULL),
(197,'Khaled alansari',194,NULL,NULL,NULL,'99881120',NULL,NULL,'2023-01-26 10:01:26.000000','2023-01-26 10:01:26.000000',NULL),
(198,'Heba Elhajri',195,NULL,NULL,NULL,'99435998',NULL,NULL,'2023-01-26 10:54:15.000000','2023-01-26 10:54:15.000000',NULL),
(199,'Raghad El ghada',196,NULL,NULL,NULL,'99100439',NULL,NULL,'2023-01-26 11:13:23.000000','2023-01-26 11:13:23.000000',NULL),
(200,'Sherifa Alfarah',197,NULL,NULL,NULL,'97666573',NULL,NULL,'2023-01-26 12:42:07.000000','2023-01-26 12:42:07.000000',NULL),
(201,'Freda alawadi',198,NULL,NULL,NULL,'55996969',NULL,NULL,'2023-01-26 13:28:05.000000','2023-01-26 13:28:05.000000',NULL),
(202,'Abdulla Al saab',199,NULL,NULL,NULL,'96666982',NULL,NULL,'2023-01-26 14:09:12.000000','2023-01-26 14:09:12.000000',NULL),
(203,'Abdulla El khamesen',200,NULL,NULL,NULL,'60661662',NULL,NULL,'2023-01-26 14:31:56.000000','2023-01-26 14:37:06.000000',NULL),
(204,'Ibrahim',201,NULL,NULL,NULL,'99011313',NULL,NULL,'2023-01-26 16:29:41.000000','2023-01-26 16:29:41.000000',NULL),
(205,'Mohamed El atebie',202,NULL,NULL,NULL,'69699997',NULL,NULL,'2023-01-26 16:38:57.000000','2023-01-26 16:38:57.000000',NULL),
(206,'Haya El atebi',203,NULL,NULL,NULL,'60036696',NULL,NULL,'2023-01-26 16:54:02.000000','2023-01-26 16:54:02.000000',NULL),
(207,'Mohammed El bloshi',204,NULL,NULL,NULL,'50555745',NULL,NULL,'2023-01-26 17:10:56.000000','2023-01-26 17:10:56.000000',NULL),
(208,'Hassan El saraaf',205,NULL,NULL,NULL,'91111219',NULL,NULL,'2023-01-26 17:24:47.000000','2023-01-26 17:24:47.000000',NULL),
(209,'Abrar Mohammed',206,NULL,NULL,NULL,'97245555',NULL,NULL,'2023-01-26 17:32:14.000000','2023-01-26 17:32:14.000000',NULL),
(210,'Laila Al asemi',207,NULL,NULL,NULL,'67777211',NULL,NULL,'2023-01-26 17:39:05.000000','2023-01-26 17:39:05.000000',NULL),
(211,'Moddy Almutari',208,NULL,NULL,NULL,'55948988',NULL,NULL,'2023-01-26 17:56:00.000000','2023-01-26 17:56:00.000000',NULL),
(212,'Amo alyehia',209,NULL,NULL,NULL,'99714554',NULL,NULL,'2023-01-26 18:31:16.000000','2023-01-26 18:31:16.000000',NULL),
(213,'Hesa Al Salim',210,NULL,NULL,NULL,'97888897',NULL,NULL,'2023-01-27 09:15:38.000000','2023-01-27 09:15:38.000000',NULL),
(214,'Hesa Al Salim',210,NULL,NULL,NULL,'97888897',NULL,NULL,'2023-01-27 09:15:38.000000','2023-01-27 09:15:38.000000',NULL),
(215,'Reem Al asad',211,NULL,NULL,NULL,'99898228',NULL,NULL,'2023-01-27 10:40:38.000000','2023-01-27 10:40:38.000000',NULL),
(216,'Fatma El hadad',212,NULL,NULL,NULL,'99931925',NULL,NULL,'2023-01-27 13:23:44.000000','2023-01-27 13:23:44.000000',NULL),
(217,'Maalai El ansari',213,NULL,NULL,NULL,'99874553',NULL,NULL,'2023-01-27 13:48:08.000000','2023-01-27 13:48:08.000000',NULL),
(218,'Farah Al sadhan',214,NULL,NULL,NULL,'99055591',NULL,NULL,'2023-01-27 14:48:11.000000','2023-01-27 14:48:11.000000',NULL),
(219,'Monira Al fawaz',215,NULL,NULL,NULL,'99577792',NULL,NULL,'2023-01-27 14:59:45.000000','2023-01-27 14:59:45.000000',NULL),
(220,'Naser El holy',216,NULL,NULL,NULL,'97111004',NULL,NULL,'2023-01-27 15:22:13.000000','2023-01-27 15:22:13.000000',NULL),
(221,'Mashari Alaradi',217,NULL,NULL,NULL,'98980990',NULL,NULL,'2023-01-27 15:35:01.000000','2023-01-27 15:35:01.000000',NULL),
(222,'Ahmed Alaradi',218,NULL,NULL,NULL,'66666019',NULL,NULL,'2023-01-27 16:14:24.000000','2023-01-27 16:14:24.000000',NULL),
(223,'Anmaar Elfehad',219,NULL,NULL,NULL,'90972890',NULL,NULL,'2023-01-27 16:17:29.000000','2023-01-27 16:17:29.000000',NULL),
(224,'Hamed Elmazini',220,NULL,NULL,NULL,'67666444',NULL,NULL,'2023-01-27 16:24:12.000000','2023-01-27 16:24:12.000000',NULL),
(225,'Ali hamed',221,NULL,NULL,NULL,'97716077',NULL,NULL,'2023-01-27 16:26:47.000000','2023-01-27 16:26:47.000000',NULL),
(226,'Hassan Al mesri',222,NULL,NULL,NULL,'66364880',NULL,NULL,'2023-01-27 16:29:34.000000','2023-01-27 16:29:34.000000',NULL),
(227,'Abdulaziz El sabeh',223,NULL,NULL,NULL,'97555314',NULL,NULL,'2023-01-27 17:21:50.000000','2023-01-27 17:21:50.000000',NULL),
(228,'Fatma Marafi',224,NULL,NULL,NULL,'66082002',NULL,NULL,'2023-01-27 17:24:11.000000','2023-01-27 17:24:11.000000',NULL),
(229,'Ahmed saoud',225,NULL,NULL,NULL,'99820005',NULL,NULL,'2023-01-27 17:32:33.000000','2023-01-27 17:32:33.000000',NULL),
(230,'Romana Al ali',226,NULL,NULL,NULL,'98833344',NULL,NULL,'2023-01-27 17:47:56.000000','2023-01-27 17:47:56.000000',NULL),
(231,'Gomana Al ali',227,NULL,NULL,NULL,'98833344',NULL,NULL,'2023-01-27 17:48:43.000000','2023-01-27 17:48:43.000000',NULL),
(232,'Mona Al mansori',228,NULL,NULL,NULL,'99444331',NULL,NULL,'2023-01-27 17:51:06.000000','2023-01-27 17:51:06.000000',NULL),
(233,'Haya Al radwan',229,NULL,NULL,NULL,'99775744',NULL,NULL,'2023-01-27 18:10:23.000000','2023-01-27 18:10:23.000000',NULL),
(234,'Fatma alterkit',230,NULL,NULL,NULL,'97262252',NULL,NULL,'2023-01-27 18:50:21.000000','2023-01-27 18:50:21.000000',NULL),
(235,'Rana Al sayed',231,NULL,NULL,NULL,'90999888',NULL,'Masyila -Block 6 - street 31 - Amal villa - villa fayed','2023-01-28 08:21:41.000000','2023-01-28 08:21:41.000000',NULL),
(236,'Huda Elawady',232,NULL,NULL,NULL,'96608618',NULL,NULL,'2023-01-28 09:08:00.000000','2023-01-28 09:08:00.000000',NULL),
(237,'Hamad Alqauod',233,NULL,NULL,NULL,'99991159',NULL,NULL,'2023-01-28 09:41:46.000000','2023-01-28 09:41:46.000000',NULL),
(238,'Kholoud El shihab',234,NULL,NULL,NULL,'99832550',NULL,NULL,'2023-01-28 10:36:33.000000','2023-01-28 10:36:33.000000',NULL),
(239,'Shorouq Elnasef',235,NULL,NULL,NULL,'66060700',NULL,NULL,'2023-01-28 10:38:07.000000','2023-01-28 10:38:07.000000',NULL),
(240,'Khalda AL omran',236,NULL,NULL,NULL,'99108106',NULL,NULL,'2023-01-28 11:29:40.000000','2023-01-28 11:29:40.000000',NULL),
(241,'Osama Elfaleh',237,NULL,NULL,NULL,'99665044',NULL,NULL,'2023-01-28 12:33:00.000000','2023-01-28 12:33:00.000000',NULL),
(242,'Osama Elfaleh',238,NULL,NULL,NULL,'99665044',NULL,NULL,'2023-01-28 12:34:18.000000','2023-01-28 12:34:18.000000',NULL),
(243,'Osama Elfaleh',239,NULL,NULL,NULL,'99665044',NULL,NULL,'2023-01-28 12:34:18.000000','2023-01-28 12:34:18.000000',NULL),
(244,'Afaf mohasen',240,NULL,NULL,NULL,'66642745',NULL,NULL,'2023-01-28 13:05:54.000000','2023-01-28 13:05:54.000000',NULL),
(245,'Marwa Elsarei',241,NULL,NULL,NULL,'66583000',NULL,NULL,'2023-01-28 13:17:53.000000','2023-01-28 13:17:53.000000',NULL),
(246,'Yasmin shahen',242,NULL,NULL,NULL,'94000002',NULL,NULL,'2023-01-28 13:37:34.000000','2023-01-28 13:37:34.000000',NULL),
(247,'Nour Elsabah',243,NULL,NULL,NULL,'66888866',NULL,NULL,'2023-01-28 13:39:29.000000','2023-01-28 13:39:29.000000',NULL),
(248,'Om abdalla',244,NULL,NULL,NULL,'99576002',NULL,NULL,'2023-01-28 13:54:47.000000','2023-01-28 13:54:47.000000',NULL),
(249,'Najelaa',245,NULL,NULL,NULL,'97128717',NULL,NULL,'2023-01-28 14:32:51.000000','2023-01-28 14:32:51.000000',NULL),
(250,'Mai Alarada',246,NULL,NULL,NULL,'99332553',NULL,NULL,'2023-01-28 15:18:36.000000','2023-01-28 15:18:36.000000',NULL),
(251,'Abrar alroumi',247,NULL,NULL,NULL,'99883465',NULL,NULL,'2023-01-28 15:37:36.000000','2023-01-28 15:37:36.000000',NULL),
(252,'Mohamed ashkanani',248,NULL,NULL,NULL,'66655594',NULL,NULL,'2023-01-28 15:55:25.000000','2023-01-28 15:55:25.000000',NULL),
(253,'Abir almutairi',249,NULL,NULL,NULL,'66098515',NULL,NULL,'2023-01-28 15:57:27.000000','2023-01-28 15:57:27.000000',NULL),
(254,'Nasr alsaab',250,NULL,NULL,NULL,'66077007',NULL,NULL,'2023-01-28 16:27:15.000000','2023-01-28 16:27:15.000000',NULL),
(255,'Amani',251,NULL,NULL,NULL,'97507022',NULL,NULL,'2023-01-28 16:53:18.000000','2023-01-28 16:53:18.000000',NULL),
(256,'Falah almutari',252,NULL,NULL,NULL,'55564646',NULL,NULL,'2023-01-28 17:02:40.000000','2023-01-28 17:02:40.000000',NULL),
(257,'Jaber alaradi',253,NULL,NULL,NULL,'65000706',NULL,NULL,'2023-01-28 17:08:50.000000','2023-01-28 17:08:50.000000',NULL),
(258,'Fatma Alaradi',254,NULL,NULL,NULL,'55292217',NULL,NULL,'2023-01-28 17:47:42.000000','2023-01-28 17:47:42.000000',NULL),
(259,'Huda Elmadleg',255,NULL,NULL,NULL,'97824293',NULL,NULL,'2023-01-28 18:03:42.000000','2023-01-28 18:03:42.000000',NULL),
(260,'walk-in',256,NULL,NULL,NULL,NULL,NULL,NULL,'2023-01-30 06:55:23.000000','2023-01-30 06:55:23.000000',NULL),
(261,'Apex engineering',257,NULL,'Kuwait','Sharq','55548365',NULL,NULL,'2023-02-02 07:12:50.000000','2023-02-02 07:12:50.000000',NULL),
(262,'Nine rate',258,NULL,NULL,NULL,'55733212',NULL,NULL,'2023-02-02 08:13:58.000000','2023-02-02 08:13:58.000000',NULL),
(263,'Nine rate',259,NULL,NULL,NULL,'55733212',NULL,NULL,'2023-02-02 08:13:58.000000','2023-02-02 08:13:58.000000',NULL),
(264,'fatma Elfalah',260,NULL,NULL,NULL,'97771944',NULL,'Elyarmook - Block 4 - Street 3 - Home 5','2023-02-12 06:47:08.000000','2023-02-12 06:47:08.000000',NULL),
(265,'Ahmad adowaisn',261,NULL,NULL,NULL,'90094053',NULL,NULL,'2023-02-13 08:25:37.000000','2023-02-13 08:25:37.000000',NULL),
(266,'Sadeeka naser',262,NULL,NULL,NULL,'97999078',NULL,NULL,'2023-02-13 13:24:55.000000','2023-02-13 13:24:55.000000',NULL),
(267,'Ayisha Elbadr',263,NULL,NULL,NULL,'94931111',NULL,NULL,'2023-02-21 11:33:54.000000','2023-02-21 11:33:54.000000',NULL),
(268,'dalia Elosman',264,NULL,NULL,NULL,'94964934',NULL,NULL,'2023-03-02 09:45:01.000000','2023-03-02 09:45:01.000000',NULL),
(269,'Raad Elsafy',265,NULL,NULL,NULL,'90992244',NULL,NULL,'2023-03-02 10:22:22.000000','2023-03-02 10:22:22.000000',NULL),
(270,'Fajer Alaiban',266,NULL,NULL,NULL,'99976971',NULL,'Surra - Block 3 -Street 12 - House 1','2023-03-03 13:20:37.000000','2023-03-03 13:20:37.000000',NULL),
(271,'Najla Al-Nuaimi',267,NULL,'Qatar','Umm Salal','+97431130010',NULL,'Qatar - Umm Salal - Zone 71 - Street 201 - House 80','2023-03-03 13:33:38.000000','2023-03-03 13:33:38.000000',NULL),
(272,'Mubarak Burslee',268,NULL,NULL,NULL,'97777227',NULL,NULL,'2023-03-03 14:30:17.000000','2023-03-03 14:30:17.000000',NULL),
(273,'Nasser',269,NULL,NULL,NULL,'097455550803',NULL,NULL,'2023-03-04 17:29:16.000000','2023-03-04 17:29:16.000000',NULL),
(274,'Abdulla El-salem',270,NULL,NULL,NULL,'99002055',NULL,NULL,'2023-03-06 09:00:09.000000','2023-03-06 09:00:09.000000',NULL),
(275,'Rashed kakuli',271,NULL,NULL,NULL,'66554442',NULL,NULL,'2023-03-06 16:54:57.000000','2023-03-06 16:54:57.000000',NULL),
(276,'Nouf Abdelrahman',272,NULL,NULL,NULL,'97781850',NULL,NULL,'2023-03-07 10:52:37.000000','2023-03-07 10:52:37.000000',NULL),
(277,'Manal Alasousi',273,NULL,NULL,NULL,'97330525',NULL,NULL,'2023-03-07 11:46:37.000000','2023-03-07 11:46:37.000000',NULL),
(278,'Mohamed ibrahim',274,NULL,NULL,NULL,'95559111',NULL,NULL,'2023-03-08 09:18:52.000000','2023-03-08 09:18:52.000000',NULL),
(279,'Mizon',275,NULL,NULL,NULL,'55211888',NULL,NULL,'2023-03-09 14:17:37.000000','2023-03-09 14:17:37.000000',NULL),
(280,'Noria Elroomy',276,NULL,NULL,NULL,'99272223',NULL,NULL,'2023-03-10 13:19:14.000000','2023-03-10 13:19:14.000000',NULL),
(281,'Bashayr',277,NULL,NULL,NULL,'94444530',NULL,NULL,'2023-03-11 17:25:44.000000','2023-03-11 17:25:44.000000',NULL),
(282,'Mohamed El-rashide',278,NULL,NULL,NULL,'60306363',NULL,NULL,'2023-03-11 18:15:40.000000','2023-03-11 18:15:40.000000',NULL),
(283,'Ahmed El-manawer',279,NULL,NULL,NULL,'99048855',NULL,'Salmiya - Laila gallary - AM Design Studio','2023-03-12 12:20:00.000000','2023-03-12 12:20:00.000000',NULL);

/*Table structure for table `companies` */

DROP TABLE IF EXISTS `companies`;

CREATE TABLE `companies` (
  `id` int(11) NOT NULL AUTO_INCREMENT,
  `name` varchar(191) NOT NULL,
  `email` varchar(191) DEFAULT NULL,
  `phone` varchar(191) DEFAULT NULL,
  `country` varchar(191) DEFAULT NULL,
  `created_at` timestamp(6) NULL DEFAULT NULL,
  `updated_at` timestamp(6) NULL DEFAULT NULL,
  `deleted_at` timestamp NULL DEFAULT NULL,
  PRIMARY KEY (`id`)
) ENGINE=InnoDB AUTO_INCREMENT=2 DEFAULT CHARSET=utf8mb4;

/*Data for the table `companies` */

insert  into `companies`(`id`,`name`,`email`,`phone`,`country`,`created_at`,`updated_at`,`deleted_at`) values 
(1,'Cove','cove@coveinterior.com','965 2246 4414','Kuwait','2022-10-12 11:52:56.000000','2022-10-12 11:52:56.000000',NULL);

/*Table structure for table `currencies` */

DROP TABLE IF EXISTS `currencies`;

CREATE TABLE `currencies` (
  `id` int(11) NOT NULL AUTO_INCREMENT,
  `code` varchar(192) NOT NULL,
  `name` varchar(192) NOT NULL,
  `symbol` varchar(192) NOT NULL,
  `created_at` timestamp(6) NULL DEFAULT NULL,
  `updated_at` timestamp(6) NULL DEFAULT NULL,
  `deleted_at` timestamp NULL DEFAULT NULL,
  PRIMARY KEY (`id`)
) ENGINE=InnoDB AUTO_INCREMENT=2 DEFAULT CHARSET=utf8mb4;

/*Data for the table `currencies` */

insert  into `currencies`(`id`,`code`,`name`,`symbol`,`created_at`,`updated_at`,`deleted_at`) values 
(1,'KWD','Kuwait Dinnar','KD',NULL,'2022-09-28 08:48:04.000000',NULL);

/*Table structure for table `departments` */

DROP TABLE IF EXISTS `departments`;

CREATE TABLE `departments` (
  `id` int(11) NOT NULL AUTO_INCREMENT,
  `department` varchar(191) NOT NULL,
  `company_id` int(11) NOT NULL,
  `department_head` int(11) DEFAULT NULL,
  `created_at` timestamp(6) NULL DEFAULT NULL,
  `updated_at` timestamp(6) NULL DEFAULT NULL,
  `deleted_at` timestamp NULL DEFAULT NULL,
  PRIMARY KEY (`id`),
  KEY `department_company_id` (`company_id`),
  KEY `department_department_head` (`department_head`),
  CONSTRAINT `department_company_id` FOREIGN KEY (`company_id`) REFERENCES `companies` (`id`),
  CONSTRAINT `department_department_head` FOREIGN KEY (`department_head`) REFERENCES `employees` (`id`)
) ENGINE=InnoDB AUTO_INCREMENT=4 DEFAULT CHARSET=utf8mb4;

/*Data for the table `departments` */

insert  into `departments`(`id`,`department`,`company_id`,`department_head`,`created_at`,`updated_at`,`deleted_at`) values 
(1,'Sales',1,NULL,'2022-10-12 11:53:27.000000','2022-10-12 11:53:27.000000',NULL),
(2,'IT',1,NULL,'2022-10-12 11:56:58.000000','2022-10-12 11:56:58.000000',NULL),
(3,'Human Resource',1,NULL,'2022-10-12 11:57:53.000000','2022-10-12 11:57:53.000000',NULL);

/*Table structure for table `designations` */

DROP TABLE IF EXISTS `designations`;

CREATE TABLE `designations` (
  `id` int(11) NOT NULL AUTO_INCREMENT,
  `company_id` int(11) NOT NULL,
  `department_id` int(11) NOT NULL,
  `designation` varchar(192) NOT NULL,
  `created_at` timestamp(6) NULL DEFAULT NULL,
  `updated_at` timestamp(6) NULL DEFAULT NULL,
  `deleted_at` timestamp NULL DEFAULT NULL,
  PRIMARY KEY (`id`),
  KEY `designation_company_id` (`company_id`),
  KEY `designation_departement_id` (`department_id`),
  CONSTRAINT `designation_company_id` FOREIGN KEY (`company_id`) REFERENCES `companies` (`id`),
  CONSTRAINT `designation_departement_id` FOREIGN KEY (`department_id`) REFERENCES `departments` (`id`)
) ENGINE=InnoDB AUTO_INCREMENT=7 DEFAULT CHARSET=utf8mb4;

/*Data for the table `designations` */

insert  into `designations`(`id`,`company_id`,`department_id`,`designation`,`created_at`,`updated_at`,`deleted_at`) values 
(1,1,1,'Sales Representative','2022-10-12 11:58:33.000000','2022-10-12 11:58:33.000000',NULL),
(2,1,1,'Sales Manager','2022-10-12 11:58:49.000000','2022-10-12 11:58:49.000000',NULL),
(3,1,2,'IT Officer','2022-10-12 11:59:27.000000','2022-10-12 11:59:27.000000',NULL),
(4,1,2,'IT Manager','2022-10-12 11:59:44.000000','2022-10-12 11:59:44.000000',NULL),
(5,1,3,'HR Officer','2022-10-12 12:00:02.000000','2022-10-12 12:00:02.000000',NULL),
(6,1,3,'HR Manager','2022-10-12 12:00:15.000000','2022-10-12 12:00:15.000000',NULL);

/*Table structure for table `employee_accounts` */

DROP TABLE IF EXISTS `employee_accounts`;

CREATE TABLE `employee_accounts` (
  `id` int(11) NOT NULL AUTO_INCREMENT,
  `employee_id` int(11) NOT NULL,
  `bank_name` varchar(192) NOT NULL,
  `bank_branch` varchar(192) NOT NULL,
  `account_no` varchar(192) NOT NULL,
  `note` text DEFAULT NULL,
  `created_at` timestamp(6) NULL DEFAULT NULL,
  `updated_at` timestamp(6) NULL DEFAULT NULL,
  `deleted_at` timestamp NULL DEFAULT NULL,
  PRIMARY KEY (`id`),
  KEY `employee_accounts_employee_id` (`employee_id`),
  CONSTRAINT `employee_accounts_employee_id` FOREIGN KEY (`employee_id`) REFERENCES `employees` (`id`)
) ENGINE=InnoDB DEFAULT CHARSET=utf8mb4;

/*Data for the table `employee_accounts` */

/*Table structure for table `employee_experiences` */

DROP TABLE IF EXISTS `employee_experiences`;

CREATE TABLE `employee_experiences` (
  `id` int(11) NOT NULL AUTO_INCREMENT,
  `employee_id` int(11) NOT NULL,
  `title` varchar(192) NOT NULL,
  `company_name` varchar(192) NOT NULL,
  `location` varchar(192) DEFAULT NULL,
  `employment_type` varchar(192) NOT NULL,
  `start_date` date NOT NULL,
  `end_date` date NOT NULL,
  `description` text DEFAULT NULL,
  `created_at` timestamp(6) NULL DEFAULT NULL,
  `updated_at` timestamp(6) NULL DEFAULT NULL,
  `deleted_at` timestamp NULL DEFAULT NULL,
  PRIMARY KEY (`id`),
  KEY `employee_experience_employee_id` (`employee_id`),
  CONSTRAINT `employee_experience_employee_id` FOREIGN KEY (`employee_id`) REFERENCES `employees` (`id`)
) ENGINE=InnoDB DEFAULT CHARSET=utf8mb4;

/*Data for the table `employee_experiences` */

/*Table structure for table `employees` */

DROP TABLE IF EXISTS `employees`;

CREATE TABLE `employees` (
  `id` int(11) NOT NULL AUTO_INCREMENT,
  `firstname` varchar(192) NOT NULL,
  `lastname` varchar(192) NOT NULL,
  `username` varchar(191) NOT NULL,
  `email` varchar(192) DEFAULT NULL,
  `phone` varchar(192) DEFAULT NULL,
  `country` varchar(192) DEFAULT NULL,
  `city` varchar(192) DEFAULT NULL,
  `province` varchar(192) DEFAULT NULL,
  `zipcode` varchar(192) DEFAULT NULL,
  `address` varchar(192) DEFAULT NULL,
  `gender` varchar(192) NOT NULL,
  `resume` varchar(192) DEFAULT NULL,
  `avatar` varchar(192) DEFAULT 'no_avatar.png',
  `document` varchar(192) DEFAULT NULL,
  `birth_date` date DEFAULT NULL,
  `joining_date` date DEFAULT NULL,
  `company_id` int(11) NOT NULL,
  `department_id` int(11) NOT NULL,
  `designation_id` int(11) NOT NULL,
  `office_shift_id` int(11) NOT NULL,
  `remaining_leave` tinyint(1) DEFAULT 0,
  `total_leave` tinyint(1) DEFAULT 0,
  `hourly_rate` decimal(10,2) DEFAULT 0.00,
  `basic_salary` decimal(10,2) DEFAULT 0.00,
  `employment_type` varchar(192) DEFAULT 'full_time',
  `leaving_date` date DEFAULT NULL,
  `marital_status` varchar(192) DEFAULT 'single',
  `facebook` varchar(192) DEFAULT NULL,
  `skype` varchar(192) DEFAULT NULL,
  `whatsapp` varchar(192) DEFAULT NULL,
  `twitter` varchar(192) DEFAULT NULL,
  `linkedin` varchar(192) DEFAULT NULL,
  `created_at` timestamp(6) NULL DEFAULT NULL,
  `updated_at` timestamp(6) NULL DEFAULT NULL,
  `deleted_at` timestamp NULL DEFAULT NULL,
  PRIMARY KEY (`id`),
  KEY `employees_company_id` (`company_id`),
  KEY `employees_department_id` (`department_id`),
  KEY `employees_designation_id` (`designation_id`),
  KEY `employees_office_shift_id` (`office_shift_id`),
  CONSTRAINT `employees_company_id` FOREIGN KEY (`company_id`) REFERENCES `companies` (`id`),
  CONSTRAINT `employees_department_id` FOREIGN KEY (`department_id`) REFERENCES `departments` (`id`),
  CONSTRAINT `employees_designation_id` FOREIGN KEY (`designation_id`) REFERENCES `designations` (`id`),
  CONSTRAINT `employees_office_shift_id` FOREIGN KEY (`office_shift_id`) REFERENCES `office_shifts` (`id`)
) ENGINE=InnoDB AUTO_INCREMENT=2 DEFAULT CHARSET=utf8mb4;

/*Data for the table `employees` */

insert  into `employees`(`id`,`firstname`,`lastname`,`username`,`email`,`phone`,`country`,`city`,`province`,`zipcode`,`address`,`gender`,`resume`,`avatar`,`document`,`birth_date`,`joining_date`,`company_id`,`department_id`,`designation_id`,`office_shift_id`,`remaining_leave`,`total_leave`,`hourly_rate`,`basic_salary`,`employment_type`,`leaving_date`,`marital_status`,`facebook`,`skype`,`whatsapp`,`twitter`,`linkedin`,`created_at`,`updated_at`,`deleted_at`) values 
(1,'Issam','Aftimos','Issam Aftimos','issam@coveinterior.com','66782666','Kuwait',NULL,NULL,NULL,NULL,'male',NULL,'no_avatar.png',NULL,'1976-08-03','2022-05-22',1,2,4,1,0,0,0.00,0.00,'full_time',NULL,'single',NULL,NULL,NULL,NULL,NULL,'2022-10-12 12:04:51.000000','2022-10-12 12:04:51.000000',NULL);

/*Table structure for table `expense_categories` */

DROP TABLE IF EXISTS `expense_categories`;

CREATE TABLE `expense_categories` (
  `id` int(11) NOT NULL AUTO_INCREMENT,
  `user_id` int(11) NOT NULL,
  `name` varchar(192) NOT NULL,
  `description` text DEFAULT NULL,
  `created_at` timestamp(6) NULL DEFAULT NULL,
  `updated_at` timestamp(6) NULL DEFAULT NULL,
  `deleted_at` timestamp NULL DEFAULT NULL,
  PRIMARY KEY (`id`),
  KEY `expense_category_user_id` (`user_id`),
  CONSTRAINT `expense_category_user_id` FOREIGN KEY (`user_id`) REFERENCES `users` (`id`)
) ENGINE=InnoDB AUTO_INCREMENT=7 DEFAULT CHARSET=utf8mb4;

/*Data for the table `expense_categories` */

insert  into `expense_categories`(`id`,`user_id`,`name`,`description`,`created_at`,`updated_at`,`deleted_at`) values 
(1,1,'Advertising',NULL,'2022-10-12 11:46:56.000000','2022-10-12 11:46:56.000000',NULL),
(2,1,'Dues and subscriptions',NULL,'2022-10-12 11:47:33.000000','2022-10-12 11:47:33.000000',NULL),
(3,1,'Insurance',NULL,'2022-10-12 11:49:16.000000','2022-10-12 11:49:16.000000',NULL),
(4,1,'Maintenance and repairs',NULL,'2022-10-12 11:49:30.000000','2022-10-12 11:49:30.000000',NULL),
(5,1,'Office expenses and supplies',NULL,'2022-10-12 11:50:01.000000','2022-10-12 11:50:01.000000',NULL),
(6,1,'Rent',NULL,'2022-10-12 11:50:23.000000','2022-10-12 11:51:03.000000','2022-10-12 11:51:03');

/*Table structure for table `expenses` */

DROP TABLE IF EXISTS `expenses`;

CREATE TABLE `expenses` (
  `id` int(11) NOT NULL AUTO_INCREMENT,
  `date` date NOT NULL,
  `Ref` varchar(192) NOT NULL,
  `user_id` int(11) NOT NULL,
  `expense_category_id` int(11) NOT NULL,
  `warehouse_id` int(11) NOT NULL,
  `details` varchar(192) NOT NULL,
  `amount` double NOT NULL,
  `created_at` timestamp(6) NULL DEFAULT NULL,
  `updated_at` timestamp(6) NULL DEFAULT NULL,
  `deleted_at` timestamp NULL DEFAULT NULL,
  PRIMARY KEY (`id`),
  KEY `expense_user_id` (`user_id`),
  KEY `expense_category_id` (`expense_category_id`),
  KEY `expense_warehouse_id` (`warehouse_id`),
  CONSTRAINT `expense_category_id` FOREIGN KEY (`expense_category_id`) REFERENCES `expense_categories` (`id`),
  CONSTRAINT `expense_user_id` FOREIGN KEY (`user_id`) REFERENCES `users` (`id`),
  CONSTRAINT `expense_warehouse_id` FOREIGN KEY (`warehouse_id`) REFERENCES `warehouses` (`id`)
) ENGINE=InnoDB DEFAULT CHARSET=utf8mb4;

/*Data for the table `expenses` */

/*Table structure for table `holidays` */

DROP TABLE IF EXISTS `holidays`;

CREATE TABLE `holidays` (
  `id` int(11) NOT NULL AUTO_INCREMENT,
  `title` varchar(192) NOT NULL,
  `company_id` int(11) NOT NULL,
  `start_date` date NOT NULL,
  `end_date` date NOT NULL,
  `description` text DEFAULT NULL,
  `created_at` timestamp(6) NULL DEFAULT NULL,
  `updated_at` timestamp(6) NULL DEFAULT NULL,
  `deleted_at` timestamp NULL DEFAULT NULL,
  PRIMARY KEY (`id`),
  KEY `holidays_company_id` (`company_id`),
  CONSTRAINT `holidays_company_id` FOREIGN KEY (`company_id`) REFERENCES `companies` (`id`)
) ENGINE=InnoDB DEFAULT CHARSET=utf8mb4;

/*Data for the table `holidays` */

/*Table structure for table `leave_types` */

DROP TABLE IF EXISTS `leave_types`;

CREATE TABLE `leave_types` (
  `id` int(11) NOT NULL AUTO_INCREMENT,
  `title` varchar(192) NOT NULL,
  `created_at` timestamp(6) NULL DEFAULT NULL,
  `updated_at` timestamp(6) NULL DEFAULT NULL,
  `deleted_at` timestamp NULL DEFAULT NULL,
  PRIMARY KEY (`id`)
) ENGINE=InnoDB DEFAULT CHARSET=utf8mb4;

/*Data for the table `leave_types` */

/*Table structure for table `leaves` */

DROP TABLE IF EXISTS `leaves`;

CREATE TABLE `leaves` (
  `id` int(11) NOT NULL AUTO_INCREMENT,
  `employee_id` int(11) NOT NULL,
  `company_id` int(11) NOT NULL,
  `department_id` int(11) NOT NULL,
  `leave_type_id` int(11) NOT NULL,
  `start_date` date NOT NULL,
  `end_date` date NOT NULL,
  `days` varchar(192) NOT NULL,
  `reason` text DEFAULT NULL,
  `attachment` varchar(192) DEFAULT NULL,
  `half_day` tinyint(1) DEFAULT NULL,
  `status` varchar(192) NOT NULL,
  `created_at` timestamp(6) NULL DEFAULT NULL,
  `updated_at` timestamp(6) NULL DEFAULT NULL,
  `deleted_at` timestamp NULL DEFAULT NULL,
  PRIMARY KEY (`id`),
  KEY `leave_employee_id` (`employee_id`),
  KEY `leave_company_id` (`company_id`),
  KEY `leave_department_id` (`department_id`),
  KEY `leave_leave_type_id` (`leave_type_id`),
  CONSTRAINT `leave_company_id` FOREIGN KEY (`company_id`) REFERENCES `companies` (`id`),
  CONSTRAINT `leave_department_id` FOREIGN KEY (`department_id`) REFERENCES `departments` (`id`),
  CONSTRAINT `leave_employee_id` FOREIGN KEY (`employee_id`) REFERENCES `employees` (`id`),
  CONSTRAINT `leave_leave_type_id` FOREIGN KEY (`leave_type_id`) REFERENCES `leave_types` (`id`)
) ENGINE=InnoDB DEFAULT CHARSET=utf8mb4;

/*Data for the table `leaves` */

/*Table structure for table `migrations` */

DROP TABLE IF EXISTS `migrations`;

CREATE TABLE `migrations` (
  `id` int(10) unsigned NOT NULL AUTO_INCREMENT,
  `migration` varchar(191) NOT NULL,
  `batch` int(11) NOT NULL,
  PRIMARY KEY (`id`)
) ENGINE=InnoDB AUTO_INCREMENT=134 DEFAULT CHARSET=utf8mb4;

/*Data for the table `migrations` */

insert  into `migrations`(`id`,`migration`,`batch`) values 
(1,'2021_03_08_020247_create_adjustment_details_table',1),
(2,'2021_03_08_020247_create_adjustments_table',1),
(3,'2021_03_08_020247_create_brands_table',1),
(4,'2021_03_08_020247_create_categories_table',1),
(5,'2021_03_08_020247_create_clients_table',1),
(6,'2021_03_08_020247_create_currencies_table',1),
(7,'2021_03_08_020247_create_expense_categories_table',1),
(8,'2021_03_08_020247_create_expenses_table',1),
(9,'2021_03_08_020247_create_password_resets_table',1),
(10,'2021_03_08_020247_create_payment_purchase_returns_table',1),
(11,'2021_03_08_020247_create_payment_purchases_table',1),
(12,'2021_03_08_020247_create_payment_sale_returns_table',1),
(13,'2021_03_08_020247_create_payment_sales_table',1),
(14,'2021_03_08_020247_create_payment_with_credit_card_table',1),
(15,'2021_03_08_020247_create_permission_role_table',1),
(16,'2021_03_08_020247_create_permissions_table',1),
(17,'2021_03_08_020247_create_product_variants_table',1),
(18,'2021_03_08_020247_create_product_warehouse_table',1),
(19,'2021_03_08_020247_create_products_table',1),
(20,'2021_03_08_020247_create_providers_table',1),
(21,'2021_03_08_020247_create_purchase_details_table',1),
(22,'2021_03_08_020247_create_purchase_return_details_table',1),
(23,'2021_03_08_020247_create_purchase_returns_table',1),
(24,'2021_03_08_020247_create_purchases_table',1),
(25,'2021_03_08_020247_create_quotation_details_table',1),
(26,'2021_03_08_020247_create_quotations_table',1),
(27,'2021_03_08_020247_create_role_user_table',1),
(28,'2021_03_08_020247_create_roles_table',1),
(29,'2021_03_08_020247_create_sale_details_table',1),
(30,'2021_03_08_020247_create_sale_return_details_table',1),
(31,'2021_03_08_020247_create_sale_returns_table',1),
(32,'2021_03_08_020247_create_sales_table',1),
(33,'2021_03_08_020247_create_serveurs_table',1),
(34,'2021_03_08_020247_create_settings_table',1),
(35,'2021_03_08_020247_create_transfer_details_table',1),
(36,'2021_03_08_020247_create_transfers_table',1),
(37,'2021_03_08_020247_create_units_table',1),
(38,'2021_03_08_020247_create_users_table',1),
(39,'2021_03_08_020247_create_warehouses_table',1),
(40,'2021_03_08_020248_add_status_to_roles_table',1),
(41,'2021_03_08_020251_add_foreign_keys_to_adjustment_details_table',1),
(42,'2021_03_08_020251_add_foreign_keys_to_adjustments_table',1),
(43,'2021_03_08_020251_add_foreign_keys_to_expense_categories_table',1),
(44,'2021_03_08_020251_add_foreign_keys_to_expenses_table',1),
(45,'2021_03_08_020251_add_foreign_keys_to_payment_purchase_returns_table',1),
(46,'2021_03_08_020251_add_foreign_keys_to_payment_purchases_table',1),
(47,'2021_03_08_020251_add_foreign_keys_to_payment_sale_returns_table',1),
(48,'2021_03_08_020251_add_foreign_keys_to_payment_sales_table',1),
(49,'2021_03_08_020251_add_foreign_keys_to_permission_role_table',1),
(50,'2021_03_08_020251_add_foreign_keys_to_product_variants_table',1),
(51,'2021_03_08_020251_add_foreign_keys_to_product_warehouse_table',1),
(52,'2021_03_08_020251_add_foreign_keys_to_products_table',1),
(53,'2021_03_08_020251_add_foreign_keys_to_purchase_details_table',1),
(54,'2021_03_08_020251_add_foreign_keys_to_purchase_return_details_table',1),
(55,'2021_03_08_020251_add_foreign_keys_to_purchase_returns_table',1),
(56,'2021_03_08_020251_add_foreign_keys_to_purchases_table',1),
(57,'2021_03_08_020251_add_foreign_keys_to_quotation_details_table',1),
(58,'2021_03_08_020251_add_foreign_keys_to_quotations_table',1),
(59,'2021_03_08_020251_add_foreign_keys_to_role_user_table',1),
(60,'2021_03_08_020251_add_foreign_keys_to_sale_details_table',1),
(61,'2021_03_08_020251_add_foreign_keys_to_sale_return_details_table',1),
(62,'2021_03_08_020251_add_foreign_keys_to_sale_returns_table',1),
(63,'2021_03_08_020251_add_foreign_keys_to_sales_table',1),
(64,'2021_03_08_020251_add_foreign_keys_to_settings_table',1),
(65,'2021_03_08_020251_add_foreign_keys_to_transfer_details_table',1),
(66,'2021_03_08_020251_add_foreign_keys_to_transfers_table',1),
(67,'2021_03_08_020251_add_foreign_keys_to_units_table',1),
(68,'2021_04_11_221536_add_footer_to_settings_table',1),
(69,'2021_04_30_040505_add_devopped_by_to_settings',1),
(70,'2021_05_07_140933_add_client_id_to_settings_table',1),
(71,'2021_05_07_141034_add_warehouse_id_to_settings_table',1),
(72,'2021_05_07_141303_add_foreign_keys_clients_to_settings',1),
(73,'2021_07_19_141906_add_sale_unit_id_to_sale_details',1),
(74,'2021_07_22_013045_add_sale_unit_id_to_quotation_details_table',1),
(75,'2021_07_22_032512_add_purchase_unit_id_to_purchase_details_table',1),
(76,'2021_07_22_052330_add_sale_unit_id_to_sale_return_details_table',1),
(77,'2021_07_22_052447_add_purchase_unit_id_to_purchase_return_details_table',1),
(78,'2021_07_22_052713_add_purchase_unit_id_to_transfer_details_table',1),
(79,'2021_07_26_155038_change_cost_column_type_return_details',1),
(80,'2021_07_30_142441_add_change_to_payment_sales',1),
(81,'2021_07_31_122946_add_change_to_payment_purchases_table',1),
(82,'2021_07_31_123105_add_change_to_payment_sale_returns_table',1),
(83,'2021_07_31_123135_add_change_to_payment_purchase_returns_table',1),
(84,'2021_09_23_003640_add_default_language_to_settings_table',1),
(85,'2021_09_24_000547_create_pos_settings',1),
(86,'2022_02_18_161351_create_attendances_table',1),
(87,'2022_02_18_161351_create_companies_table',1),
(88,'2022_02_18_161351_create_departments_table',1),
(89,'2022_02_18_161351_create_designations_table',1),
(90,'2022_02_18_161351_create_employee_accounts_table',1),
(91,'2022_02_18_161351_create_employee_experiences_table',1),
(92,'2022_02_18_161351_create_employees_table',1),
(93,'2022_02_18_161351_create_holidays_table',1),
(94,'2022_02_18_161351_create_leave_types_table',1),
(95,'2022_02_18_161351_create_leaves_table',1),
(96,'2022_02_18_161351_create_office_shifts_table',1),
(97,'2022_02_18_161355_add_foreign_keys_to_attendances_table',1),
(98,'2022_02_18_161355_add_foreign_keys_to_departments_table',1),
(99,'2022_02_18_161355_add_foreign_keys_to_designations_table',1),
(100,'2022_02_18_161355_add_foreign_keys_to_employee_accounts_table',1),
(101,'2022_02_18_161355_add_foreign_keys_to_employee_experiences_table',1),
(102,'2022_02_18_161355_add_foreign_keys_to_employees_table',1),
(103,'2022_02_18_161355_add_foreign_keys_to_holidays_table',1),
(104,'2022_02_18_161355_add_foreign_keys_to_leaves_table',1),
(105,'2022_02_18_161355_add_foreign_keys_to_office_shifts_table',1),
(106,'2022_04_06_155633_create_user_warehouse_table',1),
(107,'2022_04_06_155635_add_foreign_keys_to_user_warehouse_table',1),
(108,'2022_04_08_001056_change_type_of_columns__clients__table',1),
(109,'2022_04_08_002126_change_type_of_columns__providers__table',1),
(110,'2022_04_26_163039_add_imei_to_product_table',1),
(111,'2022_04_26_163314_add_imei_number_to_purchase_details',1),
(112,'2022_04_26_163516_add_imei_number_to_quotation_details',1),
(113,'2022_04_26_163600_add_imei_number_to_sale_details',1),
(114,'2022_04_26_163653_add_imei_number_to_sale_return_details',1),
(115,'2022_04_26_163741_add_imei_number_to_purchase_return_details',1),
(116,'2022_05_01_005644_add_shipping_status_to_sales',1),
(117,'2022_05_11_010241_add_is_all_warehouses_to_users',1),
(118,'2022_05_14_191716_create_shipments_table',1),
(119,'2022_05_14_191718_add_foreign_keys_to_shipments_table',1),
(120,'2022_06_15_021609_create_sms_gateway_table',1),
(121,'2022_06_15_023409_add_sms_gateway_to_settings',1),
(122,'2022_06_18_145901_add_not_selling_to_product_table',1),
(123,'2022_06_19_011630_add_sale_id_to_sale__return_table',1),
(124,'2022_06_19_125137_add_sender_name_to_servers_table',1),
(125,'2022_06_19_131645_add_purchase_id_to_purchase_return_table',1),
(126,'2022_06_23_000019_add_invoice_footer_to_settings_table',1),
(127,'2022_08_04_172721_add_tax_number_to_clients_table',1),
(128,'2022_08_04_172905_add_tax_number_to_providers_table',1),
(129,'2016_06_01_000001_create_oauth_auth_codes_table',2),
(130,'2016_06_01_000002_create_oauth_access_tokens_table',2),
(131,'2016_06_01_000003_create_oauth_refresh_tokens_table',2),
(132,'2016_06_01_000004_create_oauth_clients_table',2),
(133,'2016_06_01_000005_create_oauth_personal_access_clients_table',2);

/*Table structure for table `oauth_access_tokens` */

DROP TABLE IF EXISTS `oauth_access_tokens`;

CREATE TABLE `oauth_access_tokens` (
  `id` varchar(100) NOT NULL,
  `user_id` bigint(20) unsigned DEFAULT NULL,
  `client_id` bigint(20) unsigned NOT NULL,
  `name` varchar(191) DEFAULT NULL,
  `scopes` text DEFAULT NULL,
  `revoked` tinyint(1) NOT NULL,
  `created_at` timestamp NULL DEFAULT NULL,
  `updated_at` timestamp NULL DEFAULT NULL,
  `expires_at` datetime DEFAULT NULL,
  PRIMARY KEY (`id`),
  KEY `oauth_access_tokens_user_id_index` (`user_id`)
) ENGINE=InnoDB DEFAULT CHARSET=utf8mb4;

/*Data for the table `oauth_access_tokens` */

/*Table structure for table `oauth_auth_codes` */

DROP TABLE IF EXISTS `oauth_auth_codes`;

CREATE TABLE `oauth_auth_codes` (
  `id` varchar(100) NOT NULL,
  `user_id` bigint(20) unsigned NOT NULL,
  `client_id` bigint(20) unsigned NOT NULL,
  `scopes` text DEFAULT NULL,
  `revoked` tinyint(1) NOT NULL,
  `expires_at` datetime DEFAULT NULL,
  PRIMARY KEY (`id`),
  KEY `oauth_auth_codes_user_id_index` (`user_id`)
) ENGINE=InnoDB DEFAULT CHARSET=utf8mb4;

/*Data for the table `oauth_auth_codes` */

/*Table structure for table `oauth_clients` */

DROP TABLE IF EXISTS `oauth_clients`;

CREATE TABLE `oauth_clients` (
  `id` bigint(20) unsigned NOT NULL AUTO_INCREMENT,
  `user_id` bigint(20) unsigned DEFAULT NULL,
  `name` varchar(191) NOT NULL,
  `secret` varchar(100) DEFAULT NULL,
  `provider` varchar(191) DEFAULT NULL,
  `redirect` text NOT NULL,
  `personal_access_client` tinyint(1) NOT NULL,
  `password_client` tinyint(1) NOT NULL,
  `revoked` tinyint(1) NOT NULL,
  `created_at` timestamp NULL DEFAULT NULL,
  `updated_at` timestamp NULL DEFAULT NULL,
  PRIMARY KEY (`id`),
  KEY `oauth_clients_user_id_index` (`user_id`)
) ENGINE=InnoDB AUTO_INCREMENT=3 DEFAULT CHARSET=utf8mb4;

/*Data for the table `oauth_clients` */

insert  into `oauth_clients`(`id`,`user_id`,`name`,`secret`,`provider`,`redirect`,`personal_access_client`,`password_client`,`revoked`,`created_at`,`updated_at`) values 
(1,NULL,'Cove Personal Access Client','nmWr3OxRX81rrsgubgclT02bLXRsQxljKC29iwb4',NULL,'http://localhost',1,0,0,'2022-09-28 08:44:55','2022-09-28 08:44:55'),
(2,NULL,'Cove Password Grant Client','TQ65RciWwq6w03mjoORIZ6xBSVaCqk57FoV5ChsU','users','http://localhost',0,1,0,'2022-09-28 08:44:55','2022-09-28 08:44:55');

/*Table structure for table `oauth_personal_access_clients` */

DROP TABLE IF EXISTS `oauth_personal_access_clients`;

CREATE TABLE `oauth_personal_access_clients` (
  `id` bigint(20) unsigned NOT NULL AUTO_INCREMENT,
  `client_id` bigint(20) unsigned NOT NULL,
  `created_at` timestamp NULL DEFAULT NULL,
  `updated_at` timestamp NULL DEFAULT NULL,
  PRIMARY KEY (`id`)
) ENGINE=InnoDB AUTO_INCREMENT=2 DEFAULT CHARSET=utf8mb4;

/*Data for the table `oauth_personal_access_clients` */

insert  into `oauth_personal_access_clients`(`id`,`client_id`,`created_at`,`updated_at`) values 
(1,1,'2022-09-28 08:44:55','2022-09-28 08:44:55');

/*Table structure for table `oauth_refresh_tokens` */

DROP TABLE IF EXISTS `oauth_refresh_tokens`;

CREATE TABLE `oauth_refresh_tokens` (
  `id` varchar(100) NOT NULL,
  `access_token_id` varchar(100) NOT NULL,
  `revoked` tinyint(1) NOT NULL,
  `expires_at` datetime DEFAULT NULL,
  PRIMARY KEY (`id`),
  KEY `oauth_refresh_tokens_access_token_id_index` (`access_token_id`)
) ENGINE=InnoDB DEFAULT CHARSET=utf8mb4;

/*Data for the table `oauth_refresh_tokens` */

/*Table structure for table `office_shifts` */

DROP TABLE IF EXISTS `office_shifts`;

CREATE TABLE `office_shifts` (
  `id` int(11) NOT NULL AUTO_INCREMENT,
  `company_id` int(11) NOT NULL,
  `name` varchar(191) NOT NULL,
  `monday_in` varchar(191) DEFAULT NULL,
  `monday_out` varchar(191) DEFAULT NULL,
  `tuesday_in` varchar(191) DEFAULT NULL,
  `tuesday_out` varchar(191) DEFAULT NULL,
  `wednesday_in` varchar(191) DEFAULT NULL,
  `wednesday_out` varchar(191) DEFAULT NULL,
  `thursday_in` varchar(191) DEFAULT NULL,
  `thursday_out` varchar(191) DEFAULT NULL,
  `friday_in` varchar(191) DEFAULT NULL,
  `friday_out` varchar(191) DEFAULT NULL,
  `saturday_in` varchar(191) DEFAULT NULL,
  `saturday_out` varchar(191) DEFAULT NULL,
  `sunday_in` varchar(191) DEFAULT NULL,
  `sunday_out` varchar(191) DEFAULT NULL,
  `created_at` timestamp(6) NULL DEFAULT NULL,
  `updated_at` timestamp(6) NULL DEFAULT NULL,
  `deleted_at` timestamp NULL DEFAULT NULL,
  PRIMARY KEY (`id`),
  KEY `office_shift_company_id` (`company_id`),
  CONSTRAINT `office_shift_company_id` FOREIGN KEY (`company_id`) REFERENCES `companies` (`id`)
) ENGINE=InnoDB AUTO_INCREMENT=2 DEFAULT CHARSET=utf8mb4;

/*Data for the table `office_shifts` */

insert  into `office_shifts`(`id`,`company_id`,`name`,`monday_in`,`monday_out`,`tuesday_in`,`tuesday_out`,`wednesday_in`,`wednesday_out`,`thursday_in`,`thursday_out`,`friday_in`,`friday_out`,`saturday_in`,`saturday_out`,`sunday_in`,`sunday_out`,`created_at`,`updated_at`,`deleted_at`) values 
(1,1,'Working Hours','09:00AM','05:00AM','09:00AM','05:00AM','09:00AM','05:00AM','09:00AM','05:00AM',NULL,NULL,NULL,NULL,'09:00AM','05:00AM','2022-10-12 12:02:18.000000','2023-01-17 06:27:41.000000',NULL);

/*Table structure for table `password_resets` */

DROP TABLE IF EXISTS `password_resets`;

CREATE TABLE `password_resets` (
  `id` int(11) NOT NULL AUTO_INCREMENT,
  `email` varchar(191) NOT NULL,
  `token` varchar(191) NOT NULL,
  `created_at` timestamp(6) NULL DEFAULT NULL,
  `updated_at` timestamp(6) NULL DEFAULT NULL,
  PRIMARY KEY (`id`),
  KEY `email` (`email`),
  KEY `token` (`token`)
) ENGINE=InnoDB AUTO_INCREMENT=3 DEFAULT CHARSET=utf8mb4;

/*Data for the table `password_resets` */

insert  into `password_resets`(`id`,`email`,`token`,`created_at`,`updated_at`) values 
(1,'issam@coveinterior.com','U18LkusuXq5qztoVPDDQjMeENi4sZMb04yw5BBgANYsjRvA78qudIBKG3xLY','2022-11-27 09:38:39.000000','2022-11-27 09:38:39.000000'),
(2,'coveteam7@gmail.com','2HC271UdmpkX4I1acpCXmcNcHldW4see93ZsG2hCcMn8uUvfcBMlqbeaHKrW','2022-11-27 09:39:30.000000','2022-11-27 09:39:30.000000');

/*Table structure for table `payment_purchase_returns` */

DROP TABLE IF EXISTS `payment_purchase_returns`;

CREATE TABLE `payment_purchase_returns` (
  `id` int(11) NOT NULL AUTO_INCREMENT,
  `user_id` int(11) NOT NULL,
  `date` date NOT NULL,
  `Ref` varchar(192) NOT NULL,
  `purchase_return_id` int(11) NOT NULL,
  `montant` double NOT NULL,
  `change` double NOT NULL DEFAULT 0,
  `Reglement` varchar(191) NOT NULL,
  `notes` text DEFAULT NULL,
  `created_at` timestamp(6) NULL DEFAULT NULL,
  `updated_at` timestamp(6) NULL DEFAULT NULL,
  `deleted_at` timestamp NULL DEFAULT NULL,
  PRIMARY KEY (`id`),
  KEY `user_id_payment_return_purchase` (`user_id`),
  KEY `supplier_id_payment_return_purchase` (`purchase_return_id`),
  CONSTRAINT `supplier_id_payment_return_purchase` FOREIGN KEY (`purchase_return_id`) REFERENCES `purchase_returns` (`id`),
  CONSTRAINT `user_id_payment_return_purchase` FOREIGN KEY (`user_id`) REFERENCES `users` (`id`)
) ENGINE=InnoDB DEFAULT CHARSET=utf8mb4;

/*Data for the table `payment_purchase_returns` */

/*Table structure for table `payment_purchases` */

DROP TABLE IF EXISTS `payment_purchases`;

CREATE TABLE `payment_purchases` (
  `id` int(11) NOT NULL AUTO_INCREMENT,
  `user_id` int(11) NOT NULL,
  `date` date NOT NULL,
  `Ref` varchar(192) NOT NULL,
  `purchase_id` int(11) NOT NULL,
  `montant` double NOT NULL,
  `change` double NOT NULL DEFAULT 0,
  `Reglement` varchar(192) NOT NULL,
  `notes` text DEFAULT NULL,
  `created_at` timestamp(6) NULL DEFAULT NULL,
  `updated_at` timestamp(6) NULL DEFAULT NULL,
  `deleted_at` timestamp NULL DEFAULT NULL,
  PRIMARY KEY (`id`),
  KEY `user_id_payment_purchases` (`user_id`),
  KEY `payments_purchase_id` (`purchase_id`),
  CONSTRAINT `factures_purchase_id` FOREIGN KEY (`purchase_id`) REFERENCES `purchases` (`id`),
  CONSTRAINT `user_id_factures_achat` FOREIGN KEY (`user_id`) REFERENCES `users` (`id`)
) ENGINE=InnoDB DEFAULT CHARSET=utf8mb4;

/*Data for the table `payment_purchases` */

/*Table structure for table `payment_sale_returns` */

DROP TABLE IF EXISTS `payment_sale_returns`;

CREATE TABLE `payment_sale_returns` (
  `id` int(11) NOT NULL AUTO_INCREMENT,
  `user_id` int(11) NOT NULL,
  `date` date NOT NULL,
  `Ref` varchar(192) NOT NULL,
  `sale_return_id` int(11) NOT NULL,
  `montant` double NOT NULL,
  `change` double NOT NULL DEFAULT 0,
  `Reglement` varchar(191) NOT NULL,
  `notes` text DEFAULT NULL,
  `created_at` timestamp(6) NULL DEFAULT NULL,
  `updated_at` timestamp(6) NULL DEFAULT NULL,
  `deleted_at` timestamp NULL DEFAULT NULL,
  PRIMARY KEY (`id`),
  KEY `factures_sale_return_user_id` (`user_id`),
  KEY `factures_sale_return` (`sale_return_id`),
  CONSTRAINT `factures_sale_return` FOREIGN KEY (`sale_return_id`) REFERENCES `sale_returns` (`id`),
  CONSTRAINT `factures_sale_return_user_id` FOREIGN KEY (`user_id`) REFERENCES `users` (`id`)
) ENGINE=InnoDB DEFAULT CHARSET=utf8mb4;

/*Data for the table `payment_sale_returns` */

/*Table structure for table `payment_sales` */

DROP TABLE IF EXISTS `payment_sales`;

CREATE TABLE `payment_sales` (
  `id` int(11) NOT NULL AUTO_INCREMENT,
  `user_id` int(11) NOT NULL,
  `date` date NOT NULL,
  `Ref` varchar(192) NOT NULL,
  `sale_id` int(11) NOT NULL,
  `montant` double NOT NULL,
  `change` double NOT NULL DEFAULT 0,
  `Reglement` varchar(192) NOT NULL,
  `notes` text DEFAULT NULL,
  `created_at` timestamp(6) NULL DEFAULT NULL,
  `updated_at` timestamp(6) NULL DEFAULT NULL,
  `deleted_at` timestamp NULL DEFAULT NULL,
  PRIMARY KEY (`id`),
  KEY `user_id_payments_sale` (`user_id`),
  KEY `payment_sale_id` (`sale_id`),
  CONSTRAINT `facture_sale_id` FOREIGN KEY (`sale_id`) REFERENCES `sales` (`id`),
  CONSTRAINT `user_id_factures_ventes` FOREIGN KEY (`user_id`) REFERENCES `users` (`id`)
) ENGINE=InnoDB AUTO_INCREMENT=321 DEFAULT CHARSET=utf8mb4;

/*Data for the table `payment_sales` */

insert  into `payment_sales`(`id`,`user_id`,`date`,`Ref`,`sale_id`,`montant`,`change`,`Reglement`,`notes`,`created_at`,`updated_at`,`deleted_at`) values 
(1,1,'2022-10-13','INV/SL_1111',1,590,0,'Cash',NULL,'2022-10-13 15:16:21.000000','2023-01-28 17:55:38.000000','2023-01-28 17:55:38'),
(2,1,'2022-10-16','INV/SL_1112',2,585,0,'Cash',NULL,'2022-10-16 12:31:12.000000','2023-01-28 17:55:38.000000','2023-01-28 17:55:38'),
(3,1,'2022-10-16','INV/SL_1113',3,590,0,'Cash',NULL,'2022-10-16 13:30:59.000000','2023-01-28 17:55:38.000000','2023-01-28 17:55:38'),
(4,4,'2022-10-23','INV/SL_1114',4,590,0,'Cash',NULL,'2022-10-23 14:09:35.000000','2023-01-25 08:01:26.000000','2023-01-25 08:01:26'),
(5,3,'2022-10-23','INV/SL_1115',5,750,0,'Cash',NULL,'2022-10-23 14:37:45.000000','2023-01-28 17:55:38.000000','2023-01-28 17:55:38'),
(6,3,'2022-10-23','INV/SL_1116',6,590,0,'Cash',NULL,'2022-10-23 14:39:02.000000','2023-01-28 17:55:38.000000','2023-01-28 17:55:38'),
(7,3,'2022-10-23','INV/SL_1117',7,470,0,'Cash',NULL,'2022-10-23 14:48:39.000000','2023-01-28 17:55:38.000000','2023-01-28 17:55:38'),
(8,4,'2022-10-23','INV/SL_1118',8,760,0,'Cash',NULL,'2022-10-23 14:54:56.000000','2023-01-25 08:01:26.000000','2023-01-25 08:01:26'),
(9,3,'2022-10-23','INV/SL_1119',9,585,0,'Cash',NULL,'2022-10-23 14:56:54.000000','2023-01-25 08:48:18.000000','2023-01-25 08:48:18'),
(10,3,'2022-10-23','INV/SL_1120',10,750,0,'Cash',NULL,'2022-10-23 15:00:45.000000','2023-01-25 08:07:16.000000','2023-01-25 08:07:16'),
(11,3,'2022-10-23','INV/SL_1121',11,1400,0,'Cash',NULL,'2022-10-23 15:02:41.000000','2022-10-23 15:06:04.000000','2022-10-23 15:06:04'),
(12,3,'2022-10-23','INV/SL_1122',12,1600,0,'Cash',NULL,'2022-10-23 15:09:34.000000','2023-01-25 08:47:26.000000','2023-01-25 08:47:26'),
(13,4,'2022-10-23','INV/SL_1123',13,2280,0,'Cash',NULL,'2022-10-23 15:12:40.000000','2023-01-25 08:01:26.000000','2023-01-25 08:01:26'),
(14,4,'2022-10-23','INV/SL_1124',14,1400,0,'Cash',NULL,'2022-10-23 15:19:56.000000','2023-01-25 08:01:26.000000','2023-01-25 08:01:26'),
(15,3,'2022-10-23','INV/SL_1125',15,640,0,'Cash',NULL,'2022-10-23 15:28:39.000000','2023-01-25 08:48:00.000000','2023-01-25 08:48:00'),
(16,4,'2022-10-23','INV/SL_1126',16,750,0,'Cash',NULL,'2022-10-23 15:34:36.000000','2023-01-25 08:01:26.000000','2023-01-25 08:01:26'),
(17,3,'2022-10-23','INV/SL_1127',17,1600,0,'Cash',NULL,'2022-10-23 15:38:11.000000','2023-01-28 17:55:38.000000','2023-01-28 17:55:38'),
(18,4,'2022-10-23','INV/SL_1128',18,585,0,'Cash',NULL,'2022-10-23 15:43:46.000000','2023-01-25 08:01:26.000000','2023-01-25 08:01:26'),
(19,3,'2022-10-23','INV/SL_1129',19,750,0,'Cash',NULL,'2022-10-23 15:44:39.000000','2023-01-28 17:55:38.000000','2023-01-28 17:55:38'),
(20,4,'2022-10-23','INV/SL_1130',20,760,0,'Cash',NULL,'2022-10-23 15:45:34.000000','2023-01-25 08:01:26.000000','2023-01-25 08:01:26'),
(21,3,'2022-10-23','INV/SL_1131',21,750,0,'Cash',NULL,'2022-10-23 15:46:20.000000','2023-01-25 08:12:17.000000','2023-01-25 08:12:17'),
(22,3,'2022-10-23','INV/SL_1132',22,1400,0,'Cash',NULL,'2022-10-23 15:47:46.000000','2023-01-28 17:55:38.000000','2023-01-28 17:55:38'),
(23,4,'2022-10-23','INV/SL_1133',23,670,0,'Cash',NULL,'2022-10-23 15:51:36.000000','2023-01-25 08:01:26.000000','2023-01-25 08:01:26'),
(24,3,'2022-10-23','INV/SL_1134',24,670,0,'Cash',NULL,'2022-10-23 15:54:14.000000','2023-01-28 17:55:38.000000','2023-01-28 17:55:38'),
(25,4,'2022-10-23','INV/SL_1135',25,1520,0,'Cash',NULL,'2022-10-23 15:55:28.000000','2023-01-25 08:01:26.000000','2023-01-25 08:01:26'),
(26,3,'2022-10-23','INV/SL_1136',26,670,0,'Cash',NULL,'2022-10-23 16:08:08.000000','2023-01-28 17:57:34.000000','2023-01-28 17:57:34'),
(27,4,'2022-10-23','INV/SL_1137',27,760,0,'Cash',NULL,'2022-10-23 16:09:10.000000','2023-01-25 08:01:26.000000','2023-01-25 08:01:26'),
(28,3,'2022-10-23','INV/SL_1138',28,590,0,'Cash',NULL,'2022-10-23 16:21:22.000000','2023-01-28 17:56:34.000000','2023-01-28 17:56:34'),
(29,3,'2022-10-23','INV/SL_1139',29,570,20,'Cash',NULL,'2022-10-23 16:21:55.000000','2023-01-28 17:56:14.000000','2023-01-28 17:56:14'),
(30,3,'2022-10-23','INV/SL_1140',30,295,295,'Cash',NULL,'2022-10-23 16:26:09.000000','2023-01-28 17:57:07.000000','2023-01-28 17:57:07'),
(31,3,'2022-10-24','INV/SL_1141',31,585,0,'Cash',NULL,'2022-10-24 10:18:07.000000','2023-01-28 17:56:20.000000','2023-01-28 17:56:20'),
(32,3,'2022-10-24','INV/SL_1142',32,585,0,'Cash',NULL,'2022-10-24 10:21:48.000000','2023-01-28 17:56:49.000000','2023-01-28 17:56:49'),
(33,3,'2022-10-24','INV/SL_1143',33,585,0,'Cash',NULL,'2022-10-24 10:25:55.000000','2023-01-28 17:56:28.000000','2023-01-28 17:56:28'),
(34,3,'2022-10-24','INV/SL_1144',34,590,0,'Cash',NULL,'2022-10-24 11:37:06.000000','2023-01-28 17:56:40.000000','2023-01-28 17:56:40'),
(35,3,'2022-10-24','INV/SL_1145',35,750,0,'Cash',NULL,'2022-10-24 12:22:13.000000','2023-01-28 17:56:56.000000','2023-01-28 17:56:56'),
(36,4,'2022-10-25','INV/SL_1146',36,3700,0,'Cash',NULL,'2022-10-25 09:25:56.000000','2023-01-25 08:01:26.000000','2023-01-25 08:01:26'),
(37,4,'2022-10-25','INV/SL_1147',37,750,0,'Cash',NULL,'2022-10-25 10:28:17.000000','2023-01-25 08:01:26.000000','2023-01-25 08:01:26'),
(38,3,'2022-10-25','INV/SL_1148',38,585,0,'Cash',NULL,'2022-10-25 10:32:40.000000','2023-01-28 17:57:12.000000','2023-01-28 17:57:12'),
(39,3,'2022-10-25','INV/SL_1149',39,585,0,'Cash',NULL,'2022-10-25 10:34:09.000000','2023-01-28 17:58:00.000000','2023-01-28 17:58:00'),
(40,3,'2022-10-25','INV/SL_1150',40,585,0,'Cash',NULL,'2022-10-25 10:35:05.000000','2023-01-28 17:57:20.000000','2023-01-28 17:57:20'),
(41,3,'2022-10-25','INV/SL_1151',41,585,0,'Cash',NULL,'2022-10-25 10:37:19.000000','2023-01-28 17:57:45.000000','2023-01-28 17:57:45'),
(42,3,'2022-10-25','INV/SL_1152',42,585,0,'Cash',NULL,'2022-10-25 10:38:47.000000','2023-01-28 17:58:11.000000','2023-01-28 17:58:11'),
(43,3,'2022-10-25','INV/SL_1153',43,585,0,'Cash',NULL,'2022-10-25 10:40:08.000000','2023-01-28 17:58:17.000000','2023-01-28 17:58:17'),
(44,4,'2022-10-25','INV/SL_1154',44,590,0,'Cash',NULL,'2022-10-25 10:41:27.000000','2023-01-25 08:01:26.000000','2023-01-25 08:01:26'),
(45,4,'2022-10-25','INV/SL_1155',45,590,0,'Cash',NULL,'2022-10-25 10:49:30.000000','2023-01-25 08:01:26.000000','2023-01-25 08:01:26'),
(46,3,'2022-10-25','INV/SL_1156',46,585,0,'Cash',NULL,'2022-10-25 11:02:23.000000','2023-01-28 18:00:27.000000','2023-01-28 18:00:27'),
(47,3,'2022-10-25','INV/SL_1157',47,585,0,'Cash',NULL,'2022-10-25 11:05:14.000000','2023-01-25 08:16:39.000000','2023-01-25 08:16:39'),
(48,4,'2022-10-25','INV/SL_1158',48,750,0,'Cash',NULL,'2022-10-25 11:07:00.000000','2023-01-25 08:01:26.000000','2023-01-25 08:01:26'),
(49,3,'2022-10-25','INV/SL_1159',49,585,0,'Cash',NULL,'2022-10-25 11:07:50.000000','2023-01-25 08:16:39.000000','2023-01-25 08:16:39'),
(50,3,'2022-10-25','INV/SL_1160',50,585,0,'Cash',NULL,'2022-10-25 11:10:06.000000','2023-01-25 08:16:39.000000','2023-01-25 08:16:39'),
(51,3,'2022-10-25','INV/SL_1161',51,585,0,'Cash',NULL,'2022-10-25 11:11:43.000000','2023-01-25 08:16:39.000000','2023-01-25 08:16:39'),
(52,3,'2022-10-25','INV/SL_1162',52,585,0,'Cash',NULL,'2022-10-25 11:13:04.000000','2023-01-25 08:16:40.000000','2023-01-25 08:16:40'),
(53,4,'2022-10-25','INV/SL_1163',53,750,0,'Cash',NULL,'2022-10-25 11:13:36.000000','2023-01-25 08:01:26.000000','2023-01-25 08:01:26'),
(54,3,'2022-10-25','INV/SL_1164',54,585,0,'Cash',NULL,'2022-10-25 11:14:08.000000','2023-01-28 17:58:24.000000','2023-01-28 17:58:24'),
(55,3,'2022-10-25','INV/SL_1165',55,585,0,'Cash',NULL,'2022-10-25 11:15:02.000000','2023-01-28 17:58:56.000000','2023-01-28 17:58:56'),
(56,3,'2022-10-25','INV/SL_1166',56,585,0,'Cash',NULL,'2022-10-25 11:17:10.000000','2023-01-28 17:58:44.000000','2023-01-28 17:58:44'),
(57,3,'2022-10-25','INV/SL_1167',57,585,0,'Cash',NULL,'2022-10-25 11:18:37.000000','2023-01-28 17:59:03.000000','2023-01-28 17:59:03'),
(58,3,'2022-10-25','INV/SL_1168',58,585,0,'Cash',NULL,'2022-10-25 11:19:51.000000','2023-01-28 17:58:38.000000','2023-01-28 17:58:38'),
(59,3,'2022-10-25','INV/SL_1169',59,585,0,'Cash',NULL,'2022-10-25 11:20:42.000000','2023-01-28 17:59:16.000000','2023-01-28 17:59:16'),
(60,3,'2022-10-25','INV/SL_1170',60,585,0,'Cash',NULL,'2022-10-25 11:23:34.000000','2023-01-28 17:59:10.000000','2023-01-28 17:59:10'),
(61,3,'2022-10-25','INV/SL_1171',61,640,0,'Cash',NULL,'2022-10-25 11:26:58.000000','2023-01-28 17:59:33.000000','2023-01-28 17:59:33'),
(62,4,'2022-10-25','INV/SL_1172',62,760,0,'Cash',NULL,'2022-10-25 11:27:15.000000','2023-01-25 08:01:26.000000','2023-01-25 08:01:26'),
(63,3,'2022-10-25','INV/SL_1173',63,640,0,'Cash',NULL,'2022-10-25 11:30:28.000000','2023-01-28 17:59:39.000000','2023-01-28 17:59:39'),
(64,3,'2022-10-25','INV/SL_1174',64,640,0,'Cash',NULL,'2022-10-25 11:31:01.000000','2023-01-25 08:17:45.000000','2023-01-25 08:17:45'),
(65,3,'2022-10-25','INV/SL_1175',65,640,0,'Cash',NULL,'2022-10-25 11:32:55.000000','2023-01-25 08:17:53.000000','2023-01-25 08:17:53'),
(66,3,'2022-10-25','INV/SL_1176',66,640,0,'Cash',NULL,'2022-10-25 11:34:12.000000','2023-01-28 18:00:13.000000','2023-01-28 18:00:13'),
(67,4,'2022-10-25','INV/SL_1177',67,760,0,'Cash',NULL,'2022-10-25 11:38:59.000000','2023-01-25 08:01:26.000000','2023-01-25 08:01:26'),
(68,3,'2022-10-25','INV/SL_1178',68,750,0,'Cash',NULL,'2022-10-25 11:42:27.000000','2023-01-28 18:00:35.000000','2023-01-28 18:00:35'),
(69,3,'2022-10-25','INV/SL_1179',69,750,0,'Cash',NULL,'2022-10-25 11:44:18.000000','2023-01-28 17:59:58.000000','2023-01-28 17:59:58'),
(70,4,'2022-10-25','INV/SL_1180',70,760,0,'Cash',NULL,'2022-10-25 11:44:28.000000','2023-01-25 08:01:26.000000','2023-01-25 08:01:26'),
(71,3,'2022-10-25','INV/SL_1181',71,750,0,'Cash',NULL,'2022-10-25 11:45:48.000000','2023-01-28 18:05:53.000000','2023-01-28 18:05:53'),
(72,3,'2022-10-25','INV/SL_1182',72,750,0,'Cash',NULL,'2022-10-25 11:46:56.000000','2023-01-28 18:05:59.000000','2023-01-28 18:05:59'),
(73,4,'2022-10-25','INV/SL_1183',73,760,0,'Cash',NULL,'2022-10-25 11:55:00.000000','2023-01-25 08:01:26.000000','2023-01-25 08:01:26'),
(74,3,'2022-10-25','INV/SL_1184',74,750,0,'Cash',NULL,'2022-10-25 11:55:54.000000','2023-01-28 18:06:06.000000','2023-01-28 18:06:06'),
(75,3,'2022-10-25','INV/SL_1185',75,750,0,'Cash',NULL,'2022-10-25 11:57:14.000000','2023-01-28 18:06:16.000000','2023-01-28 18:06:16'),
(76,3,'2022-10-25','INV/SL_1186',76,750,0,'Cash',NULL,'2022-10-25 11:58:37.000000','2023-01-28 18:06:11.000000','2023-01-28 18:06:11'),
(77,3,'2022-10-25','INV/SL_1187',77,750,0,'Cash',NULL,'2022-10-25 12:00:32.000000','2023-01-28 18:06:28.000000','2023-01-28 18:06:28'),
(78,4,'2022-10-25','INV/SL_1188',78,760,0,'Cash',NULL,'2022-10-25 12:01:47.000000','2023-01-25 08:01:26.000000','2023-01-25 08:01:26'),
(79,3,'2022-10-25','INV/SL_1189',79,750,0,'Cash',NULL,'2022-10-25 12:03:04.000000','2023-01-28 18:06:36.000000','2023-01-28 18:06:36'),
(80,3,'2022-10-25','INV/SL_1190',80,750,0,'Cash',NULL,'2022-10-25 12:04:43.000000','2023-01-28 18:07:33.000000','2023-01-28 18:07:33'),
(81,3,'2022-10-25','INV/SL_1191',81,750,0,'Cash',NULL,'2022-10-25 12:05:26.000000','2023-01-28 18:07:39.000000','2023-01-28 18:07:39'),
(82,3,'2022-10-25','INV/SL_1192',82,750,0,'Cash',NULL,'2022-10-25 12:07:06.000000','2023-01-28 18:06:42.000000','2023-01-28 18:06:42'),
(83,4,'2022-10-25','INV/SL_1193',83,760,0,'Cash',NULL,'2022-10-25 12:07:08.000000','2023-01-25 08:01:26.000000','2023-01-25 08:01:26'),
(84,3,'2022-10-25','INV/SL_1194',84,750,0,'Cash',NULL,'2022-10-25 12:09:10.000000','2023-01-28 18:06:50.000000','2023-01-28 18:06:50'),
(85,4,'2022-10-25','INV/SL_1195',85,760,0,'Cash',NULL,'2022-10-25 12:11:24.000000','2023-01-25 08:01:26.000000','2023-01-25 08:01:26'),
(86,3,'2022-10-25','INV/SL_1196',86,750,0,'Cash',NULL,'2022-10-25 12:13:23.000000','2023-01-28 18:06:57.000000','2023-01-28 18:06:57'),
(87,4,'2022-10-25','INV/SL_1197',87,760,0,'Cash',NULL,'2022-10-25 12:18:24.000000','2023-01-25 08:01:26.000000','2023-01-25 08:01:26'),
(88,3,'2022-10-25','INV/SL_1198',88,750,0,'Cash',NULL,'2022-10-25 12:19:13.000000','2023-01-28 18:07:55.000000','2023-01-28 18:07:55'),
(89,3,'2022-10-25','INV/SL_1199',89,750,0,'Cash',NULL,'2022-10-25 12:21:12.000000','2023-01-28 18:07:12.000000','2023-01-28 18:07:12'),
(90,4,'2022-10-25','INV/SL_1200',90,760,0,'Cash',NULL,'2022-10-25 12:23:24.000000','2023-01-25 08:01:26.000000','2023-01-25 08:01:26'),
(91,3,'2022-10-25','INV/SL_1201',91,750,0,'Cash',NULL,'2022-10-25 12:23:29.000000','2023-01-28 18:07:24.000000','2023-01-28 18:07:24'),
(92,3,'2022-10-25','INV/SL_1202',92,780,0,'Cash',NULL,'2022-10-25 12:24:41.000000','2023-01-28 18:08:11.000000','2023-01-28 18:08:11'),
(93,3,'2022-10-25','INV/SL_1203',93,780,0,'Cash',NULL,'2022-10-25 12:26:06.000000','2023-01-28 18:08:24.000000','2023-01-28 18:08:24'),
(94,4,'2022-10-25','INV/SL_1204',94,760,0,'Cash',NULL,'2022-10-25 12:29:10.000000','2023-01-25 08:01:26.000000','2023-01-25 08:01:26'),
(95,3,'2022-10-25','INV/SL_1205',95,780,0,'Cash',NULL,'2022-10-25 12:30:24.000000','2023-01-28 18:08:52.000000','2023-01-28 18:08:52'),
(96,3,'2022-10-25','INV/SL_1206',96,780,0,'Cash',NULL,'2022-10-25 12:31:35.000000','2023-01-28 18:08:45.000000','2023-01-28 18:08:45'),
(97,4,'2022-10-25','INV/SL_1207',97,760,0,'Cash',NULL,'2022-10-25 12:34:28.000000','2023-01-25 08:01:26.000000','2023-01-25 08:01:26'),
(98,4,'2022-10-25','INV/SL_1208',98,760,0,'Cash',NULL,'2022-10-25 12:39:24.000000','2023-01-25 08:01:26.000000','2023-01-25 08:01:26'),
(99,4,'2022-10-25','INV/SL_1209',99,585,0,'Cash',NULL,'2022-10-25 12:47:12.000000','2023-01-25 08:01:26.000000','2023-01-25 08:01:26'),
(100,3,'2022-10-25','INV/SL_1210',100,750,0,'Cash',NULL,'2022-10-25 12:49:20.000000','2023-01-28 18:08:38.000000','2023-01-28 18:08:38'),
(101,3,'2022-10-25','INV/SL_1211',101,750,0,'Cash',NULL,'2022-10-25 12:52:00.000000','2023-01-28 18:09:27.000000','2023-01-28 18:09:27'),
(102,4,'2022-10-25','INV/SL_1212',102,585,0,'Cash',NULL,'2022-10-25 12:52:45.000000','2023-01-25 08:01:26.000000','2023-01-25 08:01:26'),
(103,3,'2022-10-25','INV/SL_1213',103,760,0,'Cash',NULL,'2022-10-25 12:53:02.000000','2023-01-28 18:09:09.000000','2023-01-28 18:09:09'),
(104,4,'2022-10-25','INV/SL_1214',104,585,0,'Cash',NULL,'2022-10-25 12:58:52.000000','2023-01-25 08:01:26.000000','2023-01-25 08:01:26'),
(105,4,'2022-10-25','INV/SL_1215',105,585,0,'Cash',NULL,'2022-10-25 13:05:09.000000','2023-01-25 08:01:26.000000','2023-01-25 08:01:26'),
(106,3,'2022-10-25','INV/SL_1216',106,760,0,'Cash',NULL,'2022-10-25 13:08:23.000000','2023-01-28 18:08:57.000000','2023-01-28 18:08:57'),
(107,4,'2022-10-25','INV/SL_1217',107,585,0,'Cash',NULL,'2022-10-25 13:10:22.000000','2023-01-25 08:01:26.000000','2023-01-25 08:01:26'),
(108,3,'2022-10-25','INV/SL_1218',108,760,0,'Cash',NULL,'2022-10-25 13:12:22.000000','2023-01-28 18:09:15.000000','2023-01-28 18:09:15'),
(109,3,'2022-10-25','INV/SL_1219',109,760,0,'Cash',NULL,'2022-10-25 13:13:26.000000','2023-01-28 18:09:22.000000','2023-01-28 18:09:22'),
(110,3,'2022-10-25','INV/SL_1220',110,760,0,'Cash',NULL,'2022-10-25 13:14:52.000000','2023-01-28 18:09:48.000000','2023-01-28 18:09:48'),
(111,3,'2022-10-25','INV/SL_1221',111,760,0,'Cash',NULL,'2022-10-25 13:15:49.000000','2023-01-28 18:10:08.000000','2023-01-28 18:10:08'),
(112,3,'2022-10-25','INV/SL_1222',112,760,0,'Cash',NULL,'2022-10-25 13:22:22.000000','2023-01-28 18:10:19.000000','2023-01-28 18:10:19'),
(113,3,'2022-10-25','INV/SL_1223',113,760,0,'Cash',NULL,'2022-10-25 13:23:28.000000','2023-01-28 18:10:57.000000','2023-01-28 18:10:57'),
(114,3,'2022-10-25','INV/SL_1224',114,760,0,'Cash',NULL,'2022-10-25 13:25:26.000000','2023-01-28 18:10:43.000000','2023-01-28 18:10:43'),
(115,3,'2022-10-25','INV/SL_1225',115,760,0,'Cash',NULL,'2022-10-25 13:26:48.000000','2023-01-28 18:03:28.000000','2023-01-28 18:03:28'),
(116,3,'2022-10-25','INV/SL_1226',116,760,0,'Cash',NULL,'2022-10-25 13:28:23.000000','2023-01-28 18:02:57.000000','2023-01-28 18:02:57'),
(117,3,'2022-10-25','INV/SL_1227',117,760,0,'Cash',NULL,'2022-10-25 13:29:59.000000','2023-01-28 18:03:12.000000','2023-01-28 18:03:12'),
(118,3,'2022-10-25','INV/SL_1228',118,760,0,'Cash',NULL,'2022-10-25 13:31:24.000000','2023-01-28 18:03:41.000000','2023-01-28 18:03:41'),
(119,3,'2022-10-25','INV/SL_1229',119,760,0,'Cash',NULL,'2022-10-25 13:33:10.000000','2023-01-28 18:02:51.000000','2023-01-28 18:02:51'),
(120,4,'2022-10-25','INV/SL_1230',120,585,0,'Cash',NULL,'2022-10-25 13:33:27.000000','2023-01-25 08:01:26.000000','2023-01-25 08:01:26'),
(121,3,'2022-10-25','INV/SL_1231',121,760,0,'Cash',NULL,'2022-10-25 13:35:10.000000','2023-01-28 18:03:53.000000','2023-01-28 18:03:53'),
(122,3,'2022-10-25','INV/SL_1232',122,760,0,'Cash',NULL,'2022-10-25 13:36:55.000000','2023-01-28 18:04:01.000000','2023-01-28 18:04:01'),
(123,4,'2022-10-25','INV/SL_1233',123,640,0,'Cash',NULL,'2022-10-25 13:37:34.000000','2023-01-25 08:01:26.000000','2023-01-25 08:01:26'),
(124,3,'2022-10-25','INV/SL_1234',124,690,0,'Cash',NULL,'2022-10-25 13:39:14.000000','2023-01-28 18:04:08.000000','2023-01-28 18:04:08'),
(125,3,'2022-10-25','INV/SL_1235',125,670,0,'Cash',NULL,'2022-10-25 13:40:39.000000','2023-01-28 18:04:30.000000','2023-01-28 18:04:30'),
(126,4,'2022-10-25','INV/SL_1236',126,780,0,'Cash',NULL,'2022-10-25 13:42:08.000000','2023-01-25 08:01:26.000000','2023-01-25 08:01:26'),
(127,3,'2022-10-25','INV/SL_1237',127,670,0,'Cash',NULL,'2022-10-25 13:44:04.000000','2023-01-28 18:02:46.000000','2023-01-28 18:02:46'),
(128,4,'2022-10-25','INV/SL_1238',128,510,0,'Cash',NULL,'2022-10-25 13:48:08.000000','2023-01-25 08:01:26.000000','2023-01-25 08:01:26'),
(129,3,'2022-10-25','INV/SL_1239',129,670,0,'Cash',NULL,'2022-10-25 13:52:43.000000','2023-01-28 18:01:30.000000','2023-01-28 18:01:30'),
(130,4,'2022-10-25','INV/SL_1240',130,490,0,'Cash',NULL,'2022-10-25 13:53:32.000000','2023-01-25 08:01:26.000000','2023-01-25 08:01:26'),
(131,4,'2022-10-25','INV/SL_1241',131,490,0,'Cash',NULL,'2022-10-25 13:57:04.000000','2023-01-25 08:01:26.000000','2023-01-25 08:01:26'),
(132,4,'2022-10-25','INV/SL_1242',132,490,0,'Cash',NULL,'2022-10-25 14:01:06.000000','2023-01-25 08:01:26.000000','2023-01-25 08:01:26'),
(133,4,'2022-10-25','INV/SL_1243',133,490,0,'Cash',NULL,'2022-10-25 14:05:30.000000','2023-01-25 08:01:26.000000','2023-01-25 08:01:26'),
(134,3,'2022-10-25','INV/SL_1244',134,670,0,'Cash',NULL,'2022-10-25 14:05:36.000000','2022-10-25 14:05:36.000000',NULL),
(135,4,'2022-10-25','INV/SL_1245',135,490,0,'Cash',NULL,'2022-10-25 14:10:07.000000','2023-01-25 08:01:26.000000','2023-01-25 08:01:26'),
(136,4,'2022-10-25','INV/SL_1246',136,1400,0,'Cash',NULL,'2022-10-25 14:14:16.000000','2023-01-25 08:01:26.000000','2023-01-25 08:01:26'),
(137,4,'2022-10-25','INV/SL_1247',137,780,0,'Cash',NULL,'2022-10-25 14:41:46.000000','2023-01-25 08:01:26.000000','2023-01-25 08:01:26'),
(138,4,'2022-10-25','INV/SL_1248',138,510,0,'Cash',NULL,'2022-10-25 14:46:25.000000','2023-01-25 08:01:26.000000','2023-01-25 08:01:26'),
(139,4,'2022-10-25','INV/SL_1249',139,490,0,'Cash',NULL,'2022-10-25 15:07:10.000000','2023-01-25 08:01:26.000000','2023-01-25 08:01:26'),
(140,4,'2022-10-25','INV/SL_1250',140,640,0,'Cash',NULL,'2022-10-25 15:10:14.000000','2023-01-25 08:01:26.000000','2023-01-25 08:01:26'),
(141,4,'2022-10-25','INV/SL_1251',141,585,0,'Cash',NULL,'2022-10-25 15:20:19.000000','2023-01-25 08:01:26.000000','2023-01-25 08:01:26'),
(142,4,'2022-10-25','INV/SL_1252',142,490,0,'Cash',NULL,'2022-10-25 15:25:52.000000','2023-01-25 08:01:26.000000','2023-01-25 08:01:26'),
(143,4,'2022-10-25','INV/SL_1253',143,490,0,'Cash',NULL,'2022-10-25 15:37:11.000000','2023-01-25 08:01:26.000000','2023-01-25 08:01:26'),
(144,4,'2022-10-25','INV/SL_1254',144,1400,0,'Cash',NULL,'2022-10-25 15:42:58.000000','2023-01-25 08:01:26.000000','2023-01-25 08:01:26'),
(145,4,'2022-10-25','INV/SL_1255',145,1600,0,'Cash',NULL,'2022-10-25 15:50:08.000000','2023-01-25 08:01:26.000000','2023-01-25 08:01:26'),
(146,4,'2022-10-25','INV/SL_1256',146,470,0,'Cash',NULL,'2022-10-25 15:57:01.000000','2023-01-25 08:01:26.000000','2023-01-25 08:01:26'),
(147,3,'2022-10-30','INV/SL_1257',147,590,0,'Cash',NULL,'2022-10-30 08:17:55.000000','2022-10-30 08:17:55.000000',NULL),
(148,4,'2022-10-30','INV/SL_1258',148,760,0,'Cash',NULL,'2022-10-30 08:33:51.000000','2023-01-25 08:01:26.000000','2023-01-25 08:01:26'),
(149,4,'2022-10-30','INV/SL_1259',149,590,0,'Cash',NULL,'2022-10-30 08:37:40.000000','2023-01-25 08:01:26.000000','2023-01-25 08:01:26'),
(150,3,'2022-10-30','INV/SL_1260',150,585,0,'Cash',NULL,'2022-10-30 11:55:01.000000','2022-10-30 11:55:01.000000',NULL),
(151,4,'2022-10-31','INV/SL_1261',151,590,0,'Cash',NULL,'2022-10-31 11:46:03.000000','2023-01-25 08:01:27.000000','2023-01-25 08:01:27'),
(152,4,'2022-10-31','INV/SL_1262',152,590,0,'Cash',NULL,'2022-10-31 11:50:45.000000','2023-01-25 08:01:27.000000','2023-01-25 08:01:27'),
(153,3,'2022-10-31','INV/SL_1263',153,790,0,'Cash',NULL,'2022-10-31 11:53:03.000000','2022-10-31 11:53:03.000000',NULL),
(154,4,'2022-10-31','INV/SL_1264',154,590,0,'Cash',NULL,'2022-10-31 11:56:02.000000','2023-01-25 08:01:27.000000','2023-01-25 08:01:27'),
(155,4,'2022-10-31','INV/SL_1265',155,1400,0,'Cash',NULL,'2022-10-31 12:15:26.000000','2023-01-25 08:01:27.000000','2023-01-25 08:01:27'),
(156,4,'2022-10-31','INV/SL_1266',156,585,0,'Cash',NULL,'2022-10-31 12:19:47.000000','2023-01-25 08:01:27.000000','2023-01-25 08:01:27'),
(157,4,'2022-10-31','INV/SL_1267',157,640,0,'Cash',NULL,'2022-10-31 12:22:33.000000','2023-01-25 08:01:27.000000','2023-01-25 08:01:27'),
(158,4,'2022-10-31','INV/SL_1268',158,780,0,'Cash',NULL,'2022-10-31 12:25:54.000000','2023-01-25 08:01:27.000000','2023-01-25 08:01:27'),
(159,4,'2022-10-31','INV/SL_1269',159,1400,0,'Cash',NULL,'2022-10-31 12:31:01.000000','2023-01-25 08:01:27.000000','2023-01-25 08:01:27'),
(160,2,'2022-10-31','INV/SL_1270',160,790,0,'Cash',NULL,'2022-10-31 13:11:38.000000','2023-01-25 08:15:40.000000','2023-01-25 08:15:40'),
(161,1,'2022-10-31','INV/SL_1271',161,590,0,'Cash',NULL,'2022-10-31 13:44:45.000000','2023-01-25 08:17:16.000000','2023-01-25 08:17:16'),
(162,1,'2022-10-31','INV/SL_1272',162,590,0,'Cash',NULL,'2022-10-31 13:47:49.000000','2023-01-25 08:17:24.000000','2023-01-25 08:17:24'),
(163,1,'2022-10-31','INV/SL_1273',163,590,0,'Cash',NULL,'2022-10-31 14:02:21.000000','2023-01-25 08:17:34.000000','2023-01-25 08:17:34'),
(164,1,'2022-10-31','INV/SL_1274',164,590,0,'Cash',NULL,'2022-10-31 15:34:41.000000','2023-01-28 18:01:59.000000','2023-01-28 18:01:59'),
(165,1,'2022-10-31','INV/SL_1275',165,590,0,'Cash',NULL,'2022-10-31 15:38:46.000000','2023-01-28 18:02:11.000000','2023-01-28 18:02:11'),
(166,1,'2022-10-31','INV/SL_1276',166,590,0,'Cash',NULL,'2022-10-31 15:45:23.000000','2023-01-28 18:15:43.000000','2023-01-28 18:15:43'),
(167,4,'2022-11-07','INV/SL_1277',167,3075,0,'Cash',NULL,'2022-11-07 11:12:46.000000','2023-01-25 08:01:27.000000','2023-01-25 08:01:27'),
(168,3,'2022-11-07','INV/SL_1278',168,760,0,'Cash',NULL,'2022-11-07 12:18:02.000000','2023-01-25 08:17:08.000000','2023-01-25 08:17:08'),
(169,4,'2022-11-13','INV/SL_1279',169,760,0,'Cash',NULL,'2022-11-13 10:23:37.000000','2023-01-25 08:01:27.000000','2023-01-25 08:01:27'),
(170,4,'2022-11-13','INV/SL_1280',170,760,0,'Cash',NULL,'2022-11-13 10:30:15.000000','2022-12-29 04:18:36.000000','2022-12-29 04:18:36'),
(171,4,'2022-11-13','INV/SL_1281',171,780,0,'Cash',NULL,'2022-11-13 10:36:04.000000','2022-12-29 04:18:36.000000','2022-12-29 04:18:36'),
(172,4,'2022-11-17','INV/SL_1282',172,760,0,'Cash',NULL,'2022-11-17 13:06:16.000000','2023-01-25 08:01:27.000000','2023-01-25 08:01:27'),
(173,3,'2022-11-17','INV/SL_1283',173,500,290,'Cash',NULL,'2022-11-17 13:43:39.000000','2023-01-25 08:46:50.000000','2023-01-25 08:46:50'),
(174,3,'2022-11-17','INV/SL_1284',173,290,0,'Cash',NULL,'2022-11-17 13:45:15.000000','2023-01-25 08:46:50.000000','2023-01-25 08:46:50'),
(175,4,'2022-11-17','INV/SL_1285',174,400,360,'Cash',NULL,'2022-11-17 13:47:03.000000','2023-01-25 08:01:27.000000','2023-01-25 08:01:27'),
(176,4,'2022-11-17','INV/SL_1286',174,360,0,'Cash',NULL,'2022-11-17 13:48:26.000000','2023-01-25 08:01:27.000000','2023-01-25 08:01:27'),
(177,4,'2022-11-17','INV/SL_1287',175,500,85,'Cash',NULL,'2022-11-17 14:53:33.000000','2023-01-25 08:01:27.000000','2023-01-25 08:01:27'),
(178,4,'2022-11-17','INV/SL_1288',175,85,0,'Cash',NULL,'2022-11-17 14:54:56.000000','2023-01-25 08:01:27.000000','2023-01-25 08:01:27'),
(179,4,'2022-11-24','INV/SL_1289',176,500,260,'Cash',NULL,'2022-11-24 10:05:36.000000','2023-01-25 08:01:27.000000','2023-01-25 08:01:27'),
(180,4,'2022-11-24','INV/SL_1290',176,260,0,'Cash',NULL,'2022-11-24 10:07:33.000000','2023-01-25 08:01:27.000000','2023-01-25 08:01:27'),
(181,1,'2022-12-28','INV/SL_1291',181,465,0,'Cash',NULL,'2022-12-28 13:52:31.000000','2023-01-28 18:13:16.000000','2023-01-28 18:13:16'),
(182,1,'2022-12-29','INV/SL_1292',182,7000,0,'0',NULL,'2022-12-29 11:13:18.000000','2023-01-28 18:15:20.000000','2023-01-28 18:15:20'),
(183,3,'2023-01-05','INV/SL_1293',183,510,0,'0',NULL,'2023-01-05 10:29:00.000000','2023-01-28 18:13:47.000000','2023-01-28 18:13:47'),
(184,3,'2023-01-05','INV/SL_1294',184,690,0,'0',NULL,'2023-01-05 10:30:07.000000','2023-01-28 18:15:13.000000','2023-01-28 18:15:13'),
(185,1,'2023-01-06','INV/SL_1295',185,1020,0,'0',NULL,'2023-01-06 15:53:36.000000','2023-01-28 18:13:32.000000','2023-01-28 18:13:32'),
(186,1,'2023-01-16','INV/SL_1296',186,510,0,'0',NULL,'2023-01-16 05:48:18.000000','2023-01-28 18:14:29.000000','2023-01-28 18:14:29'),
(187,1,'2023-01-16','INV/SL_1297',187,510,0,'0',NULL,'2023-01-16 06:47:50.000000','2023-01-28 18:14:45.000000','2023-01-28 18:14:45'),
(188,1,'2023-01-16','INV/SL_1298',188,510,0,'Cash',NULL,'2023-01-16 06:48:33.000000','2023-01-28 18:14:59.000000','2023-01-28 18:14:59'),
(189,1,'2023-01-16','INV/SL_1299',189,700,0,'Cash',NULL,'2023-01-16 06:54:20.000000','2023-01-28 18:16:10.000000','2023-01-28 18:16:10'),
(190,1,'2023-01-16','INV/SL_1300',190,700,0,'0',NULL,'2023-01-16 06:56:36.000000','2023-01-28 18:14:11.000000','2023-01-28 18:14:11'),
(191,1,'2023-01-22','INV/SL_1301',191,39,0,'0',NULL,'2023-01-22 07:51:13.000000','2023-01-22 07:51:13.000000',NULL),
(192,3,'2023-01-23','INV/SL_1302',192,50,15,'Cash',NULL,'2023-01-23 07:29:52.000000','2023-01-23 07:29:52.000000',NULL),
(193,3,'2023-01-23','INV/SL_1303',193,50,15,'Cash',NULL,'2023-01-23 07:32:40.000000','2023-01-23 07:32:40.000000',NULL),
(194,3,'2023-01-23','INV/SL_1304',194,65,0,'Cash',NULL,'2023-01-23 08:21:28.000000','2023-01-23 08:21:28.000000',NULL),
(195,3,'2023-01-24','INV/SL_1305',195,45,0,'0',NULL,'2023-01-24 13:45:46.000000','2023-01-24 13:45:46.000000',NULL),
(196,3,'2023-01-24','INV/SL_1306',196,45,0,'0',NULL,'2023-01-24 14:12:32.000000','2023-01-24 14:12:32.000000',NULL),
(197,3,'2023-01-24','INV/SL_1307',197,39,0,'Cash',NULL,'2023-01-24 15:26:09.000000','2023-01-24 15:26:09.000000',NULL),
(198,3,'2023-01-24','INV/SL_1308',198,39,0,'0','to be delivered','2023-01-24 16:30:56.000000','2023-01-24 16:30:56.000000',NULL),
(199,3,'2023-01-24','INV/SL_1309',199,39,0,'Cash','To be deliverd','2023-01-24 16:31:42.000000','2023-01-24 16:31:42.000000',NULL),
(200,3,'2023-01-24','INV/SL_1310',200,104,0,'Cash','To be deliverd','2023-01-24 16:36:30.000000','2023-01-24 16:36:30.000000',NULL),
(201,3,'2023-01-24','INV/SL_1311',201,65,0,'Cash',NULL,'2023-01-24 16:51:04.000000','2023-01-24 16:51:04.000000',NULL),
(202,3,'2023-01-24','INV/SL_1312',202,78,0,'Cash',NULL,'2023-01-24 16:54:02.000000','2023-01-24 16:54:02.000000',NULL),
(203,3,'2023-01-24','INV/SL_1313',203,39,0,'Cash',NULL,'2023-01-24 18:25:14.000000','2023-01-24 18:25:14.000000',NULL),
(204,3,'2023-01-24','INV/SL_1314',204,39,0,'Cash',NULL,'2023-01-24 18:51:54.000000','2023-01-24 18:51:54.000000',NULL),
(205,3,'2023-01-25','INV/SL_1315',205,150,0,'0','To be delivered','2023-01-25 07:46:01.000000','2023-01-25 07:46:01.000000',NULL),
(206,3,'2023-01-25','INV/SL_1316',206,150,0,'Cash','To be delivered','2023-01-25 09:04:21.000000','2023-01-25 09:04:21.000000',NULL),
(207,3,'2023-01-25','INV/SL_1317',207,104,0,'Cash',NULL,'2023-01-25 09:27:53.000000','2023-01-25 09:27:53.000000',NULL),
(208,3,'2023-01-25','INV/SL_1318',208,39,0,'Cash',NULL,'2023-01-25 09:57:42.000000','2023-01-25 09:57:42.000000',NULL),
(209,3,'2023-01-25','INV/SL_1319',209,39,0,'Cash',NULL,'2023-01-25 10:08:14.000000','2023-01-25 10:08:14.000000',NULL),
(210,3,'2023-01-25','INV/SL_1320',210,150,0,'0',NULL,'2023-01-25 10:11:10.000000','2023-01-25 10:11:10.000000',NULL),
(211,3,'2023-01-25','INV/SL_1321',211,39,0,'Cash',NULL,'2023-01-25 10:23:00.000000','2023-01-25 10:23:00.000000',NULL),
(212,3,'2023-01-25','INV/SL_1322',212,39,0,'Cash',NULL,'2023-01-25 13:02:20.000000','2023-01-25 13:02:20.000000',NULL),
(213,3,'2023-01-25','INV/SL_1323',213,39,0,'Cash',NULL,'2023-01-25 13:55:49.000000','2023-01-25 13:55:49.000000',NULL),
(214,3,'2023-01-25','INV/SL_1324',214,65,0,'Cash',NULL,'2023-01-25 13:58:51.000000','2023-01-25 13:58:51.000000',NULL),
(215,3,'2023-01-25','INV/SL_1325',215,95,0,'Cash',NULL,'2023-01-25 14:00:39.000000','2023-01-25 14:00:39.000000',NULL),
(216,3,'2023-01-25','INV/SL_1326',216,39,0,'Cash',NULL,'2023-01-25 14:37:05.000000','2023-01-25 14:37:05.000000',NULL),
(217,3,'2023-01-25','INV/SL_1327',217,78,0,'Cash',NULL,'2023-01-25 15:02:18.000000','2023-01-25 15:02:18.000000',NULL),
(218,3,'2023-01-25','INV/SL_1328',218,39,0,'Cash',NULL,'2023-01-25 15:19:08.000000','2023-01-25 15:19:08.000000',NULL),
(219,3,'2023-01-25','INV/SL_1329',219,39,0,'Cash',NULL,'2023-01-25 15:37:04.000000','2023-01-25 15:37:04.000000',NULL),
(220,3,'2023-01-25','INV/SL_1330',220,39,0,'Cash',NULL,'2023-01-25 15:37:59.000000','2023-01-25 15:37:59.000000',NULL),
(221,3,'2023-01-25','INV/SL_1331',221,39,0,'Cash',NULL,'2023-01-25 16:16:41.000000','2023-01-25 16:16:41.000000',NULL),
(222,3,'2023-01-25','INV/SL_1332',222,39,0,'Cash',NULL,'2023-01-25 16:25:10.000000','2023-01-25 16:25:10.000000',NULL),
(223,3,'2023-01-25','INV/SL_1333',223,39,0,'Cash',NULL,'2023-01-25 17:21:59.000000','2023-01-25 17:21:59.000000',NULL),
(224,3,'2023-01-26','INV/SL_1334',224,39,0,'Cash',NULL,'2023-01-26 08:17:53.000000','2023-01-26 08:17:53.000000',NULL),
(225,3,'2023-01-26','INV/SL_1335',225,95,0,'0',NULL,'2023-01-26 08:21:52.000000','2023-01-26 08:21:52.000000',NULL),
(226,3,'2023-01-26','INV/SL_1336',226,78,0,'Cash',NULL,'2023-01-26 08:28:41.000000','2023-01-26 08:28:41.000000',NULL),
(227,3,'2023-01-26','INV/SL_1337',227,39,0,'Cash',NULL,'2023-01-26 09:37:42.000000','2023-01-26 09:37:42.000000',NULL),
(228,3,'2023-01-26','INV/SL_1338',228,65,0,'Cash',NULL,'2023-01-26 10:01:58.000000','2023-01-26 10:01:58.000000',NULL),
(229,3,'2023-01-26','INV/SL_1339',229,65,0,'Cash',NULL,'2023-01-26 10:54:42.000000','2023-01-26 10:54:42.000000',NULL),
(230,3,'2023-01-26','INV/SL_1340',230,39,0,'Cash',NULL,'2023-01-26 11:13:55.000000','2023-01-26 11:13:55.000000',NULL),
(231,3,'2023-01-26','INV/SL_1341',231,78,0,'Cash',NULL,'2023-01-26 12:42:41.000000','2023-01-26 12:42:41.000000',NULL),
(232,3,'2023-01-26','INV/SL_1342',232,39,0,'Cash',NULL,'2023-01-26 13:28:40.000000','2023-01-26 13:28:40.000000',NULL),
(233,3,'2023-01-26','INV/SL_1343',233,104,0,'Cash',NULL,'2023-01-26 14:09:33.000000','2023-01-26 15:34:52.000000','2023-01-26 15:34:52'),
(234,3,'2023-01-26','INV/SL_1344',234,104,0,'Cash',NULL,'2023-01-26 14:10:36.000000','2023-01-26 14:10:36.000000',NULL),
(235,3,'2023-01-26','INV/SL_1345',235,134,0,'Cash',NULL,'2023-01-26 14:32:27.000000','2023-01-26 14:32:27.000000',NULL),
(236,3,'2023-01-26','INV/SL_1346',236,39,0,'Cash',NULL,'2023-01-26 16:30:04.000000','2023-01-26 16:30:04.000000',NULL),
(237,3,'2023-01-26','INV/SL_1347',237,39,0,'Cash',NULL,'2023-01-26 16:39:20.000000','2023-01-26 16:39:20.000000',NULL),
(238,3,'2023-01-26','INV/SL_1348',238,39,0,'Cash',NULL,'2023-01-26 16:54:24.000000','2023-01-26 16:54:24.000000',NULL),
(239,3,'2023-01-26','INV/SL_1349',239,39,0,'Cash',NULL,'2023-01-26 17:11:26.000000','2023-01-26 17:11:26.000000',NULL),
(240,3,'2023-01-26','INV/SL_1350',240,39,0,'Cash',NULL,'2023-01-26 17:25:38.000000','2023-01-26 17:25:38.000000',NULL),
(241,3,'2023-01-26','INV/SL_1351',241,65,0,'Cash',NULL,'2023-01-26 17:32:47.000000','2023-01-26 17:32:47.000000',NULL),
(242,3,'2023-01-26','INV/SL_1352',242,39,0,'Cash',NULL,'2023-01-26 17:39:33.000000','2023-01-26 17:39:33.000000',NULL),
(243,3,'2023-01-26','INV/SL_1353',243,39,0,'Cash',NULL,'2023-01-26 17:56:37.000000','2023-01-26 17:56:37.000000',NULL),
(244,3,'2023-01-26','INV/SL_1354',244,39,0,'Cash',NULL,'2023-01-26 18:32:30.000000','2023-01-26 18:32:30.000000',NULL),
(245,3,'2023-01-27','INV/SL_1355',245,117,0,'Cash',NULL,'2023-01-27 09:16:21.000000','2023-01-27 09:16:21.000000',NULL),
(246,3,'2023-01-27','INV/SL_1356',246,95,0,'Cash',NULL,'2023-01-27 10:41:14.000000','2023-01-27 10:41:14.000000',NULL),
(247,3,'2023-01-27','INV/SL_1357',247,39,0,'Cash',NULL,'2023-01-27 13:24:05.000000','2023-01-27 13:24:05.000000',NULL),
(248,3,'2023-01-27','INV/SL_1358',248,95,0,'Cash',NULL,'2023-01-27 13:48:33.000000','2023-01-27 13:48:33.000000',NULL),
(249,3,'2023-01-27','INV/SL_1359',249,169,0,'Cash',NULL,'2023-01-27 14:48:56.000000','2023-01-27 14:48:56.000000',NULL),
(250,3,'2023-01-27','INV/SL_1360',250,150,0,'Cash',NULL,'2023-01-27 15:01:10.000000','2023-01-27 15:01:10.000000',NULL),
(251,3,'2023-01-27','INV/SL_1361',251,39,0,'Cash',NULL,'2023-01-27 15:22:45.000000','2023-01-27 15:22:45.000000',NULL),
(252,3,'2023-01-27','INV/SL_1362',252,134,0,'Cash',NULL,'2023-01-27 15:35:43.000000','2023-01-27 15:35:43.000000',NULL),
(253,3,'2023-01-27','INV/SL_1363',253,95,0,'Cash',NULL,'2023-01-27 16:14:43.000000','2023-01-27 16:14:43.000000',NULL),
(254,3,'2023-01-27','INV/SL_1364',254,39,0,'Cash',NULL,'2023-01-27 16:17:54.000000','2023-01-27 16:17:54.000000',NULL),
(255,3,'2023-01-27','INV/SL_1365',255,39,0,'Cash',NULL,'2023-01-27 16:24:36.000000','2023-01-27 16:24:36.000000',NULL),
(256,3,'2023-01-27','INV/SL_1366',256,39,0,'Cash',NULL,'2023-01-27 16:27:05.000000','2023-01-27 16:27:05.000000',NULL),
(257,3,'2023-01-27','INV/SL_1367',257,39,0,'Cash',NULL,'2023-01-27 16:29:56.000000','2023-01-27 16:29:56.000000',NULL),
(258,3,'2023-01-27','INV/SL_1368',258,39,0,'Cash',NULL,'2023-01-27 16:34:30.000000','2023-01-27 16:34:30.000000',NULL),
(259,3,'2023-01-27','INV/SL_1369',259,39,0,'Cash',NULL,'2023-01-27 17:22:07.000000','2023-01-27 17:22:07.000000',NULL),
(260,3,'2023-01-27','INV/SL_1370',260,39,0,'Cash',NULL,'2023-01-27 17:24:33.000000','2023-01-27 17:24:33.000000',NULL),
(261,3,'2023-01-27','INV/SL_1371',261,39,0,'Cash',NULL,'2023-01-27 17:33:01.000000','2023-01-27 17:33:01.000000',NULL),
(262,3,'2023-01-27','INV/SL_1372',262,78,0,'Cash',NULL,'2023-01-27 17:50:04.000000','2023-01-27 17:50:04.000000',NULL),
(263,3,'2023-01-27','INV/SL_1373',263,39,0,'Cash',NULL,'2023-01-27 17:51:25.000000','2023-01-27 17:51:25.000000',NULL),
(264,3,'2023-01-27','INV/SL_1374',264,39,0,'Cash',NULL,'2023-01-27 17:54:37.000000','2023-01-27 17:54:37.000000',NULL),
(265,3,'2023-01-27','INV/SL_1375',265,95,0,'Cash',NULL,'2023-01-27 18:10:47.000000','2023-01-27 18:10:47.000000',NULL),
(266,3,'2023-01-27','INV/SL_1376',266,65,0,'Cash',NULL,'2023-01-27 18:50:51.000000','2023-01-27 18:50:51.000000',NULL),
(267,3,'2023-01-28','INV/SL_1377',267,95,0,'Cash',NULL,'2023-01-28 07:57:19.000000','2023-01-28 07:57:19.000000',NULL),
(268,3,'2023-01-28','INV/SL_1378',268,190,0,'Cash','To be delivered','2023-01-28 08:22:29.000000','2023-01-28 08:22:29.000000',NULL),
(269,3,'2023-01-28','INV/SL_1379',269,78,0,'Cash',NULL,'2023-01-28 09:08:25.000000','2023-01-28 09:08:25.000000',NULL),
(270,3,'2023-01-28','INV/SL_1380',270,39,0,'Cash',NULL,'2023-01-28 09:10:02.000000','2023-01-28 09:10:02.000000',NULL),
(271,3,'2023-01-28','INV/SL_1381',271,95,0,'Cash',NULL,'2023-01-28 09:42:10.000000','2023-01-28 09:42:10.000000',NULL),
(272,3,'2023-01-28','INV/SL_1382',272,39,0,'Cash',NULL,'2023-01-28 10:36:52.000000','2023-01-28 10:36:52.000000',NULL),
(273,3,'2023-01-28','INV/SL_1383',273,39,0,'Cash',NULL,'2023-01-28 10:38:28.000000','2023-01-28 10:38:28.000000',NULL),
(274,3,'2023-01-28','INV/SL_1384',274,78,0,'Cash',NULL,'2023-01-28 11:30:20.000000','2023-01-28 11:30:20.000000',NULL),
(275,3,'2023-01-28','INV/SL_1385',275,39,0,'Cash',NULL,'2023-01-28 12:07:36.000000','2023-01-28 12:07:36.000000',NULL),
(276,3,'2023-01-28','INV/SL_1386',276,78,0,'Cash',NULL,'2023-01-28 12:34:47.000000','2023-01-28 12:34:47.000000',NULL),
(277,3,'2023-01-28','INV/SL_1387',277,39,0,'Cash',NULL,'2023-01-28 13:07:12.000000','2023-01-28 13:07:12.000000',NULL),
(278,3,'2023-01-28','INV/SL_1388',278,39,0,'Cash',NULL,'2023-01-28 13:18:11.000000','2023-01-28 13:18:11.000000',NULL),
(279,3,'2023-01-28','INV/SL_1389',279,95,0,'Cash',NULL,'2023-01-28 13:37:53.000000','2023-01-28 13:37:53.000000',NULL),
(280,3,'2023-01-28','INV/SL_1390',280,78,0,'Cash',NULL,'2023-01-28 13:39:50.000000','2023-01-28 13:39:50.000000',NULL),
(281,3,'2023-01-28','INV/SL_1391',281,39,0,'Cash',NULL,'2023-01-28 13:55:18.000000','2023-01-28 13:55:18.000000',NULL),
(282,3,'2023-01-28','INV/SL_1392',282,150,0,'Cash',NULL,'2023-01-28 14:34:04.000000','2023-01-28 14:34:04.000000',NULL),
(283,3,'2023-01-28','INV/SL_1393',283,39,0,'Cash',NULL,'2023-01-28 15:19:00.000000','2023-01-28 15:19:00.000000',NULL),
(284,3,'2023-01-28','INV/SL_1394',284,39,0,'Cash',NULL,'2023-01-28 15:38:14.000000','2023-01-28 15:38:14.000000',NULL),
(285,3,'2023-01-28','INV/SL_1395',285,150,0,'Cash',NULL,'2023-01-28 15:56:07.000000','2023-01-28 15:56:07.000000',NULL),
(286,3,'2023-01-28','INV/SL_1396',286,39,0,'Cash',NULL,'2023-01-28 15:58:11.000000','2023-01-28 15:58:11.000000',NULL),
(287,3,'2023-01-28','INV/SL_1397',287,65,0,'Cash',NULL,'2023-01-28 16:28:38.000000','2023-01-28 16:28:38.000000',NULL),
(288,3,'2023-01-28','INV/SL_1398',288,39,0,'Cash',NULL,'2023-01-28 16:53:49.000000','2023-01-28 16:53:49.000000',NULL),
(289,3,'2023-01-28','INV/SL_1399',289,39,0,'Cash',NULL,'2023-01-28 17:03:10.000000','2023-01-28 17:03:10.000000',NULL),
(290,3,'2023-01-28','INV/SL_1400',290,39,0,'Cash',NULL,'2023-01-28 17:09:30.000000','2023-01-28 17:09:30.000000',NULL),
(291,3,'2023-01-28','INV/SL_1401',291,39,0,'Cash',NULL,'2023-01-28 17:48:08.000000','2023-01-28 17:48:08.000000',NULL),
(292,3,'2023-01-28','INV/SL_1402',292,39,0,'Cash',NULL,'2023-01-28 18:04:04.000000','2023-01-28 18:04:04.000000',NULL),
(293,1,'2023-01-29','INV/SL_1403',293,156,0,'0','SL_1374 return still needs to pay the customer 34','2023-01-29 11:16:38.000000','2023-01-29 11:16:38.000000',NULL),
(294,3,'2023-02-02','INV/SL_1404',294,95,0,'0',NULL,'2023-02-02 07:17:00.000000','2023-02-02 07:17:00.000000',NULL),
(295,3,'2023-02-02','INV/SL_1405',295,95,0,'Cash',NULL,'2023-02-02 08:17:46.000000','2023-02-02 08:17:46.000000',NULL),
(296,3,'2023-02-06','INV/SL_1406',296,510,0,'Cash',NULL,'2023-02-06 07:12:09.000000','2023-02-06 07:12:09.000000',NULL),
(297,3,'2023-02-08','INV/SL_1407',297,490,0,'Cash',NULL,'2023-02-08 06:40:45.000000','2023-02-08 06:40:45.000000',NULL),
(298,3,'2023-02-08','INV/SL_1408',298,490,0,'Cash',NULL,'2023-02-08 07:41:48.000000','2023-02-08 07:41:48.000000',NULL),
(299,3,'2023-02-12','INV/SL_1409',299,340,0,'Cash',NULL,'2023-02-12 06:47:46.000000','2023-02-12 06:47:46.000000',NULL),
(300,3,'2023-02-13','INV/SL_1410',300,45,0,'0',NULL,'2023-02-13 08:28:01.000000','2023-02-13 08:28:01.000000',NULL),
(301,3,'2023-02-14','INV/SL_1411',301,95,0,'Cash',NULL,'2023-02-14 07:42:57.000000','2023-02-14 07:42:57.000000',NULL),
(302,3,'2023-02-21','INV/SL_1412',302,45,0,'0',NULL,'2023-02-21 13:14:47.000000','2023-02-21 13:14:47.000000',NULL),
(303,3,'2023-03-02','INV/SL_1413',303,45,0,'0',NULL,'2023-03-02 09:45:49.000000','2023-03-02 09:45:49.000000',NULL),
(304,3,'2023-03-02','INV/SL_1414',304,1170,0,'0','Full Set','2023-03-02 10:37:05.000000','2023-03-02 10:37:05.000000',NULL),
(305,3,'2023-03-03','INV/SL_1415',305,122,0,'Cash','External link to Mr.Hussien','2023-03-03 13:23:21.000000','2023-03-03 13:23:21.000000',NULL),
(306,3,'2023-03-03','INV/SL_1416',306,150,0,'Cash',NULL,'2023-03-03 14:31:36.000000','2023-03-03 14:31:36.000000',NULL),
(307,3,'2023-03-03','INV/SL_1417',307,160,0,'Cash','External link to Mr.Hussien','2023-03-03 15:33:14.000000','2023-03-03 15:33:14.000000',NULL),
(308,1,'2023-03-04','INV/SL_1418',308,510,0,'0',NULL,'2023-03-04 16:18:26.000000','2023-03-04 16:18:26.000000',NULL),
(309,3,'2023-03-04','INV/SL_1419',309,45,0,'Cash',NULL,'2023-03-04 17:29:48.000000','2023-03-04 17:29:48.000000',NULL),
(310,3,'2023-03-06','INV/SL_1420',310,45,0,'Cash',NULL,'2023-03-06 09:00:35.000000','2023-03-06 09:00:35.000000',NULL),
(311,3,'2023-03-06','INV/SL_1421',311,65,0,'Cash',NULL,'2023-03-06 16:55:26.000000','2023-03-06 16:55:26.000000',NULL),
(312,3,'2023-03-07','INV/SL_1422',312,225,0,'Cash',NULL,'2023-03-07 10:53:06.000000','2023-03-07 10:53:06.000000',NULL),
(313,3,'2023-03-07','INV/SL_1423',313,45,0,'Cash',NULL,'2023-03-07 11:47:28.000000','2023-03-07 11:47:28.000000',NULL),
(314,3,'2023-03-08','INV/SL_1424',314,90,0,'Cash',NULL,'2023-03-08 09:19:45.000000','2023-03-08 09:19:45.000000',NULL),
(315,3,'2023-03-09','INV/SL_1425',315,45,0,'Cash',NULL,'2023-03-09 14:17:56.000000','2023-03-09 14:17:56.000000',NULL),
(316,3,'2023-03-10','INV/SL_1426',316,95,0,'Cash',NULL,'2023-03-10 13:20:04.000000','2023-03-10 13:20:04.000000',NULL),
(317,3,'2023-03-10','INV/SL_1427',317,45,0,'Cash',NULL,'2023-03-10 15:28:22.000000','2023-03-10 15:28:22.000000',NULL),
(318,3,'2023-03-11','INV/SL_1428',318,190,0,'Cash',NULL,'2023-03-11 17:26:28.000000','2023-03-11 17:26:28.000000',NULL),
(319,3,'2023-03-11','INV/SL_1429',319,65,0,'Cash',NULL,'2023-03-11 18:16:43.000000','2023-03-11 18:16:43.000000',NULL),
(320,3,'2023-03-12','INV/SL_1430',320,450,0,'Cash','As Per Mr.Hussien Request 1 Free','2023-03-12 12:23:05.000000','2023-03-12 12:23:05.000000',NULL);

/*Table structure for table `payment_with_credit_card` */

DROP TABLE IF EXISTS `payment_with_credit_card`;

CREATE TABLE `payment_with_credit_card` (
  `id` int(11) NOT NULL AUTO_INCREMENT,
  `payment_id` int(11) NOT NULL,
  `customer_id` int(11) NOT NULL,
  `customer_stripe_id` varchar(192) NOT NULL,
  `charge_id` varchar(192) NOT NULL,
  `created_at` timestamp(6) NULL DEFAULT NULL,
  `updated_at` timestamp(6) NULL DEFAULT NULL,
  PRIMARY KEY (`id`)
) ENGINE=InnoDB DEFAULT CHARSET=utf8mb4;

/*Data for the table `payment_with_credit_card` */

/*Table structure for table `permission_role` */

DROP TABLE IF EXISTS `permission_role`;

CREATE TABLE `permission_role` (
  `id` int(11) NOT NULL AUTO_INCREMENT,
  `permission_id` int(11) NOT NULL,
  `role_id` int(11) NOT NULL,
  PRIMARY KEY (`id`),
  KEY `permission_role_permission_id` (`permission_id`),
  KEY `permission_role_role_id` (`role_id`),
  CONSTRAINT `permission_role_permission_id` FOREIGN KEY (`permission_id`) REFERENCES `permissions` (`id`),
  CONSTRAINT `permission_role_role_id` FOREIGN KEY (`role_id`) REFERENCES `roles` (`id`)
) ENGINE=InnoDB AUTO_INCREMENT=806 DEFAULT CHARSET=utf8mb4;

/*Data for the table `permission_role` */

insert  into `permission_role`(`id`,`permission_id`,`role_id`) values 
(1,1,1),
(2,2,1),
(3,3,1),
(4,4,1),
(5,5,1),
(6,6,1),
(7,7,1),
(8,8,1),
(9,9,1),
(10,10,1),
(11,11,1),
(12,12,1),
(13,13,1),
(14,14,1),
(15,15,1),
(16,16,1),
(17,17,1),
(18,18,1),
(19,19,1),
(20,20,1),
(21,21,1),
(22,22,1),
(23,23,1),
(24,24,1),
(25,25,1),
(26,26,1),
(27,27,1),
(28,28,1),
(29,29,1),
(30,30,1),
(31,31,1),
(32,32,1),
(33,33,1),
(34,34,1),
(35,35,1),
(36,36,1),
(37,37,1),
(38,38,1),
(39,39,1),
(40,40,1),
(41,41,1),
(42,42,1),
(43,43,1),
(44,44,1),
(45,45,1),
(46,46,1),
(47,47,1),
(48,48,1),
(49,49,1),
(50,50,1),
(51,51,1),
(52,52,1),
(53,53,1),
(54,54,1),
(55,55,1),
(56,56,1),
(57,57,1),
(58,58,1),
(59,59,1),
(60,60,1),
(61,61,1),
(62,62,1),
(63,63,1),
(64,64,1),
(65,65,1),
(66,66,1),
(67,67,1),
(68,68,1),
(69,69,1),
(70,70,1),
(72,72,1),
(73,73,1),
(74,74,1),
(75,75,1),
(76,76,1),
(77,77,1),
(78,78,1),
(79,79,1),
(80,80,1),
(81,81,1),
(82,82,1),
(83,83,1),
(84,84,1),
(85,85,1),
(86,86,1),
(87,87,1),
(88,88,1),
(89,89,1),
(90,90,1),
(91,91,1),
(92,92,1),
(93,93,1),
(94,94,1),
(95,95,1),
(96,96,1),
(97,97,1),
(98,98,1),
(99,99,1),
(100,100,1),
(101,101,1),
(102,102,1),
(103,103,1),
(104,104,1),
(105,105,1),
(106,106,1),
(107,107,1),
(108,108,1),
(109,109,1),
(110,110,1),
(111,111,1),
(112,112,1),
(113,113,1),
(114,114,1),
(665,110,2),
(666,1,2),
(667,3,2),
(668,7,2),
(669,11,2),
(670,13,2),
(671,12,2),
(672,65,2),
(673,63,2),
(674,68,2),
(675,87,2),
(676,10,2),
(677,14,2),
(678,26,2),
(679,24,2),
(680,25,2),
(681,21,2),
(682,20,2),
(683,22,2),
(684,18,2),
(685,15,2),
(686,17,2),
(687,28,2),
(688,30,2),
(689,27,2),
(690,86,2),
(691,103,2),
(692,32,2),
(693,31,2),
(694,34,2),
(695,44,2),
(696,45,2),
(697,46,2),
(698,48,2),
(699,50,2),
(700,49,2),
(701,37,2),
(702,38,2),
(703,35,2),
(704,42,2),
(705,41,2),
(706,40,2),
(707,52,2),
(708,51,2),
(709,54,2),
(710,56,2),
(711,55,2),
(712,58,2),
(713,81,2),
(714,80,2),
(715,79,2),
(716,78,2),
(717,77,2),
(718,76,2),
(719,75,2),
(720,74,2),
(721,73,2),
(722,72,2),
(723,70,2),
(724,101,2),
(725,102,2),
(726,104,2),
(727,105,2),
(728,83,2),
(729,85,2),
(730,84,2),
(731,89,2),
(732,113,2),
(733,114,2),
(734,62,2),
(735,60,2),
(736,59,2),
(737,88,2),
(738,111,2),
(739,112,2),
(740,90,2),
(741,94,2),
(742,96,2),
(743,95,2),
(744,97,2),
(745,99,2),
(746,100,2),
(747,98,2),
(748,5,2),
(749,2,2),
(750,9,2),
(751,6,2),
(752,92,2),
(753,91,2),
(754,110,3),
(755,1,3),
(756,7,3),
(757,11,3),
(758,12,3),
(759,26,3),
(760,21,3),
(761,28,3),
(762,27,3),
(763,86,3),
(764,103,3),
(765,30,3),
(766,29,3),
(767,50,3),
(768,48,3),
(769,49,3),
(770,45,3),
(771,44,3),
(772,46,3),
(773,42,3),
(774,40,3),
(775,41,3),
(776,85,3),
(777,60,3),
(778,59,3),
(779,62,3),
(780,81,3),
(781,80,3),
(782,79,3),
(783,78,3),
(784,77,3),
(785,76,3),
(786,75,3),
(787,72,3),
(788,70,3),
(789,101,3),
(790,102,3),
(791,105,3),
(792,18,3),
(793,38,3),
(794,35,3),
(795,37,3),
(796,14,3),
(797,65,3),
(798,63,3),
(799,68,3),
(800,13,3),
(801,34,3),
(802,32,3),
(803,31,3),
(804,107,3),
(805,67,3);

/*Table structure for table `permissions` */

DROP TABLE IF EXISTS `permissions`;

CREATE TABLE `permissions` (
  `id` int(11) NOT NULL AUTO_INCREMENT,
  `name` varchar(192) NOT NULL,
  `label` varchar(192) DEFAULT NULL,
  `description` text DEFAULT NULL,
  `created_at` timestamp(6) NULL DEFAULT NULL,
  `updated_at` timestamp(6) NULL DEFAULT NULL,
  `deleted_at` timestamp NULL DEFAULT NULL,
  PRIMARY KEY (`id`)
) ENGINE=InnoDB AUTO_INCREMENT=115 DEFAULT CHARSET=utf8mb4;

/*Data for the table `permissions` */

insert  into `permissions`(`id`,`name`,`label`,`description`,`created_at`,`updated_at`,`deleted_at`) values 
(1,'users_view',NULL,NULL,NULL,NULL,NULL),
(2,'users_edit',NULL,NULL,NULL,NULL,NULL),
(3,'record_view',NULL,NULL,NULL,NULL,NULL),
(4,'users_delete',NULL,NULL,NULL,NULL,NULL),
(5,'users_add',NULL,NULL,NULL,NULL,NULL),
(6,'permissions_edit',NULL,NULL,NULL,NULL,NULL),
(7,'permissions_view',NULL,NULL,NULL,NULL,NULL),
(8,'permissions_delete',NULL,NULL,NULL,NULL,NULL),
(9,'permissions_add',NULL,NULL,NULL,NULL,NULL),
(10,'products_delete',NULL,NULL,NULL,NULL,NULL),
(11,'products_view',NULL,NULL,NULL,NULL,NULL),
(12,'barcode_view',NULL,NULL,NULL,NULL,NULL),
(13,'products_edit',NULL,NULL,NULL,NULL,NULL),
(14,'products_add',NULL,NULL,NULL,NULL,NULL),
(15,'expense_add',NULL,NULL,NULL,NULL,NULL),
(16,'expense_delete',NULL,NULL,NULL,NULL,NULL),
(17,'expense_edit',NULL,NULL,NULL,NULL,NULL),
(18,'expense_view',NULL,NULL,NULL,NULL,NULL),
(19,'transfer_delete',NULL,NULL,NULL,NULL,NULL),
(20,'transfer_add',NULL,NULL,NULL,NULL,NULL),
(21,'transfer_view',NULL,NULL,NULL,NULL,NULL),
(22,'transfer_edit',NULL,NULL,NULL,NULL,NULL),
(23,'adjustment_delete',NULL,NULL,NULL,NULL,NULL),
(24,'adjustment_add',NULL,NULL,NULL,NULL,NULL),
(25,'adjustment_edit',NULL,NULL,NULL,NULL,NULL),
(26,'adjustment_view',NULL,NULL,NULL,NULL,NULL),
(27,'Sales_edit',NULL,NULL,NULL,NULL,NULL),
(28,'Sales_view',NULL,NULL,NULL,NULL,NULL),
(29,'Sales_delete',NULL,NULL,NULL,NULL,NULL),
(30,'Sales_add',NULL,NULL,NULL,NULL,NULL),
(31,'Purchases_edit',NULL,NULL,NULL,NULL,NULL),
(32,'Purchases_view',NULL,NULL,NULL,NULL,NULL),
(33,'Purchases_delete',NULL,NULL,NULL,NULL,NULL),
(34,'Purchases_add',NULL,NULL,NULL,NULL,NULL),
(35,'Quotations_edit',NULL,NULL,NULL,NULL,NULL),
(36,'Quotations_delete',NULL,NULL,NULL,NULL,NULL),
(37,'Quotations_add',NULL,NULL,NULL,NULL,NULL),
(38,'Quotations_view',NULL,NULL,NULL,NULL,NULL),
(39,'payment_sales_delete',NULL,NULL,NULL,NULL,NULL),
(40,'payment_sales_add',NULL,NULL,NULL,NULL,NULL),
(41,'payment_sales_edit',NULL,NULL,NULL,NULL,NULL),
(42,'payment_sales_view',NULL,NULL,NULL,NULL,NULL),
(43,'Purchase_Returns_delete',NULL,NULL,NULL,NULL,NULL),
(44,'Purchase_Returns_add',NULL,NULL,NULL,NULL,NULL),
(45,'Purchase_Returns_view',NULL,NULL,NULL,NULL,NULL),
(46,'Purchase_Returns_edit',NULL,NULL,NULL,NULL,NULL),
(47,'Sale_Returns_delete',NULL,NULL,NULL,NULL,NULL),
(48,'Sale_Returns_add',NULL,NULL,NULL,NULL,NULL),
(49,'Sale_Returns_edit',NULL,NULL,NULL,NULL,NULL),
(50,'Sale_Returns_view',NULL,NULL,NULL,NULL,NULL),
(51,'payment_purchases_edit',NULL,NULL,NULL,NULL,NULL),
(52,'payment_purchases_view',NULL,NULL,NULL,NULL,NULL),
(53,'payment_purchases_delete',NULL,NULL,NULL,NULL,NULL),
(54,'payment_purchases_add',NULL,NULL,NULL,NULL,NULL),
(55,'payment_returns_edit',NULL,NULL,NULL,NULL,NULL),
(56,'payment_returns_view',NULL,NULL,NULL,NULL,NULL),
(57,'payment_returns_delete',NULL,NULL,NULL,NULL,NULL),
(58,'payment_returns_add',NULL,NULL,NULL,NULL,NULL),
(59,'Customers_edit',NULL,NULL,NULL,NULL,NULL),
(60,'Customers_view',NULL,NULL,NULL,NULL,NULL),
(61,'Customers_delete',NULL,NULL,NULL,NULL,NULL),
(62,'Customers_add',NULL,NULL,NULL,NULL,NULL),
(63,'unit',NULL,NULL,NULL,NULL,NULL),
(64,'currency',NULL,NULL,NULL,NULL,NULL),
(65,'category',NULL,NULL,NULL,NULL,NULL),
(66,'backup',NULL,NULL,NULL,NULL,NULL),
(67,'warehouse',NULL,NULL,NULL,NULL,NULL),
(68,'brand',NULL,NULL,NULL,NULL,NULL),
(69,'setting_system',NULL,NULL,NULL,NULL,NULL),
(70,'Warehouse_report',NULL,NULL,NULL,NULL,NULL),
(72,'Reports_quantity_alerts',NULL,NULL,NULL,NULL,NULL),
(73,'Reports_profit',NULL,NULL,NULL,NULL,NULL),
(74,'Reports_suppliers',NULL,NULL,NULL,NULL,NULL),
(75,'Reports_customers',NULL,NULL,NULL,NULL,NULL),
(76,'Reports_purchase',NULL,NULL,NULL,NULL,NULL),
(77,'Reports_sales',NULL,NULL,NULL,NULL,NULL),
(78,'Reports_payments_purchase_Return',NULL,NULL,NULL,NULL,NULL),
(79,'Reports_payments_Sale_Returns',NULL,NULL,NULL,NULL,NULL),
(80,'Reports_payments_Purchases',NULL,NULL,NULL,NULL,NULL),
(81,'Reports_payments_Sales',NULL,NULL,NULL,NULL,NULL),
(82,'Suppliers_delete',NULL,NULL,NULL,NULL,NULL),
(83,'Suppliers_add',NULL,NULL,NULL,NULL,NULL),
(84,'Suppliers_edit',NULL,NULL,NULL,NULL,NULL),
(85,'Suppliers_view',NULL,NULL,NULL,NULL,NULL),
(86,'Pos_view',NULL,NULL,NULL,NULL,NULL),
(87,'product_import',NULL,NULL,NULL,NULL,NULL),
(88,'customers_import',NULL,NULL,NULL,NULL,NULL),
(89,'Suppliers_import',NULL,NULL,NULL,NULL,NULL),
(90,'view_employee',NULL,NULL,NULL,NULL,NULL),
(91,'add_employee',NULL,NULL,NULL,NULL,NULL),
(92,'edit_employee',NULL,NULL,NULL,NULL,NULL),
(93,'delete_employee',NULL,NULL,NULL,NULL,NULL),
(94,'company',NULL,NULL,NULL,NULL,NULL),
(95,'department',NULL,NULL,NULL,NULL,NULL),
(96,'designation',NULL,NULL,NULL,NULL,NULL),
(97,'office_shift',NULL,NULL,NULL,NULL,NULL),
(98,'attendance',NULL,NULL,NULL,NULL,NULL),
(99,'leave',NULL,NULL,NULL,NULL,NULL),
(100,'holiday',NULL,NULL,NULL,NULL,NULL),
(101,'Top_products',NULL,NULL,NULL,NULL,NULL),
(102,'Top_customers',NULL,NULL,NULL,NULL,NULL),
(103,'shipment',NULL,NULL,NULL,NULL,NULL),
(104,'users_report',NULL,NULL,NULL,NULL,NULL),
(105,'stock_report',NULL,NULL,NULL,NULL,NULL),
(106,'sms_settings',NULL,NULL,NULL,NULL,NULL),
(107,'pos_settings',NULL,NULL,NULL,NULL,NULL),
(108,'payment_gateway',NULL,NULL,NULL,NULL,NULL),
(109,'mail_settings',NULL,NULL,NULL,NULL,NULL),
(110,'dashboard',NULL,NULL,NULL,NULL,NULL),
(111,'pay_due',NULL,NULL,NULL,NULL,NULL),
(112,'pay_sale_return_due',NULL,NULL,NULL,NULL,NULL),
(113,'pay_supplier_due',NULL,NULL,NULL,NULL,NULL),
(114,'pay_purchase_return_due',NULL,NULL,NULL,NULL,NULL);

/*Table structure for table `pos_settings` */

DROP TABLE IF EXISTS `pos_settings`;

CREATE TABLE `pos_settings` (
  `id` int(11) NOT NULL AUTO_INCREMENT,
  `note_customer` varchar(192) NOT NULL DEFAULT 'Thank You For Shopping With Us . Please Come Again',
  `show_note` tinyint(1) NOT NULL DEFAULT 1,
  `show_barcode` tinyint(1) NOT NULL DEFAULT 1,
  `show_discount` tinyint(1) NOT NULL DEFAULT 1,
  `show_customer` tinyint(1) NOT NULL DEFAULT 1,
  `show_email` tinyint(1) NOT NULL DEFAULT 1,
  `show_phone` tinyint(1) NOT NULL DEFAULT 1,
  `show_address` tinyint(1) NOT NULL DEFAULT 1,
  `created_at` timestamp(6) NULL DEFAULT NULL,
  `updated_at` timestamp(6) NULL DEFAULT NULL,
  `deleted_at` timestamp NULL DEFAULT NULL,
  PRIMARY KEY (`id`)
) ENGINE=InnoDB AUTO_INCREMENT=2 DEFAULT CHARSET=utf8mb4;

/*Data for the table `pos_settings` */

insert  into `pos_settings`(`id`,`note_customer`,`show_note`,`show_barcode`,`show_discount`,`show_customer`,`show_email`,`show_phone`,`show_address`,`created_at`,`updated_at`,`deleted_at`) values 
(1,'Thank You For Shopping With Us . Please Come Again',1,1,0,1,0,1,0,NULL,'2022-11-20 11:32:11.000000',NULL);

/*Table structure for table `product_variants` */

DROP TABLE IF EXISTS `product_variants`;

CREATE TABLE `product_variants` (
  `id` int(11) NOT NULL AUTO_INCREMENT,
  `product_id` int(11) DEFAULT NULL,
  `name` varchar(192) DEFAULT NULL,
  `qty` decimal(8,2) DEFAULT 0.00,
  `created_at` timestamp(6) NULL DEFAULT NULL,
  `updated_at` timestamp(6) NULL DEFAULT NULL,
  `deleted_at` timestamp NULL DEFAULT NULL,
  PRIMARY KEY (`id`),
  KEY `product_id_variant` (`product_id`),
  CONSTRAINT `product_id_variant` FOREIGN KEY (`product_id`) REFERENCES `products` (`id`)
) ENGINE=InnoDB AUTO_INCREMENT=246 DEFAULT CHARSET=utf8mb4;

/*Data for the table `product_variants` */

insert  into `product_variants`(`id`,`product_id`,`name`,`qty`,`created_at`,`updated_at`,`deleted_at`) values 
(125,64,'Big Capsule',0.00,NULL,'2023-01-22 09:28:20.000000',NULL),
(126,64,'Small Capsule',0.00,NULL,'2023-01-22 09:28:20.000000',NULL),
(127,65,'Big Capsule',0.00,NULL,'2023-01-22 09:28:06.000000',NULL),
(128,65,'Small Capsule',0.00,NULL,'2023-01-22 09:28:06.000000',NULL),
(129,66,'Big Capsule',0.00,NULL,'2023-01-22 09:27:53.000000',NULL),
(130,66,'Small Capsule',0.00,NULL,'2023-01-22 09:27:53.000000',NULL),
(131,67,'big capsule',0.00,NULL,'2023-01-22 09:27:36.000000',NULL),
(132,67,'small capsule',0.00,NULL,'2023-01-22 09:27:36.000000',NULL),
(133,68,'Big Capslue',0.00,NULL,'2023-01-22 09:27:26.000000',NULL),
(134,68,'Small Capsule',0.00,NULL,'2023-01-22 09:27:26.000000',NULL),
(135,69,'Big Capsule',0.00,NULL,'2023-01-22 09:27:16.000000',NULL),
(136,69,'Small Capsule',0.00,NULL,'2023-01-22 09:27:16.000000',NULL),
(137,70,'Big Capsule',0.00,NULL,'2023-01-22 09:24:05.000000',NULL),
(138,70,'Small Capsule',0.00,NULL,'2023-01-22 09:24:05.000000',NULL),
(139,71,'Big Capsule',0.00,NULL,'2023-01-22 09:23:57.000000',NULL),
(140,71,'Small Capsule',0.00,NULL,'2023-01-22 09:23:57.000000',NULL),
(141,72,'Big Capsule',0.00,NULL,'2023-01-22 09:23:46.000000',NULL),
(142,72,'Small Capsule',0.00,NULL,'2023-01-22 09:23:46.000000',NULL),
(143,73,'Big Capsule',0.00,NULL,'2023-01-22 09:24:29.000000',NULL),
(144,73,'Small Capsule',0.00,NULL,'2023-01-22 09:24:29.000000',NULL),
(145,74,'Big Capsule',0.00,NULL,'2023-01-22 09:22:04.000000',NULL),
(146,74,'Small Capsule',0.00,NULL,'2023-01-22 09:22:04.000000',NULL),
(147,75,'Big Capsule',0.00,NULL,'2023-01-22 09:21:15.000000',NULL),
(148,75,'Small Capsule',0.00,NULL,'2023-01-22 09:21:15.000000',NULL),
(149,76,'Big capsule',0.00,NULL,'2023-01-22 09:20:51.000000',NULL),
(150,76,'Small capsule',0.00,NULL,'2023-01-22 09:20:51.000000',NULL),
(151,77,'Big Capsuie',0.00,NULL,'2023-01-22 09:20:43.000000',NULL),
(152,77,'Small Capsul',0.00,NULL,'2023-01-22 09:20:43.000000',NULL),
(153,78,'Big Capsule',0.00,NULL,'2023-01-22 09:20:16.000000',NULL),
(154,78,'Small Capsule',0.00,NULL,'2023-01-22 09:20:16.000000',NULL),
(155,79,'Big Capsule',0.00,NULL,'2023-01-22 09:20:04.000000',NULL),
(156,79,'Small Capsule',0.00,NULL,'2023-01-22 09:20:04.000000',NULL),
(157,80,'Big Capsule',0.00,NULL,'2023-01-22 11:47:41.000000',NULL),
(158,80,'Small Capsule',0.00,NULL,'2023-01-22 11:47:41.000000',NULL),
(159,81,'Big Capsule',0.00,NULL,'2023-01-22 11:47:29.000000',NULL),
(160,81,'Small Capsule',0.00,NULL,'2023-01-22 11:47:29.000000',NULL),
(161,82,'Big Capsule',0.00,NULL,'2023-01-22 11:47:20.000000',NULL),
(162,82,'Small Capsule',0.00,NULL,'2023-01-22 11:47:20.000000',NULL),
(163,83,'Big Capsule',0.00,NULL,'2023-01-22 11:45:54.000000',NULL),
(164,83,'Small Capsule',0.00,NULL,'2023-01-22 11:45:54.000000',NULL),
(165,84,'Big Capsule',0.00,NULL,'2023-01-22 11:45:08.000000',NULL),
(166,84,'Small Capsule',0.00,NULL,'2023-01-22 11:45:08.000000',NULL),
(167,85,'Big Capsule',0.00,NULL,'2023-01-22 11:44:57.000000',NULL),
(168,85,'Small Capsule',0.00,NULL,'2023-01-22 11:44:57.000000',NULL),
(169,86,'Big Capsule',0.00,NULL,'2023-01-22 11:44:47.000000',NULL),
(170,86,'Small Capsule',0.00,NULL,'2023-01-22 11:44:47.000000',NULL),
(171,87,'Big Capsule',0.00,NULL,'2023-01-22 11:44:14.000000',NULL),
(172,87,'Small Capsule',0.00,NULL,'2023-01-22 11:44:14.000000',NULL),
(173,88,'Big Capsule',0.00,NULL,'2023-01-22 11:44:02.000000',NULL),
(174,88,'Small Capsul',0.00,NULL,'2023-01-22 11:44:02.000000',NULL),
(175,89,'Big Capsule',0.00,NULL,'2023-01-22 11:43:55.000000',NULL),
(176,89,'Small Capsule',0.00,NULL,'2023-01-22 11:43:55.000000',NULL),
(177,91,'Big Capsule',0.00,NULL,'2023-01-22 09:14:46.000000',NULL),
(178,91,'Small Capsule',0.00,NULL,'2023-01-22 09:14:46.000000',NULL),
(179,92,'Big Capsule',0.00,NULL,'2023-01-22 09:13:12.000000',NULL),
(180,92,'Small Capsule',0.00,NULL,'2023-01-22 09:13:12.000000',NULL),
(181,93,'Big Capsule',0.00,NULL,'2023-01-22 09:13:01.000000',NULL),
(182,93,'Small Capsule',0.00,NULL,'2023-01-22 09:13:01.000000',NULL),
(183,94,'Big Capsule',0.00,NULL,'2023-01-22 09:12:51.000000',NULL),
(184,94,'Small Capusle',0.00,NULL,'2023-01-22 09:12:51.000000',NULL),
(185,95,'Big Capsule',0.00,NULL,'2023-01-22 09:12:44.000000',NULL),
(186,95,'Small Capsule',0.00,NULL,'2023-01-22 09:12:44.000000',NULL),
(187,96,'Big Capsule',0.00,NULL,'2023-01-22 09:10:30.000000',NULL),
(188,96,'Small Capsule',0.00,NULL,'2023-01-22 09:10:30.000000',NULL),
(189,97,'Baig Capsule',0.00,NULL,'2023-01-22 09:09:57.000000',NULL),
(190,97,'Small Capsule',0.00,NULL,'2023-01-22 09:09:57.000000',NULL),
(191,98,'Big Capsule',0.00,NULL,'2023-01-22 09:09:32.000000',NULL),
(192,98,'Small Capsule',0.00,NULL,'2023-01-22 09:09:32.000000',NULL),
(193,99,'Big Capsule',0.00,NULL,'2023-01-22 09:09:03.000000',NULL),
(194,99,'Small Capsule',0.00,NULL,'2023-01-22 09:09:03.000000',NULL),
(195,100,'Big Capsule',0.00,NULL,'2023-01-22 09:06:48.000000',NULL),
(196,100,'Small Capsule',0.00,NULL,'2023-01-22 09:06:48.000000',NULL),
(197,101,'Big Capsule',0.00,NULL,'2023-01-22 09:06:37.000000',NULL),
(198,101,'Small Capsule',0.00,NULL,'2023-01-22 09:06:37.000000',NULL),
(199,102,'Big Capsule',0.00,NULL,'2023-01-22 09:05:40.000000',NULL),
(200,102,'Small Capsule',0.00,NULL,'2023-01-22 09:05:40.000000',NULL),
(201,103,'Big Capsule',0.00,NULL,'2023-01-22 09:04:25.000000',NULL),
(202,103,'Small Capsule',0.00,NULL,'2023-01-22 09:04:25.000000',NULL),
(203,104,'Big Capsule',0.00,NULL,'2023-01-22 09:04:18.000000',NULL),
(204,104,'Small Capsule',0.00,NULL,'2023-01-22 09:04:18.000000',NULL),
(205,105,'Big Capsule',0.00,NULL,'2023-01-22 09:04:11.000000',NULL),
(206,105,'Small Capsule',0.00,NULL,'2023-01-22 09:04:11.000000',NULL),
(207,106,'Big Capsule',0.00,NULL,'2023-01-22 09:04:00.000000',NULL),
(208,106,'Small Capsule',0.00,NULL,'2023-01-22 09:04:00.000000',NULL),
(209,107,'Big Capsule',0.00,NULL,'2023-01-22 09:03:14.000000',NULL),
(210,107,'Small Capsule',0.00,NULL,'2023-01-22 09:03:14.000000',NULL),
(211,108,'Big Capsule',0.00,NULL,'2023-01-22 09:03:06.000000',NULL),
(212,108,'Small Capsule',0.00,NULL,'2023-01-22 09:03:06.000000',NULL),
(213,109,'Big Capsule',0.00,NULL,'2023-01-22 09:02:55.000000',NULL),
(214,109,'Small Capusle',0.00,NULL,'2023-01-22 09:02:55.000000',NULL),
(215,110,'Big Capsule',0.00,NULL,'2023-01-22 09:55:53.000000',NULL),
(216,110,'Small Capsule',0.00,NULL,'2023-01-22 09:55:53.000000',NULL),
(217,111,'Big Capsule',0.00,NULL,'2023-01-22 08:58:32.000000',NULL),
(218,111,'Small Capsule',0.00,NULL,'2023-01-22 08:58:32.000000',NULL),
(219,112,'Big Capslue',0.00,NULL,'2023-01-22 08:58:15.000000',NULL),
(220,112,'Small Capsule',0.00,NULL,'2023-01-22 08:58:15.000000',NULL),
(221,113,'Big Capsule',0.00,NULL,'2023-01-22 08:57:23.000000',NULL),
(222,113,'Small Capsule',0.00,NULL,'2023-01-22 08:57:23.000000',NULL),
(223,114,'Big Capusle',0.00,NULL,'2023-01-22 08:57:12.000000',NULL),
(224,114,'Small Capsule',0.00,NULL,'2023-01-22 08:57:12.000000',NULL),
(225,115,'Big Capsule',0.00,NULL,'2023-01-22 08:57:01.000000',NULL),
(226,115,'Small Capsule',0.00,NULL,'2023-01-22 08:57:01.000000',NULL),
(227,116,'Big Capsule',0.00,NULL,'2023-01-22 08:56:48.000000',NULL),
(228,116,'Small Capsule',0.00,NULL,'2023-01-22 08:56:48.000000',NULL),
(229,117,'Big Capsule',0.00,NULL,'2023-01-22 08:55:38.000000',NULL),
(230,117,'Small Capsule',0.00,NULL,'2023-01-22 08:55:38.000000',NULL),
(231,118,'Big Capsule',0.00,NULL,'2023-01-22 08:55:27.000000',NULL),
(232,118,'Small Capsule',0.00,NULL,'2023-01-22 08:55:27.000000',NULL),
(233,119,'Big Capsule',0.00,NULL,'2023-01-22 08:55:15.000000',NULL),
(234,119,'Small Capsule',0.00,NULL,'2023-01-22 08:55:15.000000',NULL),
(235,120,'Big Capsule',0.00,NULL,'2023-01-22 08:30:48.000000',NULL),
(236,120,'Small Capsule',0.00,NULL,'2023-01-22 08:30:48.000000',NULL),
(237,121,'Big Capsule',0.00,NULL,'2023-01-22 08:30:29.000000',NULL),
(238,121,'Small Capsule',0.00,NULL,'2023-01-22 08:30:29.000000',NULL),
(239,122,'Big Capsule',0.00,NULL,'2023-01-22 08:27:22.000000',NULL),
(240,122,'Small Capsule',0.00,NULL,'2023-01-22 08:27:22.000000',NULL),
(241,90,'edsaf',0.00,'2023-01-05 19:35:38.000000','2023-01-08 06:43:37.000000','2023-01-08 06:43:37'),
(242,90,'dfas',0.00,'2023-01-05 19:35:38.000000','2023-01-08 06:43:37.000000','2023-01-08 06:43:37'),
(243,122,'asdf',0.00,'2023-01-05 19:41:47.000000','2023-01-05 19:42:29.000000','2023-01-05 19:42:29'),
(244,90,'Big Capsule',0.00,'2023-01-08 06:43:37.000000','2023-01-22 09:13:20.000000',NULL),
(245,90,'Small Capsule',0.00,'2023-01-08 06:43:37.000000','2023-01-22 09:13:20.000000',NULL);

/*Table structure for table `product_warehouse` */

DROP TABLE IF EXISTS `product_warehouse`;

CREATE TABLE `product_warehouse` (
  `id` int(11) NOT NULL AUTO_INCREMENT,
  `product_id` int(11) NOT NULL,
  `warehouse_id` int(11) NOT NULL,
  `product_variant_id` int(11) DEFAULT NULL,
  `qte` double NOT NULL,
  `created_at` timestamp(6) NULL DEFAULT NULL,
  `updated_at` timestamp(6) NULL DEFAULT NULL,
  `deleted_at` timestamp NULL DEFAULT NULL,
  PRIMARY KEY (`id`),
  KEY `product_warehouse_id` (`product_id`),
  KEY `warehouse_id` (`warehouse_id`),
  KEY `product_variant_id` (`product_variant_id`),
  CONSTRAINT `art_id` FOREIGN KEY (`product_id`) REFERENCES `products` (`id`),
  CONSTRAINT `mag_id` FOREIGN KEY (`warehouse_id`) REFERENCES `warehouses` (`id`),
  CONSTRAINT `product_variant_id` FOREIGN KEY (`product_variant_id`) REFERENCES `product_variants` (`id`)
) ENGINE=InnoDB AUTO_INCREMENT=684 DEFAULT CHARSET=utf8mb4;

/*Data for the table `product_warehouse` */

insert  into `product_warehouse`(`id`,`product_id`,`warehouse_id`,`product_variant_id`,`qte`,`created_at`,`updated_at`,`deleted_at`) values 
(125,64,1,125,17,NULL,'2023-03-04 16:18:23.000000',NULL),
(126,64,1,126,8,NULL,'2022-12-29 10:59:46.000000',NULL),
(127,65,1,127,8,NULL,'2023-02-08 07:41:45.000000',NULL),
(128,65,1,128,10,NULL,'2022-12-29 10:59:06.000000',NULL),
(129,66,1,129,20,NULL,'2023-01-28 18:16:07.000000',NULL),
(130,66,1,130,9,NULL,'2023-01-09 10:59:10.000000',NULL),
(131,67,1,131,5,NULL,'2022-12-29 10:57:28.000000',NULL),
(132,67,1,132,5,NULL,'2022-12-29 10:57:41.000000',NULL),
(133,68,1,133,6,NULL,'2023-01-11 11:37:16.000000',NULL),
(134,68,1,134,5,NULL,'2022-12-29 10:57:08.000000',NULL),
(135,69,1,135,7,NULL,'2023-01-11 12:34:16.000000',NULL),
(136,69,1,136,5,NULL,'2022-12-29 10:56:20.000000',NULL),
(137,70,1,137,6,NULL,'2023-01-11 11:37:23.000000',NULL),
(138,70,1,138,5,NULL,'2022-12-29 10:55:37.000000',NULL),
(139,71,1,139,5,NULL,'2022-12-29 10:54:54.000000',NULL),
(140,71,1,140,5,NULL,'2022-12-29 10:55:09.000000',NULL),
(141,72,1,141,5,NULL,'2022-12-29 10:54:17.000000',NULL),
(142,72,1,142,5,NULL,'2022-12-29 10:54:31.000000',NULL),
(143,73,1,143,5,NULL,'2022-12-29 10:53:35.000000',NULL),
(144,73,1,144,5,NULL,'2022-12-29 10:53:54.000000',NULL),
(145,74,1,145,5,NULL,'2022-12-29 10:53:06.000000',NULL),
(146,74,1,146,5,NULL,'2022-12-29 10:53:20.000000',NULL),
(147,75,1,147,15,NULL,'2022-12-29 10:52:34.000000',NULL),
(148,75,1,148,5,NULL,'2022-12-29 10:52:48.000000',NULL),
(149,76,1,149,10,NULL,'2022-12-29 10:52:00.000000',NULL),
(150,76,1,150,10,NULL,'2022-12-29 10:52:15.000000',NULL),
(151,77,1,151,5,NULL,'2022-12-29 10:49:25.000000',NULL),
(152,77,1,152,5,NULL,'2022-12-29 10:49:39.000000',NULL),
(153,78,1,153,5,NULL,'2022-12-29 10:48:52.000000',NULL),
(154,78,1,154,5,NULL,'2022-12-29 10:49:07.000000',NULL),
(155,79,1,155,5,NULL,'2022-12-29 10:48:19.000000',NULL),
(156,79,1,156,5,NULL,'2022-12-29 10:48:33.000000',NULL),
(157,80,1,157,5,NULL,'2022-12-29 10:45:55.000000',NULL),
(158,80,1,158,5,NULL,'2022-12-29 10:46:09.000000',NULL),
(159,81,1,159,5,NULL,'2022-12-29 10:45:17.000000',NULL),
(160,81,1,160,5,NULL,'2022-12-29 10:45:33.000000',NULL),
(161,82,1,161,5,NULL,'2022-12-29 10:44:43.000000',NULL),
(162,82,1,162,5,NULL,'2022-12-29 10:44:56.000000',NULL),
(163,83,1,163,5,NULL,'2022-12-29 10:44:05.000000',NULL),
(164,83,1,164,5,NULL,'2022-12-29 10:44:20.000000',NULL),
(165,84,1,165,5,NULL,'2022-12-29 10:43:27.000000',NULL),
(166,84,1,166,5,NULL,'2022-12-29 10:43:42.000000',NULL),
(167,85,1,167,5,NULL,'2022-12-29 10:42:28.000000',NULL),
(168,85,1,168,5,NULL,'2022-12-29 10:42:42.000000',NULL),
(169,86,1,169,5,NULL,'2022-12-29 10:41:52.000000',NULL),
(170,86,1,170,5,NULL,'2022-12-29 10:42:08.000000',NULL),
(171,87,1,171,5,NULL,'2022-12-29 10:41:09.000000',NULL),
(172,87,1,172,5,NULL,'2022-12-29 10:41:26.000000',NULL),
(173,88,1,173,6,NULL,'2023-01-11 09:16:19.000000',NULL),
(174,88,1,174,5,NULL,'2022-12-29 10:40:02.000000',NULL),
(175,89,1,175,6,NULL,'2023-01-09 13:08:19.000000',NULL),
(176,89,1,176,5,NULL,'2022-12-29 10:39:28.000000',NULL),
(177,90,1,NULL,5,NULL,'2023-01-05 19:35:38.000000','2023-01-05 19:35:38'),
(178,91,1,177,6,NULL,'2023-01-09 13:21:11.000000',NULL),
(179,91,1,178,5,NULL,'2022-12-29 10:31:23.000000',NULL),
(180,92,1,179,108,NULL,'2023-01-11 11:31:34.000000',NULL),
(181,92,1,180,6,NULL,'2023-01-11 11:31:39.000000',NULL),
(182,93,1,181,107,NULL,'2023-01-11 11:31:46.000000',NULL),
(183,93,1,182,6,NULL,'2023-01-11 11:31:53.000000',NULL),
(184,94,1,183,107,NULL,'2023-01-11 11:31:57.000000',NULL),
(185,94,1,184,6,NULL,'2023-01-11 11:32:03.000000',NULL),
(186,95,1,185,107,NULL,'2023-01-11 11:32:09.000000',NULL),
(187,95,1,186,6,NULL,'2023-01-11 11:32:14.000000',NULL),
(188,96,1,187,7,NULL,'2023-01-11 11:25:59.000000',NULL),
(189,96,1,188,5,NULL,'2022-12-29 10:28:35.000000',NULL),
(190,97,1,189,6,NULL,'2023-01-09 13:23:14.000000',NULL),
(191,97,1,190,5,NULL,'2022-12-29 10:27:43.000000',NULL),
(192,98,1,191,6,NULL,'2023-01-09 13:23:19.000000',NULL),
(193,98,1,192,5,NULL,'2022-12-29 10:26:34.000000',NULL),
(194,99,1,193,7,NULL,'2023-01-09 13:23:25.000000',NULL),
(195,99,1,194,5,NULL,'2022-12-29 10:24:59.000000',NULL),
(196,100,1,195,7,NULL,'2023-01-09 13:23:29.000000',NULL),
(197,100,1,196,5,NULL,'2022-12-29 11:02:38.000000',NULL),
(198,101,1,197,7,NULL,'2023-01-09 13:23:36.000000',NULL),
(199,101,1,198,5,NULL,'2022-12-29 11:01:37.000000',NULL),
(200,102,1,199,7,NULL,'2023-01-09 13:23:42.000000',NULL),
(201,102,1,200,5,NULL,'2023-01-02 10:49:27.000000',NULL),
(202,103,1,201,6,NULL,'2023-01-09 13:16:42.000000',NULL),
(203,103,1,202,5,NULL,'2023-01-02 10:49:01.000000',NULL),
(204,104,1,203,6,NULL,'2023-01-09 13:16:47.000000',NULL),
(205,104,1,204,5,NULL,'2023-01-02 10:48:27.000000',NULL),
(206,105,1,205,6,NULL,'2023-01-09 13:16:52.000000',NULL),
(207,105,1,206,5,NULL,'2023-01-02 10:47:51.000000',NULL),
(208,106,1,207,5,NULL,'2023-01-02 10:47:02.000000',NULL),
(209,106,1,208,5,NULL,'2023-01-02 10:47:16.000000',NULL),
(210,107,1,209,5,NULL,'2023-01-02 10:46:28.000000',NULL),
(211,107,1,210,5,NULL,'2023-01-02 10:46:42.000000',NULL),
(212,108,1,211,5,NULL,'2023-01-02 10:45:33.000000',NULL),
(213,108,1,212,5,NULL,'2023-01-02 10:45:46.000000',NULL),
(214,109,1,213,5,NULL,'2023-01-02 10:45:05.000000',NULL),
(215,109,1,214,5,NULL,'2023-01-02 10:45:18.000000',NULL),
(216,110,1,215,5,NULL,'2023-01-02 10:44:33.000000',NULL),
(217,110,1,216,5,NULL,'2023-01-02 10:44:47.000000',NULL),
(218,111,1,217,5,NULL,'2023-01-02 10:43:36.000000',NULL),
(219,111,1,218,5,NULL,'2023-01-02 10:43:50.000000',NULL),
(220,112,1,219,5,NULL,'2023-01-02 10:43:01.000000',NULL),
(221,112,1,220,5,NULL,'2023-01-02 10:43:15.000000',NULL),
(222,113,1,221,5,NULL,'2023-01-02 10:41:00.000000',NULL),
(223,113,1,222,5,NULL,'2023-01-02 10:41:14.000000',NULL),
(224,114,1,223,5,NULL,'2023-01-02 10:40:25.000000',NULL),
(225,114,1,224,5,NULL,'2023-01-02 10:40:39.000000',NULL),
(226,115,1,225,5,NULL,'2023-01-02 10:39:48.000000',NULL),
(227,115,1,226,5,NULL,'2023-01-02 10:40:02.000000',NULL),
(228,116,1,227,5,NULL,'2023-01-02 10:39:13.000000',NULL),
(229,116,1,228,5,NULL,'2023-01-02 10:39:28.000000',NULL),
(230,117,1,229,5,NULL,'2023-01-02 10:37:36.000000',NULL),
(231,117,1,230,5,NULL,'2023-01-02 10:38:50.000000',NULL),
(232,118,1,231,5,NULL,'2023-01-02 10:36:54.000000',NULL),
(233,118,1,232,5,NULL,'2023-01-02 10:37:16.000000',NULL),
(234,119,1,233,5,NULL,'2023-01-02 10:36:20.000000',NULL),
(235,119,1,234,5,NULL,'2023-01-02 10:36:34.000000',NULL),
(236,120,1,235,5,NULL,'2023-01-02 10:35:50.000000',NULL),
(237,120,1,236,5,NULL,'2023-01-02 10:36:04.000000',NULL),
(238,121,1,237,5,NULL,'2023-01-02 10:35:07.000000',NULL),
(239,121,1,238,5,NULL,'2023-01-02 10:35:23.000000',NULL),
(240,122,1,239,10,NULL,'2023-01-02 10:16:16.000000',NULL),
(241,122,1,240,0,NULL,NULL,NULL),
(242,90,1,241,0,NULL,'2023-01-08 06:43:37.000000','2023-01-08 06:43:37'),
(243,90,1,242,0,NULL,'2023-01-08 06:43:37.000000','2023-01-08 06:43:37'),
(244,122,1,243,0,NULL,'2023-01-05 19:42:29.000000','2023-01-05 19:42:29'),
(245,90,1,244,6,NULL,'2023-01-28 18:15:20.000000',NULL),
(246,90,1,245,1,NULL,'2023-01-11 11:32:18.000000',NULL),
(247,123,1,NULL,11,NULL,'2023-01-12 06:21:57.000000','2023-01-12 06:21:57'),
(248,124,1,NULL,0,NULL,'2023-01-13 03:42:07.000000','2023-01-13 03:42:07'),
(249,125,1,NULL,0,NULL,'2023-01-13 04:47:11.000000','2023-01-13 04:47:11'),
(250,126,1,NULL,143,NULL,'2023-01-19 07:12:27.000000','2023-01-19 07:12:27'),
(251,127,1,NULL,139,NULL,'2023-01-19 07:12:26.000000','2023-01-19 07:12:26'),
(252,128,1,NULL,74,NULL,'2023-01-19 07:12:24.000000','2023-01-19 07:12:24'),
(253,129,1,NULL,43,NULL,'2023-01-19 07:12:22.000000','2023-01-19 07:12:22'),
(254,131,1,NULL,33,NULL,'2023-03-12 07:56:05.000000',NULL),
(255,132,1,NULL,28,NULL,'2023-03-12 07:52:34.000000',NULL),
(256,133,1,NULL,2,NULL,'2023-03-12 07:54:27.000000',NULL),
(257,134,1,NULL,53,NULL,'2023-01-22 08:36:47.000000','2023-01-22 08:36:47'),
(258,135,1,NULL,83,NULL,'2023-01-22 08:26:03.000000','2023-01-22 08:26:03'),
(259,136,1,NULL,141,NULL,'2023-01-22 08:10:09.000000','2023-01-22 08:10:09'),
(260,137,1,NULL,143,NULL,'2023-01-22 07:01:17.000000','2023-01-22 07:01:17'),
(261,138,1,NULL,26,NULL,'2023-03-12 07:15:16.000000',NULL),
(262,139,1,NULL,0,NULL,'2023-03-02 10:37:02.000000',NULL),
(263,140,1,NULL,2,NULL,'2023-03-16 21:55:13.000000',NULL),
(264,141,1,NULL,23,NULL,'2023-03-16 21:55:00.000000',NULL),
(265,142,1,NULL,50,NULL,'2023-02-13 08:49:41.000000','2023-02-13 08:49:41'),
(266,143,1,NULL,44,NULL,'2023-02-13 08:49:39.000000','2023-02-13 08:49:39'),
(267,144,1,NULL,48,NULL,'2023-02-13 08:49:37.000000','2023-02-13 08:49:37'),
(268,145,1,NULL,40,NULL,'2023-02-13 08:49:36.000000','2023-02-13 08:49:36'),
(269,146,1,NULL,19,NULL,'2023-03-12 12:23:03.000000',NULL),
(270,147,1,NULL,20,NULL,'2023-03-12 12:22:57.000000',NULL),
(271,148,1,NULL,21,NULL,'2023-03-12 12:23:00.000000',NULL),
(272,64,2,125,0,NULL,NULL,NULL),
(273,64,2,126,0,NULL,NULL,NULL),
(274,65,2,127,0,NULL,NULL,NULL),
(275,65,2,128,0,NULL,NULL,NULL),
(276,66,2,129,0,NULL,NULL,NULL),
(277,66,2,130,0,NULL,NULL,NULL),
(278,67,2,131,0,NULL,NULL,NULL),
(279,67,2,132,0,NULL,NULL,NULL),
(280,68,2,133,0,NULL,NULL,NULL),
(281,68,2,134,0,NULL,NULL,NULL),
(282,69,2,135,0,NULL,NULL,NULL),
(283,69,2,136,0,NULL,NULL,NULL),
(284,70,2,137,0,NULL,NULL,NULL),
(285,70,2,138,0,NULL,NULL,NULL),
(286,71,2,139,0,NULL,NULL,NULL),
(287,71,2,140,0,NULL,NULL,NULL),
(288,72,2,141,0,NULL,NULL,NULL),
(289,72,2,142,0,NULL,NULL,NULL),
(290,73,2,143,0,NULL,NULL,NULL),
(291,73,2,144,0,NULL,NULL,NULL),
(292,74,2,145,0,NULL,NULL,NULL),
(293,74,2,146,0,NULL,NULL,NULL),
(294,75,2,147,0,NULL,NULL,NULL),
(295,75,2,148,0,NULL,NULL,NULL),
(296,76,2,149,0,NULL,NULL,NULL),
(297,76,2,150,0,NULL,NULL,NULL),
(298,77,2,151,0,NULL,NULL,NULL),
(299,77,2,152,0,NULL,NULL,NULL),
(300,78,2,153,0,NULL,NULL,NULL),
(301,78,2,154,0,NULL,NULL,NULL),
(302,79,2,155,0,NULL,NULL,NULL),
(303,79,2,156,0,NULL,NULL,NULL),
(304,80,2,157,0,NULL,NULL,NULL),
(305,80,2,158,0,NULL,NULL,NULL),
(306,81,2,159,0,NULL,NULL,NULL),
(307,81,2,160,0,NULL,NULL,NULL),
(308,82,2,161,0,NULL,NULL,NULL),
(309,82,2,162,0,NULL,NULL,NULL),
(310,83,2,163,0,NULL,NULL,NULL),
(311,83,2,164,0,NULL,NULL,NULL),
(312,84,2,165,0,NULL,NULL,NULL),
(313,84,2,166,0,NULL,NULL,NULL),
(314,85,2,167,0,NULL,NULL,NULL),
(315,85,2,168,0,NULL,NULL,NULL),
(316,86,2,169,0,NULL,NULL,NULL),
(317,86,2,170,0,NULL,NULL,NULL),
(318,87,2,171,0,NULL,NULL,NULL),
(319,87,2,172,0,NULL,NULL,NULL),
(320,88,2,173,0,NULL,NULL,NULL),
(321,88,2,174,0,NULL,NULL,NULL),
(322,89,2,175,0,NULL,NULL,NULL),
(323,89,2,176,0,NULL,NULL,NULL),
(324,90,2,244,0,NULL,NULL,NULL),
(325,90,2,245,0,NULL,NULL,NULL),
(326,91,2,177,0,NULL,NULL,NULL),
(327,91,2,178,0,NULL,NULL,NULL),
(328,92,2,179,0,NULL,NULL,NULL),
(329,92,2,180,0,NULL,NULL,NULL),
(330,93,2,181,0,NULL,NULL,NULL),
(331,93,2,182,0,NULL,NULL,NULL),
(332,94,2,183,0,NULL,NULL,NULL),
(333,94,2,184,0,NULL,NULL,NULL),
(334,95,2,185,0,NULL,NULL,NULL),
(335,95,2,186,0,NULL,NULL,NULL),
(336,96,2,187,0,NULL,NULL,NULL),
(337,96,2,188,0,NULL,NULL,NULL),
(338,97,2,189,0,NULL,NULL,NULL),
(339,97,2,190,0,NULL,NULL,NULL),
(340,98,2,191,0,NULL,NULL,NULL),
(341,98,2,192,0,NULL,NULL,NULL),
(342,99,2,193,0,NULL,NULL,NULL),
(343,99,2,194,0,NULL,NULL,NULL),
(344,100,2,195,0,NULL,NULL,NULL),
(345,100,2,196,0,NULL,NULL,NULL),
(346,101,2,197,0,NULL,NULL,NULL),
(347,101,2,198,0,NULL,NULL,NULL),
(348,102,2,199,0,NULL,NULL,NULL),
(349,102,2,200,0,NULL,NULL,NULL),
(350,103,2,201,0,NULL,NULL,NULL),
(351,103,2,202,0,NULL,NULL,NULL),
(352,104,2,203,0,NULL,NULL,NULL),
(353,104,2,204,0,NULL,NULL,NULL),
(354,105,2,205,0,NULL,NULL,NULL),
(355,105,2,206,0,NULL,NULL,NULL),
(356,106,2,207,0,NULL,NULL,NULL),
(357,106,2,208,0,NULL,NULL,NULL),
(358,107,2,209,0,NULL,NULL,NULL),
(359,107,2,210,0,NULL,NULL,NULL),
(360,108,2,211,0,NULL,NULL,NULL),
(361,108,2,212,0,NULL,NULL,NULL),
(362,109,2,213,0,NULL,NULL,NULL),
(363,109,2,214,0,NULL,NULL,NULL),
(364,110,2,215,0,NULL,NULL,NULL),
(365,110,2,216,0,NULL,NULL,NULL),
(366,111,2,217,0,NULL,NULL,NULL),
(367,111,2,218,0,NULL,NULL,NULL),
(368,112,2,219,0,NULL,NULL,NULL),
(369,112,2,220,0,NULL,NULL,NULL),
(370,113,2,221,0,NULL,NULL,NULL),
(371,113,2,222,0,NULL,NULL,NULL),
(372,114,2,223,0,NULL,NULL,NULL),
(373,114,2,224,0,NULL,NULL,NULL),
(374,115,2,225,0,NULL,NULL,NULL),
(375,115,2,226,0,NULL,NULL,NULL),
(376,116,2,227,0,NULL,NULL,NULL),
(377,116,2,228,0,NULL,NULL,NULL),
(378,117,2,229,0,NULL,NULL,NULL),
(379,117,2,230,0,NULL,NULL,NULL),
(380,118,2,231,0,NULL,NULL,NULL),
(381,118,2,232,0,NULL,NULL,NULL),
(382,119,2,233,0,NULL,NULL,NULL),
(383,119,2,234,0,NULL,NULL,NULL),
(384,120,2,235,0,NULL,NULL,NULL),
(385,120,2,236,0,NULL,NULL,NULL),
(386,121,2,237,0,NULL,NULL,NULL),
(387,121,2,238,0,NULL,NULL,NULL),
(388,122,2,239,0,NULL,NULL,NULL),
(389,122,2,240,0,NULL,NULL,NULL),
(390,131,2,NULL,7,NULL,'2023-03-12 07:56:05.000000',NULL),
(391,132,2,NULL,5,NULL,'2023-03-12 07:52:34.000000',NULL),
(392,133,2,NULL,7,NULL,'2023-03-12 07:54:27.000000',NULL),
(393,138,2,NULL,1,NULL,'2023-03-10 15:28:20.000000',NULL),
(394,139,2,NULL,0,NULL,NULL,NULL),
(395,140,2,NULL,0,NULL,'2023-03-12 07:59:10.000000',NULL),
(396,141,2,NULL,5,NULL,'2023-03-12 07:48:27.000000',NULL),
(397,142,2,NULL,0,NULL,'2023-02-13 08:49:41.000000','2023-02-13 08:49:41'),
(398,143,2,NULL,0,NULL,'2023-02-13 08:49:39.000000','2023-02-13 08:49:39'),
(399,144,2,NULL,0,NULL,'2023-02-13 08:49:37.000000','2023-02-13 08:49:37'),
(400,145,2,NULL,0,NULL,'2023-02-13 08:49:36.000000','2023-02-13 08:49:36'),
(401,146,2,NULL,3,NULL,'2023-03-06 07:37:45.000000',NULL),
(402,147,2,NULL,3,NULL,'2023-03-06 07:35:39.000000',NULL),
(403,148,2,NULL,3,NULL,'2023-03-06 07:38:39.000000',NULL),
(404,64,3,125,0,NULL,NULL,NULL),
(405,64,3,126,0,NULL,NULL,NULL),
(406,65,3,127,0,NULL,NULL,NULL),
(407,65,3,128,0,NULL,NULL,NULL),
(408,66,3,129,0,NULL,NULL,NULL),
(409,66,3,130,0,NULL,NULL,NULL),
(410,67,3,131,0,NULL,NULL,NULL),
(411,67,3,132,0,NULL,NULL,NULL),
(412,68,3,133,0,NULL,NULL,NULL),
(413,68,3,134,0,NULL,NULL,NULL),
(414,69,3,135,0,NULL,NULL,NULL),
(415,69,3,136,0,NULL,NULL,NULL),
(416,70,3,137,0,NULL,NULL,NULL),
(417,70,3,138,0,NULL,NULL,NULL),
(418,71,3,139,0,NULL,NULL,NULL),
(419,71,3,140,0,NULL,NULL,NULL),
(420,72,3,141,0,NULL,NULL,NULL),
(421,72,3,142,0,NULL,NULL,NULL),
(422,73,3,143,0,NULL,NULL,NULL),
(423,73,3,144,0,NULL,NULL,NULL),
(424,74,3,145,0,NULL,NULL,NULL),
(425,74,3,146,0,NULL,NULL,NULL),
(426,75,3,147,0,NULL,NULL,NULL),
(427,75,3,148,0,NULL,NULL,NULL),
(428,76,3,149,0,NULL,NULL,NULL),
(429,76,3,150,0,NULL,NULL,NULL),
(430,77,3,151,0,NULL,NULL,NULL),
(431,77,3,152,0,NULL,NULL,NULL),
(432,78,3,153,0,NULL,NULL,NULL),
(433,78,3,154,0,NULL,NULL,NULL),
(434,79,3,155,0,NULL,NULL,NULL),
(435,79,3,156,0,NULL,NULL,NULL),
(436,80,3,157,0,NULL,NULL,NULL),
(437,80,3,158,0,NULL,NULL,NULL),
(438,81,3,159,0,NULL,NULL,NULL),
(439,81,3,160,0,NULL,NULL,NULL),
(440,82,3,161,0,NULL,NULL,NULL),
(441,82,3,162,0,NULL,NULL,NULL),
(442,83,3,163,0,NULL,NULL,NULL),
(443,83,3,164,0,NULL,NULL,NULL),
(444,84,3,165,0,NULL,NULL,NULL),
(445,84,3,166,0,NULL,NULL,NULL),
(446,85,3,167,0,NULL,NULL,NULL),
(447,85,3,168,0,NULL,NULL,NULL),
(448,86,3,169,0,NULL,NULL,NULL),
(449,86,3,170,0,NULL,NULL,NULL),
(450,87,3,171,0,NULL,NULL,NULL),
(451,87,3,172,0,NULL,NULL,NULL),
(452,88,3,173,0,NULL,NULL,NULL),
(453,88,3,174,0,NULL,NULL,NULL),
(454,89,3,175,0,NULL,NULL,NULL),
(455,89,3,176,0,NULL,NULL,NULL),
(456,90,3,244,0,NULL,NULL,NULL),
(457,90,3,245,0,NULL,NULL,NULL),
(458,91,3,177,0,NULL,NULL,NULL),
(459,91,3,178,0,NULL,NULL,NULL),
(460,92,3,179,0,NULL,NULL,NULL),
(461,92,3,180,0,NULL,NULL,NULL),
(462,93,3,181,0,NULL,NULL,NULL),
(463,93,3,182,0,NULL,NULL,NULL),
(464,94,3,183,0,NULL,NULL,NULL),
(465,94,3,184,0,NULL,NULL,NULL),
(466,95,3,185,0,NULL,NULL,NULL),
(467,95,3,186,0,NULL,NULL,NULL),
(468,96,3,187,0,NULL,NULL,NULL),
(469,96,3,188,0,NULL,NULL,NULL),
(470,97,3,189,0,NULL,NULL,NULL),
(471,97,3,190,0,NULL,NULL,NULL),
(472,98,3,191,0,NULL,NULL,NULL),
(473,98,3,192,0,NULL,NULL,NULL),
(474,99,3,193,0,NULL,NULL,NULL),
(475,99,3,194,0,NULL,NULL,NULL),
(476,100,3,195,0,NULL,NULL,NULL),
(477,100,3,196,0,NULL,NULL,NULL),
(478,101,3,197,0,NULL,NULL,NULL),
(479,101,3,198,0,NULL,NULL,NULL),
(480,102,3,199,0,NULL,NULL,NULL),
(481,102,3,200,0,NULL,NULL,NULL),
(482,103,3,201,0,NULL,NULL,NULL),
(483,103,3,202,0,NULL,NULL,NULL),
(484,104,3,203,0,NULL,NULL,NULL),
(485,104,3,204,0,NULL,NULL,NULL),
(486,105,3,205,0,NULL,NULL,NULL),
(487,105,3,206,0,NULL,NULL,NULL),
(488,106,3,207,0,NULL,NULL,NULL),
(489,106,3,208,0,NULL,NULL,NULL),
(490,107,3,209,0,NULL,NULL,NULL),
(491,107,3,210,0,NULL,NULL,NULL),
(492,108,3,211,0,NULL,NULL,NULL),
(493,108,3,212,0,NULL,NULL,NULL),
(494,109,3,213,0,NULL,NULL,NULL),
(495,109,3,214,0,NULL,NULL,NULL),
(496,110,3,215,0,NULL,NULL,NULL),
(497,110,3,216,0,NULL,NULL,NULL),
(498,111,3,217,0,NULL,NULL,NULL),
(499,111,3,218,0,NULL,NULL,NULL),
(500,112,3,219,0,NULL,NULL,NULL),
(501,112,3,220,0,NULL,NULL,NULL),
(502,113,3,221,0,NULL,NULL,NULL),
(503,113,3,222,0,NULL,NULL,NULL),
(504,114,3,223,0,NULL,NULL,NULL),
(505,114,3,224,0,NULL,NULL,NULL),
(506,115,3,225,0,NULL,NULL,NULL),
(507,115,3,226,0,NULL,NULL,NULL),
(508,116,3,227,0,NULL,NULL,NULL),
(509,116,3,228,0,NULL,NULL,NULL),
(510,117,3,229,0,NULL,NULL,NULL),
(511,117,3,230,0,NULL,NULL,NULL),
(512,118,3,231,0,NULL,NULL,NULL),
(513,118,3,232,0,NULL,NULL,NULL),
(514,119,3,233,0,NULL,NULL,NULL),
(515,119,3,234,0,NULL,NULL,NULL),
(516,120,3,235,0,NULL,NULL,NULL),
(517,120,3,236,0,NULL,NULL,NULL),
(518,121,3,237,0,NULL,NULL,NULL),
(519,121,3,238,0,NULL,NULL,NULL),
(520,122,3,239,0,NULL,NULL,NULL),
(521,122,3,240,0,NULL,NULL,NULL),
(522,131,3,NULL,0,NULL,NULL,NULL),
(523,132,3,NULL,0,NULL,NULL,NULL),
(524,133,3,NULL,0,NULL,NULL,NULL),
(525,138,3,NULL,0,NULL,NULL,NULL),
(526,139,3,NULL,0,NULL,NULL,NULL),
(527,140,3,NULL,0,NULL,NULL,NULL),
(528,141,3,NULL,0,NULL,NULL,NULL),
(529,142,3,NULL,0,NULL,'2023-02-13 08:49:41.000000','2023-02-13 08:49:41'),
(530,143,3,NULL,0,NULL,'2023-02-13 08:49:39.000000','2023-02-13 08:49:39'),
(531,144,3,NULL,0,NULL,'2023-02-13 08:49:37.000000','2023-02-13 08:49:37'),
(532,145,3,NULL,0,NULL,'2023-02-13 08:49:36.000000','2023-02-13 08:49:36'),
(533,146,3,NULL,0,NULL,NULL,NULL),
(534,147,3,NULL,0,NULL,NULL,NULL),
(535,148,3,NULL,0,NULL,NULL,NULL),
(536,149,1,NULL,38,NULL,'2023-03-16 21:54:40.000000',NULL),
(537,149,2,NULL,1,NULL,'2023-03-11 17:26:24.000000',NULL),
(538,149,3,NULL,0,NULL,NULL,NULL),
(539,150,1,NULL,35,NULL,'2023-03-06 07:21:01.000000',NULL),
(540,150,2,NULL,3,NULL,'2023-03-06 07:21:01.000000',NULL),
(541,150,3,NULL,0,NULL,NULL,NULL),
(542,151,1,NULL,46,NULL,'2023-03-16 21:54:25.000000',NULL),
(543,151,2,NULL,2,NULL,'2023-03-10 13:19:55.000000',NULL),
(544,151,3,NULL,0,NULL,NULL,NULL),
(545,64,4,125,0,NULL,NULL,NULL),
(546,64,4,126,0,NULL,NULL,NULL),
(547,65,4,127,0,NULL,NULL,NULL),
(548,65,4,128,0,NULL,NULL,NULL),
(549,66,4,129,0,NULL,NULL,NULL),
(550,66,4,130,0,NULL,NULL,NULL),
(551,67,4,131,0,NULL,NULL,NULL),
(552,67,4,132,0,NULL,NULL,NULL),
(553,68,4,133,0,NULL,NULL,NULL),
(554,68,4,134,0,NULL,NULL,NULL),
(555,69,4,135,0,NULL,NULL,NULL),
(556,69,4,136,0,NULL,NULL,NULL),
(557,70,4,137,0,NULL,NULL,NULL),
(558,70,4,138,0,NULL,NULL,NULL),
(559,71,4,139,0,NULL,NULL,NULL),
(560,71,4,140,0,NULL,NULL,NULL),
(561,72,4,141,0,NULL,NULL,NULL),
(562,72,4,142,0,NULL,NULL,NULL),
(563,73,4,143,0,NULL,NULL,NULL),
(564,73,4,144,0,NULL,NULL,NULL),
(565,74,4,145,0,NULL,NULL,NULL),
(566,74,4,146,0,NULL,NULL,NULL),
(567,75,4,147,0,NULL,NULL,NULL),
(568,75,4,148,0,NULL,NULL,NULL),
(569,76,4,149,0,NULL,NULL,NULL),
(570,76,4,150,0,NULL,NULL,NULL),
(571,77,4,151,0,NULL,NULL,NULL),
(572,77,4,152,0,NULL,NULL,NULL),
(573,78,4,153,0,NULL,NULL,NULL),
(574,78,4,154,0,NULL,NULL,NULL),
(575,79,4,155,0,NULL,NULL,NULL),
(576,79,4,156,0,NULL,NULL,NULL),
(577,80,4,157,0,NULL,NULL,NULL),
(578,80,4,158,0,NULL,NULL,NULL),
(579,81,4,159,0,NULL,NULL,NULL),
(580,81,4,160,0,NULL,NULL,NULL),
(581,82,4,161,0,NULL,NULL,NULL),
(582,82,4,162,0,NULL,NULL,NULL),
(583,83,4,163,0,NULL,NULL,NULL),
(584,83,4,164,0,NULL,NULL,NULL),
(585,84,4,165,0,NULL,NULL,NULL),
(586,84,4,166,0,NULL,NULL,NULL),
(587,85,4,167,0,NULL,NULL,NULL),
(588,85,4,168,0,NULL,NULL,NULL),
(589,86,4,169,0,NULL,NULL,NULL),
(590,86,4,170,0,NULL,NULL,NULL),
(591,87,4,171,0,NULL,NULL,NULL),
(592,87,4,172,0,NULL,NULL,NULL),
(593,88,4,173,0,NULL,NULL,NULL),
(594,88,4,174,0,NULL,NULL,NULL),
(595,89,4,175,0,NULL,NULL,NULL),
(596,89,4,176,0,NULL,NULL,NULL),
(597,90,4,244,0,NULL,NULL,NULL),
(598,90,4,245,0,NULL,NULL,NULL),
(599,91,4,177,0,NULL,NULL,NULL),
(600,91,4,178,0,NULL,NULL,NULL),
(601,92,4,179,0,NULL,NULL,NULL),
(602,92,4,180,0,NULL,NULL,NULL),
(603,93,4,181,0,NULL,NULL,NULL),
(604,93,4,182,0,NULL,NULL,NULL),
(605,94,4,183,0,NULL,NULL,NULL),
(606,94,4,184,0,NULL,NULL,NULL),
(607,95,4,185,0,NULL,NULL,NULL),
(608,95,4,186,0,NULL,NULL,NULL),
(609,96,4,187,0,NULL,NULL,NULL),
(610,96,4,188,0,NULL,NULL,NULL),
(611,97,4,189,0,NULL,NULL,NULL),
(612,97,4,190,0,NULL,NULL,NULL),
(613,98,4,191,0,NULL,NULL,NULL),
(614,98,4,192,0,NULL,NULL,NULL),
(615,99,4,193,0,NULL,NULL,NULL),
(616,99,4,194,0,NULL,NULL,NULL),
(617,100,4,195,0,NULL,NULL,NULL),
(618,100,4,196,0,NULL,NULL,NULL),
(619,101,4,197,0,NULL,NULL,NULL),
(620,101,4,198,0,NULL,NULL,NULL),
(621,102,4,199,0,NULL,NULL,NULL),
(622,102,4,200,0,NULL,NULL,NULL),
(623,103,4,201,0,NULL,NULL,NULL),
(624,103,4,202,0,NULL,NULL,NULL),
(625,104,4,203,0,NULL,NULL,NULL),
(626,104,4,204,0,NULL,NULL,NULL),
(627,105,4,205,0,NULL,NULL,NULL),
(628,105,4,206,0,NULL,NULL,NULL),
(629,106,4,207,0,NULL,NULL,NULL),
(630,106,4,208,0,NULL,NULL,NULL),
(631,107,4,209,0,NULL,NULL,NULL),
(632,107,4,210,0,NULL,NULL,NULL),
(633,108,4,211,0,NULL,NULL,NULL),
(634,108,4,212,0,NULL,NULL,NULL),
(635,109,4,213,0,NULL,NULL,NULL),
(636,109,4,214,0,NULL,NULL,NULL),
(637,110,4,215,0,NULL,NULL,NULL),
(638,110,4,216,0,NULL,NULL,NULL),
(639,111,4,217,0,NULL,NULL,NULL),
(640,111,4,218,0,NULL,NULL,NULL),
(641,112,4,219,0,NULL,NULL,NULL),
(642,112,4,220,0,NULL,NULL,NULL),
(643,113,4,221,0,NULL,NULL,NULL),
(644,113,4,222,0,NULL,NULL,NULL),
(645,114,4,223,0,NULL,NULL,NULL),
(646,114,4,224,0,NULL,NULL,NULL),
(647,115,4,225,0,NULL,NULL,NULL),
(648,115,4,226,0,NULL,NULL,NULL),
(649,116,4,227,0,NULL,NULL,NULL),
(650,116,4,228,0,NULL,NULL,NULL),
(651,117,4,229,0,NULL,NULL,NULL),
(652,117,4,230,0,NULL,NULL,NULL),
(653,118,4,231,0,NULL,NULL,NULL),
(654,118,4,232,0,NULL,NULL,NULL),
(655,119,4,233,0,NULL,NULL,NULL),
(656,119,4,234,0,NULL,NULL,NULL),
(657,120,4,235,0,NULL,NULL,NULL),
(658,120,4,236,0,NULL,NULL,NULL),
(659,121,4,237,0,NULL,NULL,NULL),
(660,121,4,238,0,NULL,NULL,NULL),
(661,122,4,239,0,NULL,NULL,NULL),
(662,122,4,240,0,NULL,NULL,NULL),
(663,131,4,NULL,0,NULL,NULL,NULL),
(664,132,4,NULL,0,NULL,NULL,NULL),
(665,133,4,NULL,0,NULL,NULL,NULL),
(666,138,4,NULL,0,NULL,NULL,NULL),
(667,139,4,NULL,0,NULL,NULL,NULL),
(668,140,4,NULL,0,NULL,NULL,NULL),
(669,141,4,NULL,0,NULL,NULL,NULL),
(670,146,4,NULL,0,NULL,NULL,NULL),
(671,147,4,NULL,0,NULL,NULL,NULL),
(672,148,4,NULL,0,NULL,NULL,NULL),
(673,149,4,NULL,0,NULL,NULL,NULL),
(674,150,4,NULL,0,NULL,NULL,NULL),
(675,151,4,NULL,0,NULL,NULL,NULL),
(676,152,1,NULL,14,NULL,'2023-03-08 12:46:17.000000',NULL),
(677,152,2,NULL,0,NULL,NULL,NULL),
(678,152,3,NULL,0,NULL,'2023-03-08 12:45:27.000000',NULL),
(679,152,4,NULL,0,NULL,NULL,NULL),
(680,153,1,NULL,0,NULL,NULL,NULL),
(681,153,2,NULL,0,NULL,NULL,NULL),
(682,153,3,NULL,0,NULL,NULL,NULL),
(683,153,4,NULL,0,NULL,NULL,NULL);

/*Table structure for table `products` */

DROP TABLE IF EXISTS `products`;

CREATE TABLE `products` (
  `id` int(11) NOT NULL AUTO_INCREMENT,
  `code` varchar(192) NOT NULL,
  `parent_code` varbinary(192) DEFAULT NULL,
  `Type_barcode` varchar(192) NOT NULL,
  `name` varchar(192) NOT NULL,
  `cost` double NOT NULL,
  `price` double NOT NULL,
  `category_id` int(11) NOT NULL,
  `brand_id` int(11) DEFAULT NULL,
  `unit_id` int(11) DEFAULT NULL,
  `unit_sale_id` int(11) DEFAULT NULL,
  `unit_purchase_id` int(11) DEFAULT NULL,
  `TaxNet` double DEFAULT 0,
  `tax_method` varchar(192) DEFAULT '1',
  `image` text DEFAULT NULL,
  `note` text DEFAULT NULL,
  `stock_alert` double DEFAULT 0,
  `is_variant` tinyint(1) NOT NULL DEFAULT 0,
  `is_imei` tinyint(1) NOT NULL DEFAULT 0,
  `not_selling` tinyint(1) NOT NULL DEFAULT 0,
  `is_child` tinyint(1) NOT NULL DEFAULT 0,
  `is_active` tinyint(1) DEFAULT 1,
  `created_at` timestamp(6) NULL DEFAULT NULL,
  `updated_at` timestamp(6) NULL DEFAULT NULL,
  `deleted_at` timestamp NULL DEFAULT NULL,
  `pos_id` int(11) NOT NULL,
  `pos_var_id` int(11) NOT NULL,
  PRIMARY KEY (`id`),
  KEY `category_id` (`category_id`),
  KEY `brand_id_products` (`brand_id`),
  KEY `unit_id_products` (`unit_id`),
  KEY `unit_id_sales` (`unit_sale_id`),
  KEY `unit_purchase_products` (`unit_purchase_id`),
  CONSTRAINT `brand_id_products` FOREIGN KEY (`brand_id`) REFERENCES `brands` (`id`),
  CONSTRAINT `category_id` FOREIGN KEY (`category_id`) REFERENCES `categories` (`id`),
  CONSTRAINT `unit_id_products` FOREIGN KEY (`unit_id`) REFERENCES `units` (`id`),
  CONSTRAINT `unit_id_sales` FOREIGN KEY (`unit_sale_id`) REFERENCES `units` (`id`),
  CONSTRAINT `unit_purchase_products` FOREIGN KEY (`unit_purchase_id`) REFERENCES `units` (`id`)
) ENGINE=InnoDB AUTO_INCREMENT=154 DEFAULT CHARSET=utf8mb4;

/*Data for the table `products` */

insert  into `products`(`id`,`code`,`parent_code`,`Type_barcode`,`name`,`cost`,`price`,`category_id`,`brand_id`,`unit_id`,`unit_sale_id`,`unit_purchase_id`,`TaxNet`,`tax_method`,`image`,`note`,`stock_alert`,`is_variant`,`is_imei`,`not_selling`,`is_child`,`is_active`,`created_at`,`updated_at`,`deleted_at`,`pos_id`,`pos_var_id`) values 
(64,'0000000111',NULL,'CODE128','Country 62 Beech',336.5,510,2,1,1,1,1,0,'1','7390880797795772962344323086205527992830COUNTRY 62 BEECH.jpg',NULL,10,1,0,0,0,1,'2022-12-27 08:03:49.000000','2023-01-22 09:28:20.000000',NULL,8074,9142),
(65,'0000002',NULL,'CODE128','Country 62 Beige',296.5,490,2,1,1,1,1,0,'1','13895323386197665730890338704244COUNTRY 62 BEIGE.jpg',NULL,10,1,0,0,0,1,'2022-12-28 12:57:31.000000','2023-01-22 09:28:07.000000',NULL,8074,9145),
(66,'0000003',NULL,'CODE128','Country 112 Beech',427.5,690,2,1,1,1,1,0,'1','36276997162105581826100078496035COUNTRY 112 BEECH WOOD.jpg',NULL,10,1,0,0,0,1,'2022-12-29 08:06:12.000000','2023-01-22 09:27:53.000000',NULL,8093,8289),
(67,'00003',NULL,'CODE128','Country 62 Black',296.5,490,2,1,1,1,1,0,'1','90898516179550672747870868887531COUNTRY 62 BLACK.jpg',NULL,10,1,0,0,0,1,'2022-12-29 08:38:31.000000','2023-01-22 09:27:36.000000',NULL,8074,9148),
(68,'00002',NULL,'CODE128','Country 62 Blue',296.5,490,2,1,1,1,1,0,'1','13909483796062991732946240214304COUNTRY 62 BLUE.jpg',NULL,10,1,0,0,0,1,'2022-12-29 08:41:35.000000','2023-01-22 09:27:26.000000',NULL,8074,9151),
(69,'0002',NULL,'CODE128','Country 62 Gray',296.5,490,2,1,1,1,1,0,'1','8410742170993934828788593402489361747863428845084512704331458280COUNTRY 62 GRAY.jpg',NULL,10,1,0,0,0,1,'2022-12-29 08:45:33.000000','2023-01-22 09:27:16.000000',NULL,8074,10900),
(70,'003',NULL,'CODE128','Country 62 Green',296.5,490,2,1,1,1,1,0,'1','38166384133488452083163027468678COUNTRY 62 GREEN.jpg',NULL,10,1,0,0,0,1,'2022-12-29 08:49:58.000000','2023-01-22 09:24:05.000000',NULL,8074,9157),
(71,'0003',NULL,'CODE128','Country 62 Pink',296.5,490,2,1,1,1,1,0,'1','64421712772641298423278819144867COUNTRY 62 PINK.jpg',NULL,10,1,0,0,0,1,'2022-12-29 08:51:51.000000','2023-01-22 09:23:57.000000',NULL,8074,9160),
(72,'000003',NULL,'CODE128','Country 62 Red',296.5,490,2,1,1,1,1,0,'1','17076115722176238301167447880394COUNTRY 62 RED.jpg',NULL,5,1,0,0,0,1,'2022-12-29 08:54:42.000000','2023-01-22 09:23:46.000000',NULL,8074,9163),
(73,'000002',NULL,'CODE128','Country 62 White',296.5,490,2,1,1,1,1,0,'1','1197516372668491250317543421729961198465COUNTRY 62 WHITE.jpg',NULL,10,1,0,0,0,1,'2022-12-29 08:56:35.000000','2023-01-22 09:24:29.000000',NULL,8074,9166),
(74,'00001',NULL,'CODE128','Country 112 black',397.5,670,2,1,1,1,1,0,'1','48229718961050936988512956534721COUNTRY 112 BLACK.jpg',NULL,10,1,0,0,0,1,'2022-12-29 09:02:24.000000','2023-01-22 09:22:04.000000',NULL,8093,8291),
(75,'10000',NULL,'CODE128','Mini CaF',503.5,470,5,1,1,1,1,0,'1','170449619492836881128593327811051.jpg',NULL,10,1,0,0,0,1,'2022-12-29 09:04:43.000000','2023-01-22 09:21:15.000000',NULL,8150,9635),
(76,'000001',NULL,'CODE128','Country 112 Blue',397.5,670,2,1,1,1,1,0,'1','71911567782555461262802460119585COUNTRY 112 BLUE.jpg',NULL,10,1,0,0,0,1,'2022-12-29 09:10:37.000000','2023-01-22 09:20:51.000000',NULL,8093,8292),
(77,'002222',NULL,'CODE128','Country 112 Green',397.5,670,2,1,1,1,1,0,'1','38145291673431539717507253090278COUNTRY 112 GREEN.jpg',NULL,10,1,0,0,0,1,'2022-12-29 09:29:01.000000','2023-01-22 09:20:43.000000',NULL,8093,8293),
(78,'0021',NULL,'CODE128','Country 167 Beech',517.5,790,2,1,1,1,1,0,'1','858498306589746294000502COUNTRY 167 BEECH 2.jpg',NULL,10,1,0,0,0,1,'2022-12-29 09:30:34.000000','2023-01-22 09:20:16.000000',NULL,10715,10716),
(79,'00222',NULL,'CODE128','Country 167 Beige',477.5,760,2,1,1,1,1,0,'1','788021556998676879692348COUNTRY 167 BEIGE.jpg',NULL,10,1,0,0,0,1,'2022-12-29 09:32:39.000000','2023-01-22 09:20:04.000000',NULL,10715,10718),
(80,'0222',NULL,'CODE128','Country 167 Black',477.5,760,2,1,1,1,1,0,'1','558580125487955744855483COUNTRY 167 BLACK.jpg',NULL,10,1,0,0,0,1,'2022-12-29 09:34:34.000000','2023-01-22 11:47:41.000000',NULL,10715,10720),
(81,'001111',NULL,'CODE128','Country 167 Blue',477.5,760,2,1,1,1,1,0,'1','990063313088556395750443COUNTRY 167 BLUE.jpg',NULL,10,1,0,0,0,1,'2022-12-29 09:35:54.000000','2023-01-22 11:47:29.000000',NULL,10715,10722),
(82,'0001',NULL,'CODE128','Country 167 Green',477.5,760,2,1,1,1,1,0,'1','775051605863664841659812COUNTRY 167 GREEN.jpg',NULL,10,1,0,0,0,1,'2022-12-29 09:37:10.000000','2023-01-22 11:47:20.000000',NULL,10715,10724),
(83,'00011',NULL,'CODE128','Country 112 Grey',397.5,670,2,1,1,1,1,0,'1','80313830974378185688172636773811COUNTRY 112 GREY.jpg',NULL,10,1,0,0,0,1,'2022-12-29 09:38:45.000000','2023-01-22 11:45:54.000000',NULL,8093,8294),
(84,'01111',NULL,'CODE128','Country 167 Grey',477.5,760,2,1,1,1,1,0,'1','311094866560183573282658COUNTRY 167 GRAY.jpg',NULL,10,1,0,0,0,1,'2022-12-29 09:38:58.000000','2023-01-22 11:45:08.000000',NULL,10715,10726),
(85,'0111',NULL,'CODE128','Country 167 Pink',477.5,760,2,1,1,1,1,0,'1','226168306650163911834422COUNTRY 167 PINK.jpg',NULL,10,1,0,0,0,1,'2022-12-29 09:40:16.000000','2023-01-22 11:44:57.000000',NULL,10715,10728),
(86,'0011',NULL,'CODE128','Country 167 Red',477.5,760,2,1,1,1,1,0,'1','632185077848117822662145COUNTRY 167 RED.jpg',NULL,10,1,0,0,0,1,'2022-12-29 09:41:48.000000','2023-01-22 11:44:47.000000',NULL,10715,10730),
(87,'1111111',NULL,'CODE128','Country 167 White',477.5,760,2,1,1,1,1,0,'1','153502751677883736371368COUNTRY 167 WHITE.jpg',NULL,10,1,0,0,0,1,'2022-12-29 09:43:31.000000','2023-01-22 11:44:14.000000',NULL,10715,10732),
(88,'2121212',NULL,'CODE128','Country 112 Pink',397.5,670,2,1,1,1,1,0,'1','955468944895147335853052COUNTRY 112 PINK.jpg',NULL,10,1,0,0,0,1,'2022-12-29 09:46:55.000000','2023-01-22 11:44:02.000000',NULL,8093,8295),
(89,'10101010',NULL,'CODE128','Country 112 Red',397.5,670,2,1,1,1,1,0,'1','878098471391671132716767COUNTRY 112 RED.jpg',NULL,10,1,0,0,0,1,'2022-12-29 09:51:36.000000','2023-01-22 11:43:55.000000',NULL,8093,8296),
(90,'101010',NULL,'CODE128','Curve 120 Brown',910.5,1400,3,1,1,1,1,0,'1','8469332912303149515967773442613127069203CURVE BROWN.jpg',NULL,10,1,0,0,0,1,'2022-12-29 09:54:08.000000','2023-01-22 09:13:20.000000',NULL,-1,-1),
(91,'33333333',NULL,'CODE128','Country 112 White',397.5,670,2,1,1,1,1,0,'1','14678970488226334708129664580587COUNTRY 112 WHITE.jpg',NULL,10,1,1,0,0,1,'2022-12-29 09:57:03.000000','2023-01-22 09:14:46.000000',NULL,8093,8297),
(92,'2222222',NULL,'CODE128','Curve 120 Dark Red',910.5,1400,3,1,1,1,1,0,'1','821480661511287285843382CURVE DARK RED.jpg',NULL,10,1,0,0,0,1,'2022-12-29 09:57:32.000000','2023-01-22 09:13:12.000000',NULL,8112,8114),
(93,'2222222222',NULL,'CODE128','Curve 120 Light Blue',910.5,1400,3,1,1,1,1,0,'1','954312235022414820330135CURVE-LIGHT-BLUE.jpg',NULL,10,1,0,0,0,1,'2022-12-29 09:59:15.000000','2023-01-22 09:13:01.000000',NULL,8112,8115),
(94,'111111111',NULL,'CODE128','Curve 120 Navy Blue',910.5,1400,3,1,1,1,1,0,'1','847750716405105975035606CURVE NAVY BLUE.jpg',NULL,10,1,0,0,0,1,'2022-12-29 10:01:22.000000','2023-01-22 09:12:51.000000',NULL,8112,8116),
(95,'11111111',NULL,'CODE128','Curve 120 Royal Green',910.5,1400,3,1,1,1,1,0,'1','564765825644712732976471CURVE-180-ROYAL-GREEN.jpg',NULL,10,1,0,0,0,1,'2022-12-29 10:02:34.000000','2023-01-22 09:12:44.000000',NULL,8112,8251),
(96,'1111111111',NULL,'CODE128','Curve 180 Red',1089.5,1600,3,1,1,1,1,0,'1','444465903681263762136926CURVE-180-Dark-red.jpg',NULL,10,1,0,0,0,1,'2022-12-29 10:11:13.000000','2023-01-22 09:10:30.000000',NULL,8131,8133),
(97,'0000000000',NULL,'CODE128','Curve 180 Brown',1089.5,1600,3,1,1,1,1,0,'1','685888524886046876698536CURVE-180-BROWN.jpg',NULL,10,1,0,0,0,1,'2022-12-29 10:16:09.000000','2023-01-22 09:09:57.000000',NULL,8131,9872),
(98,'000000000',NULL,'CODE128','Classic 157 Gold',434.5,640,1,1,1,4,4,0,'1','737980196360009089974400classic 157 gold.jpg',NULL,10,1,0,0,0,1,'2022-12-29 10:16:34.000000','2023-01-22 09:09:32.000000',NULL,1204,9221),
(99,'00000000',NULL,'CODE128','Curve 180 Light Blue',1089.5,1600,3,1,1,1,1,0,'1','249280842906928059358505CURVE-180-LIGHT-BLUE.jpg',NULL,10,1,0,0,0,1,'2022-12-29 10:20:51.000000','2023-01-22 09:09:03.000000',NULL,8131,8134),
(100,'333333',NULL,'CODE128','Curve 180 Navy Blue',1089.5,1600,3,1,1,1,1,0,'1','903605557898966679767853CURVE-180-NAVY-BLUE.jpg',NULL,10,1,0,0,0,1,'2022-12-29 10:27:06.000000','2023-01-22 09:06:48.000000',NULL,8131,8135),
(101,'33333',NULL,'CODE128','Curve 180 Royal Green',1089.5,1600,3,1,1,1,1,0,'1','898282996911698734264002CURVE-180-Royal-green.jpg',NULL,10,1,0,0,0,1,'2022-12-29 10:34:59.000000','2023-01-22 09:06:37.000000',NULL,8131,8225),
(102,'3333',NULL,'CODE128','Classic 157 Gold',434.5,640,1,1,1,3,3,0,'1','551057811465274727989034classic-157-gold.jpg',NULL,10,1,0,0,0,1,'2023-01-02 07:29:08.000000','2023-01-22 09:05:40.000000',NULL,1204,9222),
(103,'333',NULL,'CODE128','Classic 157 Gray',384.5,585,1,1,1,3,3,0,'1','260710482756322192873884classic-157-gray-gold.JPG',NULL,10,1,0,0,0,1,'2023-01-02 07:36:36.000000','2023-01-22 09:04:25.000000',NULL,1204,9226),
(104,'33',NULL,'CODE128','Classic 157 Gray',384.5,585,1,1,1,4,4,0,'1','417478134096710750631812classic-157-gray-gold.JPG',NULL,10,1,0,0,0,1,'2023-01-02 07:39:07.000000','2023-01-22 09:04:18.000000',NULL,1204,9225),
(105,'222222',NULL,'CODE128','Classic 157 Gray',384.5,585,1,1,1,5,5,0,'1','568994828946001754926124classic-157-gray-silver.jpg',NULL,10,1,0,0,0,1,'2023-01-02 07:41:22.000000','2023-01-22 09:04:11.000000',NULL,1204,9228),
(106,'22222',NULL,'CODE128','Classic 157 Gray',384.5,585,1,1,1,6,6,0,'1','865888234271091162519425classic-157-gray-silver.jpg',NULL,10,1,0,0,0,1,'2023-01-02 07:42:39.000000','2023-01-22 09:04:00.000000',NULL,1204,9227),
(107,'2222',NULL,'CODE128','Classic 157 Marble Gray',370.5,585,1,1,1,3,3,0,'1','266200073639407122859179classic-157-marble-gold.jpg',NULL,10,1,0,0,0,1,'2023-01-02 08:10:18.000000','2023-01-22 09:03:14.000000',NULL,1204,9230),
(108,'222',NULL,'CODE128','Classic 157 Marble Gray',370.5,585,1,1,1,4,4,0,'1','995175094833426227620115classic-157-marble-gold.jpg',NULL,10,1,0,0,0,1,'2023-01-02 08:11:44.000000','2023-01-22 09:03:06.000000',NULL,1204,9229),
(109,'01011',NULL,'CODE128','Classic 157 Marble Gray',370.5,585,1,1,1,5,5,0,'1','244195623012830617884740classic-157-marble-silver.jpg',NULL,10,1,0,0,0,1,'2023-01-02 08:24:11.000000','2023-01-22 09:02:55.000000',NULL,1204,9232),
(110,'1010',NULL,'CODE128','Classic 157 Marble Gray',370.5,585,1,1,1,6,6,0,'1','27452212518088192250966454122540classic-157-marble-silver.jpg',NULL,10,1,0,0,0,1,'2023-01-02 08:25:26.000000','2023-01-22 09:55:53.000000',NULL,1204,9231),
(111,'010101',NULL,'CODE128','Classic 225 Gold',521.5,780,1,1,1,3,3,0,'1','689253666642761317312081classic-225-gold.jpg',NULL,10,1,0,0,0,1,'2023-01-02 08:54:48.000000','2023-01-22 08:58:32.000000',NULL,10816,10819),
(112,'111111',NULL,'CODE128','Classic 225 Gold',521.5,780,1,1,1,4,4,0,'1','579821402924618843347636classic-225-gold.jpg',NULL,5,1,0,0,0,1,'2023-01-02 08:59:37.000000','2023-01-22 08:58:15.000000',NULL,10816,10817),
(113,'00000000000',NULL,'CODE128','Classic 225 Gray',472.5,750,1,1,1,4,4,0,'1','93110009321475728536062418813729classic-225-gray-gold.jpg',NULL,10,1,0,0,0,1,'2023-01-02 09:02:37.000000','2023-01-22 08:57:23.000000',NULL,10816,10821),
(114,'0000000',NULL,'CODE128','Classic 225 Gray',472.5,750,1,1,1,3,3,0,'1','635574391127441479465568classic-225-gray-gold.jpg',NULL,10,1,0,0,0,1,'2023-01-02 09:04:20.000000','2023-01-22 08:57:12.000000',NULL,10816,10823),
(115,'000000',NULL,'CODE128','Classic 225 Gray',472.5,750,1,1,1,6,6,0,'1','818375822488229363636064classic-225-gray-silver.jpg',NULL,10,1,0,0,0,1,'2023-01-02 09:06:14.000000','2023-01-22 08:57:01.000000',NULL,10816,10825),
(116,'11111',NULL,'CODE128','Classic 225 Gray',472.5,750,1,1,1,5,5,0,'1','49426528724554894449250133657463classic-225-gray-silver.jpg',NULL,10,1,0,0,0,1,'2023-01-02 09:08:48.000000','2023-01-22 08:56:48.000000',NULL,10816,10827),
(117,'11',NULL,'CODE128','Classic 225 Marble Gray',439.5,750,1,1,1,4,4,0,'1','57887345730451413168291318322757classic-225-marble-gold.jpg',NULL,10,1,0,0,0,1,'2023-01-02 09:10:50.000000','2023-01-22 08:55:38.000000',NULL,10816,10829),
(118,'00000',NULL,'CODE128','Classic 225 Marble Gray',439.5,750,1,1,1,3,3,0,'1','98476000834711026389168550658388classic-225-marble-gold.jpg',NULL,10,1,0,0,0,1,'2023-01-02 09:12:19.000000','2023-01-22 08:55:27.000000',NULL,10816,10831),
(119,'00',NULL,'CODE128','Classic 225 Marble Gray',439.5,750,1,1,1,6,6,0,'1','93350873269546156950684347692524classic-225-marble-silver.jpg',NULL,10,1,0,0,0,1,'2023-01-02 09:14:09.000000','2023-01-22 08:55:15.000000',NULL,10816,10833),
(120,'0000',NULL,'CODE128','Classic 225 Marble Gray',439.5,750,1,1,1,5,5,0,'1','25663164748317648065359875788878classic-225-marble-silver.jpg',NULL,10,1,0,0,0,1,'2023-01-02 09:18:03.000000','2023-01-22 08:30:48.000000',NULL,10816,10835),
(121,'111',NULL,'CODE128','Country 112 Beige',397.5,670,2,1,1,1,1,0,'1','302751686261715374411014COUNTRY-BEIGE.jpg',NULL,10,1,0,0,0,1,'2023-01-02 10:07:12.000000','2023-01-22 08:30:29.000000',NULL,8093,8290),
(122,'000',NULL,'CODE128','De Caf',381.5,590,4,1,1,1,1,0,'1','22269761188748521985006420847635189020244.jpeg',NULL,10,1,0,0,0,1,'2023-01-02 10:16:14.000000','2023-01-22 08:27:22.000000',NULL,10879,10880),
(123,'1122334455',NULL,'CODE128','test',100,400,2,1,1,1,1,0,'1','no-image.png',NULL,0,0,0,0,0,1,'2023-01-11 12:44:28.000000','2023-01-12 06:21:57.000000','2023-01-12 06:21:57',10902,-1),
(124,'111111',NULL,'CODE128','test',123,0,1,1,1,1,1,0,'1','no-image.png',NULL,0,0,0,0,0,1,'2023-01-13 03:20:44.000000','2023-01-13 03:42:07.000000','2023-01-13 03:42:07',10906,-1),
(125,'1122334455',NULL,'CODE128','test',123,400,1,1,1,1,1,0,'1','no-image.png',NULL,0,0,0,0,0,1,'2023-01-13 03:44:05.000000','2023-01-13 04:47:11.000000','2023-01-13 04:47:11',10902,-1),
(126,'10951',NULL,'CODE128','Roshina Box 1 Black',19.185,45,37,2,1,1,1,0,'1','33751573Roshina-1-black-1.jpg',NULL,10,0,0,0,0,1,'2023-01-16 09:47:07.000000','2023-01-19 07:12:27.000000','2023-01-19 07:12:27',10907,10951),
(127,'10950',NULL,'CODE128','Roshina 1 Box Beige',20,45,37,2,1,1,1,0,'1','61939099Roshina-1-beige-1.jpg',NULL,10,0,0,0,0,1,'2023-01-16 09:56:21.000000','2023-01-19 07:12:26.000000','2023-01-19 07:12:26',10907,10950),
(128,'10956',NULL,'CODE128','Roshina 1 Box Petrol',20,45,37,2,1,1,1,0,'1','69643945Roshina-1-petrol-1.jpg',NULL,10,0,0,0,0,1,'2023-01-16 09:58:22.000000','2023-01-19 07:12:24.000000','2023-01-19 07:12:24',10907,10956),
(129,'10952',NULL,'CODE128','Roshina 1 Box Light Green',20,45,37,2,1,1,1,0,'1','41532249Roshina-1-light-green-1.jpg',NULL,10,0,0,0,0,1,'2023-01-16 10:00:55.000000','2023-01-19 07:12:22.000000','2023-01-19 07:12:22',10907,10952),
(131,'11007',NULL,'CODE128','Roshina 2 Cement Green',33.965,65,37,2,1,1,1,0,'1','322068571421972022521533Roshina-2-cementgreen-1.jpg',NULL,10,0,0,0,0,1,'2023-01-16 10:46:27.000000','2023-03-05 06:57:14.000000',NULL,10962,11007),
(132,'11008',NULL,'CODE128','Roshina 2 Dark Green',33.965,65,37,2,1,1,1,0,'1','867844739234311897425287Roshina-2-drakgreen-1.jpg',NULL,10,0,0,0,0,1,'2023-01-16 10:48:15.000000','2023-03-05 06:51:51.000000',NULL,10962,11008),
(133,'11009',NULL,'CODE128','Roshina 2 Off White',33.965,65,37,2,1,1,1,0,'1','363010685679942860521264Roshina-2-offwhite-1.jpg',NULL,10,0,0,0,0,1,'2023-01-16 10:50:00.000000','2023-03-05 06:51:39.000000',NULL,10962,11009),
(134,'11020',NULL,'CODE128','Roshina 1 Box Light Green',20,45,37,2,1,1,1,0,'1','9148560866298554Roshina-1-light-green-1-150x150.jpg',NULL,10,0,0,0,0,1,'2023-01-19 07:26:01.000000','2023-01-22 08:36:47.000000','2023-01-22 08:36:47',-1,-1),
(135,'11021',NULL,'CODE128','Roshina 1 Box Petrol',20,45,37,2,1,1,1,0,'1','6969758735804409875952831179939075627826Roshina-1-petrol-1-150x150.jpg',NULL,10,0,0,0,0,1,'2023-01-19 07:29:47.000000','2023-01-22 08:26:03.000000','2023-01-22 08:26:03',-1,-1),
(136,'11018',NULL,'CODE128','Roshina 1 Box Beige',20,45,37,2,1,1,1,0,'1','5894598457566418Roshina-1-beige-1-700x700.jpg',NULL,10,0,0,0,0,1,'2023-01-19 07:31:27.000000','2023-01-22 08:10:09.000000','2023-01-22 08:10:09',-1,-1),
(137,'11019',NULL,'CODE128','Roshina 1 Box Black',20,45,37,2,1,1,1,0,'1','7141245424305906Roshina-1-black-1-700x700.jpg',NULL,10,0,0,0,0,1,'2023-01-19 07:33:06.000000','2023-01-22 07:01:17.000000','2023-01-22 07:01:17',-1,-1),
(138,'11019',NULL,'CODE128','Roshina 1 Black',19.185,45,37,2,1,1,1,0,'1','605416826700762023362043Roshina-1-black-1-700x700.jpg',NULL,10,0,0,0,0,1,'2023-01-22 07:07:03.000000','2023-03-05 06:51:25.000000',NULL,11017,11019),
(139,'11018',NULL,'CODE128','Roshina 1 Beige',19.185,45,37,2,1,1,1,0,'1','5733936560960103Roshina-1-beige-1.jpg',NULL,10,0,0,0,0,1,'2023-01-22 08:16:23.000000','2023-03-05 06:51:13.000000',NULL,11017,11018),
(140,'11021',NULL,'CODE128','Roshina 1 Petrol',19.185,45,37,2,1,1,1,0,'1','67366347Roshina-1-petrol-1.jpg',NULL,10,0,0,0,0,1,'2023-01-22 08:31:33.000000','2023-03-08 06:11:58.000000',NULL,11017,11021),
(141,'11020',NULL,'CODE128','Roshina 1 Light green',19.185,45,37,2,1,1,1,0,'1','5985627415981126Roshina-1-light-green-1.jpg',NULL,10,0,0,0,0,1,'2023-01-22 08:46:41.000000','2023-03-05 06:46:33.000000',NULL,11017,11020),
(142,'11214',NULL,'CODE128','Roshina 1 Box Light green full set',37.95,95,37,2,1,1,1,0,'1','4660508184284570Roshina-1-light-green-1.jpg',NULL,10,0,0,0,0,1,'2023-01-24 06:28:48.000000','2023-02-13 08:49:41.000000','2023-02-13 08:49:41',11017,11214),
(143,'11216',NULL,'CODE128','Roshina 1 Box Petrol Full Set',37.95,95,37,2,1,1,1,0,'1','417863026588427957700661Roshina-1-petrol-1.jpg',NULL,0,0,0,0,0,1,'2023-01-24 06:41:39.000000','2023-02-13 08:49:39.000000','2023-02-13 08:49:39',11017,11216),
(144,'11212',NULL,'CODE128','Roshina 1 Box Black Full Set',37.95,95,1,2,1,1,1,0,'1','2258883291798440Roshina-1-black-1.jpg',NULL,10,0,0,0,0,1,'2023-01-24 06:46:07.000000','2023-02-13 08:49:37.000000','2023-02-13 08:49:37',11017,11212),
(145,'11210',NULL,'CODE128','Roshina 1 Box Beige Full Set',37.95,95,37,2,1,1,1,0,'1','9521293583564198Roshina-1-beige-1.jpg',NULL,0,0,0,0,0,1,'2023-01-24 06:48:37.000000','2023-02-13 08:49:36.000000','2023-02-13 08:49:36',11017,11210),
(146,'11224',NULL,'CODE128','Roshina 2 Off White Full Set',81.45,150,37,2,1,1,1,0,'1','27034180608635197382698780567115Roshina-2-offwhite-1.jpg',NULL,0,0,0,0,0,1,'2023-01-24 07:09:55.000000','2023-03-05 06:30:12.000000',NULL,10962,11224),
(147,'11222',NULL,'CODE128','Roshina 2 Dark Green Full Set',81.45,150,37,2,1,1,1,0,'1','96648107798280759845164251457389Roshina-2-drakgreen-1.jpg',NULL,0,0,0,0,0,1,'2023-01-24 07:13:38.000000','2023-03-05 06:29:14.000000',NULL,10962,11222),
(148,'11220',NULL,'CODE128','Roshina 2 Cement Green Full Set',81.45,150,37,2,1,1,1,0,'1','414072632658981927438297483155031981138057293912Roshina-2-cementgreen-1.jpg',NULL,10,0,0,0,0,1,'2023-01-24 07:16:10.000000','2023-03-05 06:27:14.000000',NULL,10962,11220),
(149,'11212',NULL,'CODE128','Roshina 1 Black Full set',57.135,95,37,2,1,1,1,0,'1','674133992447519043814564929567254571129966030008Roshina-1-black-1.jpg',NULL,5,0,0,0,0,1,'2023-02-13 13:21:56.000000','2023-03-06 07:16:27.000000',NULL,11017,11212),
(150,'11216',NULL,'CODE128','Roshina 1 Petrol Full Set',57.135,95,37,2,1,1,1,0,'1','11711475Roshina-1-petrol-1.jpg',NULL,2,0,0,0,0,1,'2023-03-06 07:19:22.000000','2023-03-06 07:19:22.000000',NULL,11017,11216),
(151,'11214',NULL,'CODE128','Roshina 1 Box Light green full set',57.135,95,37,2,1,1,1,0,'1','48262108Roshina-1-light-green-1.jpg',NULL,2,0,0,0,0,1,'2023-03-06 07:30:04.000000','2023-03-06 07:30:04.000000',NULL,11017,11214),
(152,'4444433',NULL,'CODE128','sample product',5,15,4,2,1,1,1,0,'1','no-image.png',NULL,0,0,0,0,0,1,'2023-03-08 10:43:30.000000','2023-03-08 10:43:30.000000',NULL,11017,11017),
(153,'3333322222',NULL,'CODE128','sample sub',2,6,4,1,1,1,1,0,'1','no-image.png',NULL,0,0,0,0,0,1,'2023-03-08 13:37:04.000000','2023-03-08 13:37:38.000000',NULL,11017,11017);

/*Table structure for table `providers` */

DROP TABLE IF EXISTS `providers`;

CREATE TABLE `providers` (
  `id` int(11) NOT NULL AUTO_INCREMENT,
  `name` varchar(191) NOT NULL,
  `code` int(11) NOT NULL,
  `email` varchar(192) NOT NULL,
  `phone` varchar(191) DEFAULT NULL,
  `tax_number` varchar(192) DEFAULT NULL,
  `country` varchar(191) DEFAULT NULL,
  `city` varchar(191) DEFAULT NULL,
  `adresse` varchar(191) DEFAULT NULL,
  `created_at` timestamp(6) NULL DEFAULT NULL,
  `updated_at` timestamp(6) NULL DEFAULT NULL,
  `deleted_at` timestamp NULL DEFAULT NULL,
  PRIMARY KEY (`id`)
) ENGINE=InnoDB AUTO_INCREMENT=3 DEFAULT CHARSET=utf8mb4;

/*Data for the table `providers` */

insert  into `providers`(`id`,`name`,`code`,`email`,`phone`,`tax_number`,`country`,`city`,`adresse`,`created_at`,`updated_at`,`deleted_at`) values 
(1,'Example Supplier',1,'supplier@example.com','2233445566',NULL,'China','China',NULL,'2022-10-12 15:48:46.000000','2022-11-14 11:34:50.000000','2022-11-14 11:34:50'),
(2,'Cove factory',2,'coveteam7@gmail.com','99830871',NULL,NULL,NULL,NULL,'2022-11-14 11:34:35.000000','2022-12-27 08:13:34.000000',NULL);

/*Table structure for table `purchase_details` */

DROP TABLE IF EXISTS `purchase_details`;

CREATE TABLE `purchase_details` (
  `id` int(11) NOT NULL AUTO_INCREMENT,
  `cost` double NOT NULL,
  `purchase_unit_id` int(11) DEFAULT NULL,
  `TaxNet` double DEFAULT 0,
  `tax_method` varchar(192) DEFAULT '1',
  `discount` double DEFAULT 0,
  `discount_method` varchar(192) DEFAULT '1',
  `purchase_id` int(11) NOT NULL,
  `product_id` int(11) NOT NULL,
  `product_variant_id` int(11) DEFAULT NULL,
  `imei_number` text DEFAULT NULL,
  `total` double NOT NULL,
  `quantity` double NOT NULL,
  `created_at` timestamp(6) NULL DEFAULT NULL,
  `updated_at` timestamp(6) NULL DEFAULT NULL,
  PRIMARY KEY (`id`),
  KEY `purchase_id` (`purchase_id`),
  KEY `product_id` (`product_id`),
  KEY `purchase_product_variant_id` (`product_variant_id`),
  KEY `purchase_unit_id_purchase` (`purchase_unit_id`),
  CONSTRAINT `product_id` FOREIGN KEY (`product_id`) REFERENCES `products` (`id`) ON UPDATE CASCADE,
  CONSTRAINT `purchase_id` FOREIGN KEY (`purchase_id`) REFERENCES `purchases` (`id`),
  CONSTRAINT `purchase_product_variant_id` FOREIGN KEY (`product_variant_id`) REFERENCES `product_variants` (`id`) ON DELETE NO ACTION ON UPDATE NO ACTION,
  CONSTRAINT `purchase_unit_id_purchase` FOREIGN KEY (`purchase_unit_id`) REFERENCES `units` (`id`)
) ENGINE=InnoDB AUTO_INCREMENT=334 DEFAULT CHARSET=utf8mb4;

/*Data for the table `purchase_details` */

insert  into `purchase_details`(`id`,`cost`,`purchase_unit_id`,`TaxNet`,`tax_method`,`discount`,`discount_method`,`purchase_id`,`product_id`,`product_variant_id`,`imei_number`,`total`,`quantity`,`created_at`,`updated_at`) values 
(128,200,1,0,'1',0,'2',50,64,125,NULL,800,4,NULL,NULL),
(129,200,1,0,'1',0,'2',51,64,125,NULL,600,3,NULL,NULL),
(130,200,1,0,'1',0,'2',51,64,126,NULL,600,3,NULL,NULL),
(131,200,1,0,'1',0,'2',52,64,125,NULL,600,3,NULL,NULL),
(132,200,1,0,'1',0,'2',55,64,125,NULL,600,3,NULL,NULL),
(133,200,1,0,'1',0,'2',56,64,125,NULL,400,2,NULL,NULL),
(134,200,1,0,'1',0,'2',57,65,127,NULL,1000,5,NULL,NULL),
(135,200,1,0,'1',0,'2',58,65,128,NULL,1000,5,NULL,NULL),
(136,200,1,0,'1',0,'2',59,65,127,NULL,1000,5,NULL,NULL),
(137,200,1,0,'1',0,'2',60,95,185,NULL,1000,5,NULL,NULL),
(138,200,1,0,'1',0,'2',61,95,186,NULL,1000,5,NULL,NULL),
(139,200,1,0,'1',0,'2',62,99,193,NULL,1000,5,NULL,NULL),
(140,200,1,0,'1',0,'2',63,99,194,NULL,1000,5,NULL,NULL),
(141,200,4,0,'1',0,'2',64,98,191,NULL,1000,5,NULL,NULL),
(142,200,4,0,'1',0,'2',65,98,192,NULL,1000,5,NULL,NULL),
(143,200,1,0,'1',0,'2',66,97,189,NULL,1000,5,NULL,NULL),
(144,200,1,0,'1',0,'2',67,97,190,NULL,1000,5,NULL,NULL),
(145,200,1,0,'1',0,'2',68,96,187,NULL,1000,5,NULL,NULL),
(146,200,1,0,'1',0,'2',69,96,188,NULL,1000,5,NULL,NULL),
(147,200,1,0,'1',0,'2',70,94,183,NULL,1000,5,NULL,NULL),
(148,200,1,0,'1',0,'2',71,94,184,NULL,1000,5,NULL,NULL),
(149,200,1,0,'1',0,'2',72,93,181,NULL,1000,5,NULL,NULL),
(150,200,1,0,'1',0,'2',73,93,182,NULL,1000,5,NULL,NULL),
(151,200,1,0,'1',0,'2',74,92,179,NULL,1000,5,NULL,NULL),
(152,200,1,0,'1',0,'2',75,92,180,NULL,1000,5,NULL,NULL),
(153,200,1,0,'1',0,'2',76,91,177,NULL,1000,5,NULL,NULL),
(154,200,1,0,'1',0,'2',77,91,178,NULL,1000,5,NULL,NULL),
(155,200,1,0,'1',0,'2',78,90,NULL,NULL,1000,5,NULL,NULL),
(156,200,1,0,'1',0,'2',79,89,175,NULL,1000,5,NULL,NULL),
(157,200,1,0,'1',0,'2',80,89,176,NULL,1000,5,NULL,NULL),
(158,200,1,0,'1',0,'2',81,88,173,NULL,1000,5,NULL,NULL),
(159,200,1,0,'1',0,'2',82,88,174,NULL,1000,5,NULL,NULL),
(160,200,1,0,'1',0,'2',83,87,171,NULL,1000,5,NULL,NULL),
(161,200,1,0,'1',0,'2',84,87,172,NULL,1000,5,NULL,NULL),
(162,200,1,0,'1',0,'2',85,86,169,NULL,1000,5,NULL,NULL),
(163,200,1,0,'1',0,'2',86,86,170,NULL,1000,5,NULL,NULL),
(164,200,1,0,'1',0,'2',87,85,167,NULL,1000,5,NULL,NULL),
(165,200,1,0,'1',0,'2',88,85,168,NULL,1000,5,NULL,NULL),
(166,200,1,0,'1',0,'2',89,84,165,NULL,1000,5,NULL,NULL),
(167,200,1,0,'1',0,'2',90,84,166,NULL,1000,5,NULL,NULL),
(168,200,1,0,'1',0,'2',91,83,163,NULL,1000,5,NULL,NULL),
(169,200,1,0,'1',0,'2',92,83,164,NULL,1000,5,NULL,NULL),
(170,200,1,0,'1',0,'2',93,82,161,NULL,1000,5,NULL,NULL),
(171,200,1,0,'1',0,'2',94,82,162,NULL,1000,5,NULL,NULL),
(172,200,1,0,'1',0,'2',95,81,159,NULL,1000,5,NULL,NULL),
(173,200,1,0,'1',0,'2',96,81,160,NULL,1000,5,NULL,NULL),
(174,200,1,0,'1',0,'2',97,80,157,NULL,1000,5,NULL,NULL),
(175,200,1,0,'1',0,'2',98,80,158,NULL,1000,5,NULL,NULL),
(176,200,1,0,'1',0,'2',99,79,155,NULL,1000,5,NULL,NULL),
(177,200,1,0,'1',0,'2',100,79,156,NULL,1000,5,NULL,NULL),
(178,200,1,0,'1',0,'2',101,78,153,NULL,1000,5,NULL,NULL),
(179,200,1,0,'1',0,'2',102,78,154,NULL,1000,5,NULL,NULL),
(180,200,1,0,'1',0,'2',103,77,151,NULL,1000,5,NULL,NULL),
(181,200,1,0,'1',0,'2',104,77,152,NULL,1000,5,NULL,NULL),
(182,200,1,0,'1',0,'2',105,76,149,NULL,1000,5,NULL,NULL),
(183,200,1,0,'1',0,'2',106,76,150,NULL,1000,5,NULL,NULL),
(184,200,1,0,'1',0,'2',107,76,149,NULL,1000,5,NULL,NULL),
(185,200,1,0,'1',0,'2',108,76,150,NULL,1000,5,NULL,NULL),
(186,200,1,0,'1',0,'2',109,75,147,NULL,1000,5,NULL,NULL),
(187,200,1,0,'1',0,'2',110,75,148,NULL,1000,5,NULL,NULL),
(188,200,1,0,'1',0,'2',111,74,145,NULL,1000,5,NULL,NULL),
(189,200,1,0,'1',0,'2',112,74,146,NULL,1000,5,NULL,NULL),
(190,200,1,0,'1',0,'2',113,73,143,NULL,1000,5,NULL,NULL),
(191,200,1,0,'1',0,'2',114,73,144,NULL,1000,5,NULL,NULL),
(192,200,1,0,'1',0,'2',115,72,141,NULL,1000,5,NULL,NULL),
(193,200,1,0,'1',0,'2',116,72,142,NULL,1000,5,NULL,NULL),
(194,200,1,0,'1',0,'2',117,71,139,NULL,1000,5,NULL,NULL),
(195,200,1,0,'1',0,'2',118,71,140,NULL,1000,5,NULL,NULL),
(196,200,1,0,'1',0,'2',119,70,137,NULL,1000,5,NULL,NULL),
(197,200,1,0,'1',0,'2',120,70,138,NULL,1000,5,NULL,NULL),
(198,200,1,0,'1',0,'2',121,69,135,NULL,1000,5,NULL,NULL),
(199,200,1,0,'1',0,'2',122,69,136,NULL,1000,5,NULL,NULL),
(200,200,1,0,'1',0,'2',123,68,133,NULL,1000,5,NULL,NULL),
(201,200,1,0,'1',0,'2',124,68,134,NULL,1000,5,NULL,NULL),
(202,200,1,0,'1',0,'2',125,67,131,NULL,1000,5,NULL,NULL),
(203,200,1,0,'1',0,'2',126,67,132,NULL,1000,5,NULL,NULL),
(204,200,1,0,'1',0,'2',127,66,129,NULL,1000,5,NULL,NULL),
(205,200,1,0,'1',0,'2',128,66,130,NULL,1000,5,NULL,NULL),
(206,200,1,0,'1',0,'2',129,65,127,NULL,1000,5,NULL,NULL),
(207,200,1,0,'1',0,'2',130,65,128,NULL,1000,5,NULL,NULL),
(208,200,1,0,'1',0,'2',131,64,125,NULL,1000,5,NULL,NULL),
(209,200,1,0,'1',0,'2',132,64,126,NULL,1000,5,NULL,NULL),
(210,200,1,0,'1',0,'2',133,101,197,NULL,1000,5,NULL,NULL),
(211,200,1,0,'1',0,'2',134,101,198,NULL,1000,5,NULL,NULL),
(212,200,1,0,'1',0,'2',135,100,195,NULL,1000,5,NULL,NULL),
(213,200,1,0,'1',0,'2',136,100,196,NULL,1000,5,NULL,NULL),
(214,200,1,0,'1',0,'2',137,121,237,NULL,1000,5,NULL,NULL),
(215,200,1,0,'1',0,'2',138,121,238,NULL,1000,5,NULL,NULL),
(216,200,5,0,'1',0,'2',139,120,235,NULL,1000,5,NULL,NULL),
(217,200,5,0,'1',0,'2',140,120,236,NULL,1000,5,NULL,NULL),
(218,200,6,0,'1',0,'2',141,119,233,NULL,1000,5,NULL,NULL),
(219,200,6,0,'1',0,'2',142,119,234,NULL,1000,5,NULL,NULL),
(220,200,3,0,'1',0,'2',143,118,231,NULL,1000,5,NULL,NULL),
(221,200,3,0,'1',0,'2',144,118,232,NULL,1000,5,NULL,NULL),
(222,200,4,0,'1',0,'2',145,117,229,NULL,1000,5,NULL,NULL),
(223,200,4,0,'1',0,'2',146,117,230,NULL,1000,5,NULL,NULL),
(224,200,5,0,'1',0,'2',147,116,227,NULL,1000,5,NULL,NULL),
(225,200,5,0,'1',0,'2',148,116,228,NULL,1000,5,NULL,NULL),
(226,200,6,0,'1',0,'2',149,115,225,NULL,1000,5,NULL,NULL),
(227,200,6,0,'1',0,'2',150,115,226,NULL,1000,5,NULL,NULL),
(228,200,3,0,'1',0,'2',151,114,223,NULL,1000,5,NULL,NULL),
(229,200,3,0,'1',0,'2',152,114,224,NULL,1000,5,NULL,NULL),
(230,200,4,0,'1',0,'2',153,113,221,NULL,1000,5,NULL,NULL),
(231,200,4,0,'1',0,'2',154,113,222,NULL,1000,5,NULL,NULL),
(232,200,4,0,'1',0,'2',155,112,219,NULL,1000,5,NULL,NULL),
(233,200,4,0,'1',0,'2',156,112,220,NULL,1000,5,NULL,NULL),
(234,200,3,0,'1',0,'2',157,111,217,NULL,1000,5,NULL,NULL),
(235,200,3,0,'1',0,'2',158,111,218,NULL,1000,5,NULL,NULL),
(236,200,6,0,'1',0,'2',159,110,215,NULL,1000,5,NULL,NULL),
(237,200,6,0,'1',0,'2',160,110,216,NULL,1000,5,NULL,NULL),
(238,200,5,0,'1',0,'2',161,109,213,NULL,1000,5,NULL,NULL),
(239,200,5,0,'1',0,'2',162,109,214,NULL,1000,5,NULL,NULL),
(240,200,4,0,'1',0,'2',163,108,211,NULL,1000,5,NULL,NULL),
(241,200,4,0,'1',0,'2',164,108,212,NULL,1000,5,NULL,NULL),
(242,200,3,0,'1',0,'2',165,107,209,NULL,1000,5,NULL,NULL),
(243,200,3,0,'1',0,'2',166,107,210,NULL,1000,5,NULL,NULL),
(244,200,6,0,'1',0,'2',167,106,207,NULL,1000,5,NULL,NULL),
(245,200,6,0,'1',0,'2',168,106,208,NULL,1000,5,NULL,NULL),
(246,200,5,0,'1',0,'2',169,105,205,NULL,1000,5,NULL,NULL),
(247,200,5,0,'1',0,'2',170,105,206,NULL,1000,5,NULL,NULL),
(248,200,4,0,'1',0,'2',171,104,203,NULL,1000,5,NULL,NULL),
(249,200,4,0,'1',0,'2',172,104,204,NULL,1000,5,NULL,NULL),
(250,200,3,0,'1',0,'2',173,103,201,NULL,1000,5,NULL,NULL),
(251,200,3,0,'1',0,'2',174,103,202,NULL,1000,5,NULL,NULL),
(252,200,3,0,'1',0,'2',175,102,199,NULL,1000,5,NULL,NULL),
(253,200,3,0,'1',0,'2',176,102,200,NULL,1000,5,NULL,NULL),
(254,200,1,0,'1',0,'2',177,90,NULL,NULL,1000,5,NULL,NULL),
(255,200,1,0,'1',0,'2',178,66,129,NULL,800,4,NULL,NULL),
(256,200,1,0,'1',0,'2',179,66,130,NULL,800,4,NULL,NULL),
(257,200,1,0,'1',0,'2',180,66,129,NULL,800,4,NULL,NULL),
(258,200,1,0,'1',0,'2',181,66,129,NULL,600,3,NULL,NULL),
(259,200,1,0,'1',0,'2',182,66,129,NULL,800,4,NULL,NULL),
(260,200,1,0,'1',0,'2',184,89,175,NULL,200,1,NULL,NULL),
(261,200,1,0,'1',0,'2',186,99,193,NULL,200,1,NULL,NULL),
(262,200,1,0,'1',0,'2',186,100,195,NULL,200,1,NULL,NULL),
(263,200,1,0,'1',0,'2',186,101,197,NULL,200,1,NULL,NULL),
(264,200,3,0,'1',0,'2',186,102,199,NULL,200,1,NULL,NULL),
(265,200,3,0,'1',0,'2',186,103,201,NULL,200,1,NULL,NULL),
(266,200,4,0,'1',0,'2',186,104,203,NULL,200,1,NULL,NULL),
(267,200,5,0,'1',0,'2',186,105,205,NULL,200,1,NULL,NULL),
(268,200,1,0,'1',0,'2',189,91,177,NULL,200,1,NULL,NULL),
(269,200,1,0,'1',0,'2',189,92,179,NULL,200,1,NULL,NULL),
(270,200,1,0,'1',0,'2',189,93,181,NULL,200,1,NULL,NULL),
(271,200,1,0,'1',0,'2',189,94,183,NULL,200,1,NULL,NULL),
(272,200,1,0,'1',0,'2',189,95,185,NULL,200,1,NULL,NULL),
(273,200,1,0,'1',0,'2',190,96,187,NULL,200,1,NULL,NULL),
(274,200,1,0,'1',0,'2',190,97,189,NULL,200,1,NULL,NULL),
(275,200,4,0,'1',0,'2',190,98,191,NULL,200,1,NULL,NULL),
(276,200,1,0,'1',0,'2',190,99,193,NULL,200,1,NULL,NULL),
(277,200,1,0,'1',0,'2',190,100,195,NULL,200,1,NULL,NULL),
(278,200,1,0,'1',0,'2',190,101,197,NULL,200,1,NULL,NULL),
(279,200,3,0,'1',0,'2',190,102,199,NULL,200,1,NULL,NULL),
(280,200,1,0,'1',0,'2',191,88,173,NULL,200,1,NULL,NULL),
(281,200,1,0,'1',0,'2',192,92,179,NULL,200,1,NULL,NULL),
(282,200,1,0,'1',0,'2',192,96,187,NULL,200,1,NULL,NULL),
(283,200,1,0,'1',0,'2',193,92,179,NULL,200,1,NULL,NULL),
(284,200,1,0,'1',0,'2',193,92,180,NULL,200,1,NULL,NULL),
(285,200,1,0,'1',0,'2',193,93,181,NULL,200,1,NULL,NULL),
(286,200,1,0,'1',0,'2',193,93,182,NULL,200,1,NULL,NULL),
(287,200,1,0,'1',0,'2',193,94,183,NULL,200,1,NULL,NULL),
(288,200,1,0,'1',0,'2',193,94,184,NULL,200,1,NULL,NULL),
(289,200,1,0,'1',0,'2',193,95,185,NULL,200,1,NULL,NULL),
(290,200,1,0,'1',0,'2',193,95,186,NULL,200,1,NULL,NULL),
(291,200,1,0,'1',0,'2',193,90,244,NULL,200,1,NULL,NULL),
(292,200,1,0,'1',0,'2',193,90,245,NULL,200,1,NULL,NULL),
(293,200,1,0,'1',0,'2',194,68,133,NULL,200,1,NULL,NULL),
(294,200,1,0,'1',0,'2',194,70,137,NULL,200,1,NULL,NULL),
(295,200,1,0,'1',0,'2',195,69,135,NULL,200,1,NULL,NULL),
(296,200,1,0,'1',0,'2',196,69,135,NULL,200,1,NULL,NULL),
(297,100,1,0,'1',0,'2',197,123,NULL,NULL,1100,11,NULL,NULL),
(298,20,1,0,'1',0,'2',198,126,NULL,NULL,2860,143,NULL,'2023-01-16 09:53:26.000000'),
(299,20,1,0,'1',0,'2',199,127,NULL,NULL,2780,139,NULL,NULL),
(300,20,1,0,'1',0,'2',200,129,NULL,NULL,860,43,NULL,NULL),
(301,20,1,0,'1',0,'2',201,128,NULL,NULL,1480,74,NULL,NULL),
(302,20,1,0,'1',0,'2',202,131,NULL,NULL,980,49,NULL,'2023-03-12 07:40:39.000000'),
(303,20,1,0,'1',0,'2',203,132,NULL,NULL,920,46,NULL,NULL),
(304,20,1,0,'1',0,'2',204,133,NULL,NULL,920,46,NULL,NULL),
(305,20,1,0,'1',0,'2',205,134,NULL,NULL,860,43,NULL,NULL),
(306,20,1,0,'1',0,'2',206,135,NULL,NULL,1480,74,NULL,NULL),
(307,20,1,0,'1',0,'2',207,136,NULL,NULL,2780,139,NULL,NULL),
(308,20,1,0,'1',0,'2',208,137,NULL,NULL,2860,143,NULL,NULL),
(309,10,1,0,'1',0,'2',209,138,NULL,NULL,740,74,NULL,NULL),
(310,20,1,0,'1',0,'2',210,136,NULL,NULL,20,1,NULL,NULL),
(311,20,1,0,'1',0,'2',211,136,NULL,NULL,20,1,NULL,NULL),
(312,20,1,0,'1',0,'2',212,134,NULL,NULL,200,10,NULL,NULL),
(313,20,1,0,'1',0,'2',213,135,NULL,NULL,200,10,NULL,NULL),
(314,10,1,0,'1',0,'2',214,138,NULL,NULL,690,69,NULL,NULL),
(315,19.185,1,0,'1',0,'2',215,139,NULL,NULL,2666.715,139,NULL,NULL),
(316,19.185,1,0,'1',0,'2',216,140,NULL,NULL,1419.69,74,NULL,NULL),
(317,19.185,1,0,'1',0,'2',217,141,NULL,NULL,824.955,43,NULL,NULL),
(318,19.85,1,0,'1',0,'2',218,145,NULL,NULL,992.5,50,NULL,NULL),
(319,19.85,1,0,'1',0,'2',219,144,NULL,NULL,992.5,50,NULL,NULL),
(320,19.185,1,0,'1',0,'2',220,142,NULL,NULL,959.25,50,NULL,NULL),
(321,19.185,1,0,'1',0,'2',221,143,NULL,NULL,959.25,50,NULL,NULL),
(322,33.965,1,0,'1',0,'2',222,148,NULL,NULL,1698.25,50,NULL,NULL),
(323,33.965,1,0,'1',0,'2',223,148,NULL,NULL,1698.25,50,NULL,NULL),
(324,33.965,1,0,'1',0,'2',224,146,NULL,NULL,1698.25,50,NULL,NULL),
(325,33.965,1,0,'1',0,'2',225,147,NULL,NULL,1698.25,50,NULL,NULL),
(326,19.185,1,0,'1',0,'2',226,141,NULL,NULL,19.185,1,NULL,NULL),
(328,19.185,1,0,'1',0,'2',228,149,NULL,NULL,57.555,3,NULL,NULL),
(329,19.185,1,0,'1',0,'2',229,139,NULL,NULL,115.11,6,NULL,NULL),
(330,19.185,1,0,'1',0,'2',230,139,NULL,NULL,38.37,2,NULL,NULL),
(331,19.185,1,0,'1',0,'2',231,141,NULL,NULL,76.74,4,NULL,NULL),
(332,5,1,0,'1',0,'2',232,152,NULL,NULL,20,4,NULL,NULL),
(333,5,1,0,'1',0,'2',233,152,NULL,NULL,50,10,NULL,NULL);

/*Table structure for table `purchase_return_details` */

DROP TABLE IF EXISTS `purchase_return_details`;

CREATE TABLE `purchase_return_details` (
  `id` int(11) NOT NULL AUTO_INCREMENT,
  `cost` decimal(16,3) NOT NULL,
  `purchase_unit_id` int(11) DEFAULT NULL,
  `TaxNet` double DEFAULT 0,
  `tax_method` varchar(192) DEFAULT '1',
  `discount` double DEFAULT 0,
  `discount_method` varchar(192) DEFAULT '1',
  `total` double NOT NULL,
  `quantity` double NOT NULL,
  `purchase_return_id` int(11) NOT NULL,
  `product_id` int(11) NOT NULL,
  `product_variant_id` int(11) DEFAULT NULL,
  `imei_number` text DEFAULT NULL,
  `created_at` timestamp(6) NULL DEFAULT NULL,
  `updated_at` timestamp(6) NULL DEFAULT NULL,
  `deleted_at` timestamp NULL DEFAULT NULL,
  PRIMARY KEY (`id`),
  KEY `purchase_return_id_return` (`purchase_return_id`),
  KEY `product_id_details_purchase_return` (`product_id`),
  KEY `purchase_return_product_variant_id` (`product_variant_id`),
  KEY `unit_id_purchase_return_details` (`purchase_unit_id`),
  CONSTRAINT `product_id_details_purchase_return` FOREIGN KEY (`product_id`) REFERENCES `products` (`id`),
  CONSTRAINT `purchase_return_id_return` FOREIGN KEY (`purchase_return_id`) REFERENCES `purchase_returns` (`id`),
  CONSTRAINT `purchase_return_product_variant_id` FOREIGN KEY (`product_variant_id`) REFERENCES `product_variants` (`id`),
  CONSTRAINT `unit_id_purchase_return_details` FOREIGN KEY (`purchase_unit_id`) REFERENCES `units` (`id`)
) ENGINE=InnoDB AUTO_INCREMENT=13 DEFAULT CHARSET=utf8mb4;

/*Data for the table `purchase_return_details` */

insert  into `purchase_return_details`(`id`,`cost`,`purchase_unit_id`,`TaxNet`,`tax_method`,`discount`,`discount_method`,`total`,`quantity`,`purchase_return_id`,`product_id`,`product_variant_id`,`imei_number`,`created_at`,`updated_at`,`deleted_at`) values 
(1,200.000,1,0,'1',0,'2',200,1,1,65,127,NULL,NULL,NULL,NULL),
(2,33.965,1,0,'1',0,'2',1698.25,50,2,148,NULL,NULL,NULL,NULL,NULL),
(3,19.185,1,0,'1',0,'2',19.185,1,3,141,NULL,NULL,NULL,NULL,NULL),
(4,33.965,1,0,'1',0,'2',815.16,24,4,147,NULL,NULL,NULL,NULL,NULL),
(5,33.965,1,0,'1',0,'2',713.265,21,5,146,NULL,NULL,NULL,NULL,NULL),
(6,33.965,1,0,'1',0,'2',815.16,24,6,148,NULL,NULL,NULL,NULL,NULL),
(7,19.185,1,0,'1',0,'2',95.925,5,7,141,NULL,NULL,NULL,'2023-03-12 07:18:37.000000',NULL),
(8,19.185,1,0,'1',0,'2',460.44,24,8,140,NULL,NULL,NULL,'2023-03-12 08:22:11.000000',NULL),
(9,19.185,1,0,'1',0,'2',537.18,28,9,139,NULL,NULL,NULL,NULL,NULL),
(10,10.000,1,0,'1',0,'2',470,47,10,138,NULL,NULL,NULL,'2023-03-12 07:15:18.000000',NULL),
(11,20.000,1,0,'1',0,'2',200,10,11,133,NULL,NULL,NULL,NULL,NULL),
(12,20.000,1,0,'1',0,'2',60,3,12,132,NULL,NULL,NULL,NULL,NULL);

/*Table structure for table `purchase_returns` */

DROP TABLE IF EXISTS `purchase_returns`;

CREATE TABLE `purchase_returns` (
  `id` int(11) NOT NULL AUTO_INCREMENT,
  `user_id` int(11) NOT NULL,
  `date` date NOT NULL,
  `Ref` varchar(192) NOT NULL,
  `purchase_id` int(11) DEFAULT NULL,
  `provider_id` int(11) NOT NULL,
  `warehouse_id` int(11) NOT NULL,
  `tax_rate` double DEFAULT 0,
  `TaxNet` double DEFAULT 0,
  `discount` double DEFAULT 0,
  `shipping` double DEFAULT 0,
  `GrandTotal` double NOT NULL,
  `paid_amount` double NOT NULL DEFAULT 0,
  `payment_statut` varchar(192) NOT NULL,
  `statut` varchar(192) NOT NULL,
  `notes` text DEFAULT NULL,
  `created_at` timestamp(6) NULL DEFAULT NULL,
  `updated_at` timestamp(6) NULL DEFAULT NULL,
  `deleted_at` timestamp NULL DEFAULT NULL,
  PRIMARY KEY (`id`),
  KEY `user_id_returns` (`user_id`),
  KEY `provider_id_return` (`provider_id`),
  KEY `purchase_return_warehouse_id` (`warehouse_id`),
  KEY `purchase_id_purchase_returns` (`purchase_id`),
  CONSTRAINT `provider_id_return` FOREIGN KEY (`provider_id`) REFERENCES `providers` (`id`),
  CONSTRAINT `purchase_id_purchase_returns` FOREIGN KEY (`purchase_id`) REFERENCES `purchases` (`id`),
  CONSTRAINT `purchase_return_user_id` FOREIGN KEY (`user_id`) REFERENCES `users` (`id`),
  CONSTRAINT `purchase_return_warehouse_id` FOREIGN KEY (`warehouse_id`) REFERENCES `warehouses` (`id`)
) ENGINE=InnoDB AUTO_INCREMENT=13 DEFAULT CHARSET=utf8mb4;

/*Data for the table `purchase_returns` */

insert  into `purchase_returns`(`id`,`user_id`,`date`,`Ref`,`purchase_id`,`provider_id`,`warehouse_id`,`tax_rate`,`TaxNet`,`discount`,`shipping`,`GrandTotal`,`paid_amount`,`payment_statut`,`statut`,`notes`,`created_at`,`updated_at`,`deleted_at`) values 
(1,1,'2022-12-29','RT_1111',59,2,1,0,0,0,0,200,0,'unpaid','completed',NULL,'2022-12-29 06:07:45.000000','2022-12-29 06:07:45.000000',NULL),
(2,1,'2023-02-05','RT_1112',223,2,1,0,0,0,0,1698.25,0,'unpaid','completed',NULL,'2023-02-05 10:25:28.000000','2023-02-05 10:25:28.000000',NULL),
(3,1,'2023-02-13','RT_1113',226,2,1,0,0,0,0,19.18,0,'unpaid','completed',NULL,'2023-02-13 12:06:04.000000','2023-02-13 12:06:04.000000',NULL),
(4,1,'2023-02-13','RT_1114',225,2,1,0,0,0,0,815.16,0,'unpaid','completed',NULL,'2023-02-13 12:07:45.000000','2023-02-13 12:07:45.000000',NULL),
(5,1,'2023-02-13','RT_1115',224,2,1,0,0,0,0,713.27,0,'unpaid','completed',NULL,'2023-02-13 12:14:48.000000','2023-02-13 12:14:48.000000',NULL),
(6,1,'2023-02-13','RT_1116',222,2,1,0,0,0,0,815.16,0,'unpaid','completed',NULL,'2023-02-13 12:15:57.000000','2023-02-13 12:15:57.000000',NULL),
(7,1,'2023-02-13','RT_1117',217,2,1,0,0,0,0,95.92,0,'unpaid','completed',NULL,'2023-02-13 12:23:28.000000','2023-03-12 07:18:37.000000',NULL),
(8,1,'2023-02-13','RT_1118',216,2,1,0,0,0,0,460.44,0,'unpaid','completed',NULL,'2023-02-13 12:56:22.000000','2023-03-12 08:22:11.000000',NULL),
(9,1,'2023-02-13','RT_1119',215,2,1,0,0,0,0,537.18,0,'unpaid','completed',NULL,'2023-02-13 12:58:29.000000','2023-02-13 12:58:29.000000',NULL),
(10,1,'2023-02-13','RT_1120',214,2,1,0,0,0,0,470,0,'unpaid','completed',NULL,'2023-02-13 12:59:42.000000','2023-03-12 07:15:18.000000',NULL),
(11,1,'2023-03-12','RT_1121',204,2,1,0,0,0,0,200,0,'unpaid','completed',NULL,'2023-03-12 07:36:05.000000','2023-03-12 07:36:05.000000',NULL),
(12,1,'2023-03-12','RT_1122',203,2,1,0,0,0,0,60,0,'unpaid','completed',NULL,'2023-03-12 07:38:24.000000','2023-03-12 07:38:24.000000',NULL);

/*Table structure for table `purchases` */

DROP TABLE IF EXISTS `purchases`;

CREATE TABLE `purchases` (
  `id` int(11) NOT NULL AUTO_INCREMENT,
  `user_id` int(11) NOT NULL,
  `Ref` varchar(192) NOT NULL,
  `date` date NOT NULL,
  `provider_id` int(11) NOT NULL,
  `warehouse_id` int(11) NOT NULL,
  `tax_rate` double DEFAULT 0,
  `TaxNet` double DEFAULT 0,
  `discount` double DEFAULT 0,
  `shipping` double DEFAULT 0,
  `GrandTotal` double NOT NULL,
  `paid_amount` double NOT NULL DEFAULT 0,
  `statut` varchar(191) NOT NULL,
  `payment_statut` varchar(192) NOT NULL,
  `notes` text DEFAULT NULL,
  `created_at` timestamp(6) NULL DEFAULT NULL,
  `updated_at` timestamp(6) NULL DEFAULT NULL,
  `deleted_at` timestamp NULL DEFAULT NULL,
  PRIMARY KEY (`id`),
  KEY `user_id_purchases` (`user_id`),
  KEY `provider_id` (`provider_id`),
  KEY `warehouse_id_purchase` (`warehouse_id`),
  CONSTRAINT `provider_id` FOREIGN KEY (`provider_id`) REFERENCES `providers` (`id`),
  CONSTRAINT `user_id_purchases` FOREIGN KEY (`user_id`) REFERENCES `users` (`id`),
  CONSTRAINT `warehouse_id_purchase` FOREIGN KEY (`warehouse_id`) REFERENCES `warehouses` (`id`)
) ENGINE=InnoDB AUTO_INCREMENT=234 DEFAULT CHARSET=utf8mb4;

/*Data for the table `purchases` */

insert  into `purchases`(`id`,`user_id`,`Ref`,`date`,`provider_id`,`warehouse_id`,`tax_rate`,`TaxNet`,`discount`,`shipping`,`GrandTotal`,`paid_amount`,`statut`,`payment_statut`,`notes`,`created_at`,`updated_at`,`deleted_at`) values 
(1,1,'PR_1111','2022-10-12',1,1,0,0,0,100,3100,0,'received','unpaid',NULL,'2022-10-12 15:53:19.000000','2022-10-12 15:53:19.000000',NULL),
(2,1,'PR_1112','2022-10-12',1,1,0,0,0,100,3100,0,'received','unpaid',NULL,'2022-10-12 15:57:18.000000','2022-10-12 15:57:18.000000',NULL),
(3,1,'PR_1113','2022-10-16',1,1,0,0,0,100,3100,0,'received','unpaid',NULL,'2022-10-16 09:32:47.000000','2022-10-16 09:32:47.000000',NULL),
(4,1,'PR_1114','2022-10-16',1,1,0,0,0,100,3100,0,'received','unpaid',NULL,'2022-10-16 09:34:03.000000','2022-10-16 09:34:03.000000',NULL),
(5,1,'PR_1115','2022-10-16',1,1,0,0,0,100,3100,0,'received','unpaid',NULL,'2022-10-16 09:41:59.000000','2022-10-16 09:41:59.000000',NULL),
(6,1,'PR_1116','2022-10-16',1,1,0,0,0,100,3100,0,'received','unpaid',NULL,'2022-10-16 09:42:33.000000','2022-10-16 09:42:33.000000',NULL),
(7,1,'PR_1117','2022-10-16',1,1,0,0,0,100,3100,0,'received','unpaid',NULL,'2022-10-16 09:58:01.000000','2022-10-16 09:58:01.000000',NULL),
(8,1,'PR_1118','2022-10-16',1,1,0,0,0,100,3100,0,'received','unpaid',NULL,'2022-10-16 09:58:35.000000','2022-10-16 09:58:35.000000',NULL),
(9,1,'PR_1119','2022-10-16',1,1,0,0,0,100,3100,0,'received','unpaid',NULL,'2022-10-16 10:01:40.000000','2022-10-16 10:01:40.000000',NULL),
(10,1,'PR_1120','2022-10-16',1,1,0,0,0,100,3100,0,'received','unpaid',NULL,'2022-10-16 10:02:03.000000','2022-10-16 10:02:03.000000',NULL),
(11,1,'PR_1121','2022-10-16',1,1,0,0,0,100,3100,0,'received','unpaid',NULL,'2022-10-16 10:04:39.000000','2022-10-16 10:04:39.000000',NULL),
(12,1,'PR_1122','2022-10-16',1,1,0,0,0,100,3100,0,'received','unpaid',NULL,'2022-10-16 10:05:03.000000','2022-10-16 10:05:03.000000',NULL),
(13,1,'PR_1123','2022-10-16',1,1,0,0,0,100,3100,0,'received','unpaid',NULL,'2022-10-16 10:07:05.000000','2022-10-16 10:07:05.000000',NULL),
(14,1,'PR_1124','2022-10-16',1,1,0,0,0,100,3100,0,'received','unpaid',NULL,'2022-10-16 10:07:29.000000','2022-10-16 10:07:29.000000',NULL),
(15,1,'PR_1125','2022-10-16',1,1,0,0,0,100,3100,0,'received','unpaid',NULL,'2022-10-16 10:10:12.000000','2022-10-16 10:10:12.000000',NULL),
(16,1,'PR_1126','2022-10-16',1,1,0,0,0,100,3100,0,'received','unpaid',NULL,'2022-10-16 10:10:32.000000','2022-10-16 10:10:32.000000',NULL),
(17,1,'PR_1127','2022-10-16',1,1,0,0,0,100,3100,0,'received','unpaid',NULL,'2022-10-16 10:14:04.000000','2022-10-16 10:14:04.000000',NULL),
(18,1,'PR_1128','2022-10-16',1,1,0,0,0,100,3100,0,'received','unpaid',NULL,'2022-10-16 10:14:28.000000','2022-10-16 10:14:28.000000',NULL),
(19,1,'PR_1129','2022-10-16',1,1,0,0,0,100,3100,0,'received','unpaid',NULL,'2022-10-16 10:17:09.000000','2022-10-16 10:17:09.000000',NULL),
(20,1,'PR_1130','2022-10-16',1,1,0,0,0,100,3100,0,'received','unpaid',NULL,'2022-10-16 10:17:50.000000','2022-10-16 10:17:50.000000',NULL),
(21,1,'PR_1131','2022-10-16',1,1,0,0,0,100,3100,0,'received','unpaid',NULL,'2022-10-16 10:40:51.000000','2022-10-16 10:57:01.000000','2022-10-16 10:57:01'),
(22,1,'PR_1132','2022-10-16',1,1,0,0,0,100,3100,0,'received','unpaid',NULL,'2022-10-16 10:41:13.000000','2022-10-16 10:56:37.000000','2022-10-16 10:56:37'),
(23,1,'PR_1133','2022-10-16',1,1,0,0,0,100,1600,0,'received','unpaid',NULL,'2022-10-16 10:58:42.000000','2022-10-16 10:58:42.000000',NULL),
(24,1,'PR_1134','2022-10-16',1,1,0,0,0,100,1600,0,'received','unpaid',NULL,'2022-10-16 11:02:33.000000','2022-10-16 11:02:33.000000',NULL),
(25,1,'PR_1135','2022-10-16',1,1,0,0,0,100,1600,0,'received','unpaid',NULL,'2022-10-16 11:03:41.000000','2022-10-16 11:03:41.000000',NULL),
(26,1,'PR_1136','2022-10-16',1,1,0,0,0,100,1600,0,'received','unpaid',NULL,'2022-10-16 11:04:53.000000','2022-10-16 11:04:53.000000',NULL),
(27,1,'PR_1137','2022-10-16',1,1,0,0,0,100,1600,0,'received','unpaid',NULL,'2022-10-16 11:11:24.000000','2022-10-16 11:11:24.000000',NULL),
(28,1,'PR_1138','2022-10-16',1,1,0,0,0,100,1600,0,'received','unpaid',NULL,'2022-10-16 11:12:47.000000','2022-10-16 11:12:47.000000',NULL),
(29,1,'PR_1139','2022-10-16',1,1,0,0,0,100,1600,0,'received','unpaid',NULL,'2022-10-16 11:28:22.000000','2022-10-16 11:28:22.000000',NULL),
(30,1,'PR_1140','2022-10-16',1,1,0,0,0,100,1600,0,'received','unpaid',NULL,'2022-10-16 11:28:51.000000','2022-10-16 11:28:51.000000',NULL),
(31,1,'PR_1141','2022-10-16',1,1,0,0,0,100,1600,0,'received','unpaid',NULL,'2022-10-16 11:29:17.000000','2022-10-16 11:29:17.000000',NULL),
(32,1,'PR_1142','2022-10-16',1,1,0,0,0,100,1600,0,'received','unpaid',NULL,'2022-10-16 11:29:48.000000','2022-10-16 11:29:48.000000',NULL),
(33,1,'PR_1143','2022-10-16',1,1,0,0,0,100,1600,0,'received','unpaid',NULL,'2022-10-16 11:38:01.000000','2022-10-16 11:38:01.000000',NULL),
(34,1,'PR_1144','2022-10-16',1,1,0,0,0,100,1600,0,'received','unpaid',NULL,'2022-10-16 11:38:22.000000','2022-10-16 11:38:22.000000',NULL),
(35,1,'PR_1145','2022-10-16',1,1,0,0,0,100,1600,0,'received','unpaid',NULL,'2022-10-16 11:38:47.000000','2022-10-16 11:38:47.000000',NULL),
(36,1,'PR_1146','2022-10-16',1,1,0,0,0,100,1600,0,'received','unpaid',NULL,'2022-10-16 11:39:07.000000','2022-10-16 11:39:07.000000',NULL),
(37,1,'PR_1147','2022-10-16',1,1,0,0,0,100,6100,0,'received','unpaid',NULL,'2022-10-16 11:44:44.000000','2022-10-16 11:44:44.000000',NULL),
(38,1,'PR_1148','2022-10-16',1,1,0,0,0,100,6100,0,'received','unpaid',NULL,'2022-10-16 11:51:16.000000','2022-10-16 11:51:16.000000',NULL),
(39,1,'PR_1149','2022-10-16',1,1,0,0,0,100,30100,0,'received','unpaid',NULL,'2022-10-16 12:17:12.000000','2022-10-16 12:17:12.000000',NULL),
(40,1,'PR_1150','2022-10-16',1,1,0,0,0,100,5500,0,'received','unpaid',NULL,'2022-10-16 12:52:52.000000','2022-10-16 12:52:52.000000',NULL),
(41,1,'PR_1151','2022-10-16',1,1,0,0,0,100,26100,0,'received','unpaid',NULL,'2022-10-16 13:09:01.000000','2022-10-16 13:09:01.000000',NULL),
(42,1,'PR_1152','2022-10-16',1,1,0,0,0,100,15100,0,'received','unpaid',NULL,'2022-10-16 13:19:08.000000','2022-10-16 13:19:08.000000',NULL),
(43,1,'PR_1153','2022-10-16',1,1,0,0,0,100,15100,0,'received','unpaid',NULL,'2022-10-16 13:27:18.000000','2022-10-16 13:27:18.000000',NULL),
(44,1,'PR_1154','2022-10-16',1,1,0,0,0,100,3100,0,'received','unpaid',NULL,'2022-10-16 13:29:56.000000','2022-10-16 13:29:56.000000',NULL),
(50,1,'PR_1155','2022-12-27',2,1,0,0,0,0,800,0,'received','unpaid',NULL,'2022-12-27 09:36:10.000000','2022-12-27 09:36:10.000000',NULL),
(51,1,'PR_1156','2022-12-27',2,1,0,0,0,0,1200,0,'received','unpaid',NULL,'2022-12-27 10:42:29.000000','2022-12-27 10:42:29.000000',NULL),
(52,1,'PR_1157','2022-12-27',2,1,0,0,0,0,600,0,'received','unpaid',NULL,'2022-12-27 12:08:02.000000','2022-12-27 12:08:02.000000',NULL),
(55,1,'PR_1158','2022-12-27',2,1,0,0,0,0,600,0,'received','unpaid',NULL,'2022-12-27 18:22:28.000000','2022-12-27 18:22:28.000000',NULL),
(56,1,'PR_1159','2022-12-28',2,1,0,0,0,0,400,0,'received','unpaid',NULL,'2022-12-28 12:20:19.000000','2022-12-28 12:20:19.000000',NULL),
(57,1,'PR_1160','2022-12-28',2,1,0,0,0,0,1000,0,'received','unpaid',NULL,'2022-12-28 12:58:48.000000','2022-12-28 12:58:48.000000',NULL),
(58,1,'PR_1161','2022-12-28',2,1,0,0,0,0,1000,0,'received','unpaid',NULL,'2022-12-28 13:01:31.000000','2022-12-28 13:01:31.000000',NULL),
(59,1,'PR_1162','2022-12-28',2,1,0,0,0,0,1000,0,'received','unpaid',NULL,'2022-12-28 13:02:53.000000','2022-12-28 13:02:53.000000',NULL),
(60,1,'PR_1163','2022-12-29',2,1,0,0,0,0,1000,0,'received','unpaid',NULL,'2022-12-29 10:14:27.000000','2022-12-29 10:14:27.000000',NULL),
(61,1,'PR_1164','2022-12-29',2,1,0,0,0,0,1000,0,'received','unpaid',NULL,'2022-12-29 10:14:44.000000','2022-12-29 10:14:44.000000',NULL),
(62,3,'PR_1165','2022-12-29',2,1,0,0,0,0,1000,0,'received','unpaid',NULL,'2022-12-29 10:24:17.000000','2022-12-29 10:24:17.000000',NULL),
(63,3,'PR_1166','2022-12-29',2,1,0,0,0,0,1000,0,'received','unpaid',NULL,'2022-12-29 10:24:59.000000','2022-12-29 10:24:59.000000',NULL),
(64,3,'PR_1167','2022-12-29',2,1,0,0,0,0,1000,0,'received','unpaid',NULL,'2022-12-29 10:26:18.000000','2022-12-29 10:26:18.000000',NULL),
(65,3,'PR_1168','2022-12-29',2,1,0,0,0,0,1000,0,'received','unpaid',NULL,'2022-12-29 10:26:34.000000','2022-12-29 10:26:34.000000',NULL),
(66,3,'PR_1169','2022-12-29',2,1,0,0,0,0,1000,0,'received','unpaid',NULL,'2022-12-29 10:27:29.000000','2022-12-29 10:27:29.000000',NULL),
(67,3,'PR_1170','2022-12-29',2,1,0,0,0,0,1000,0,'received','unpaid',NULL,'2022-12-29 10:27:43.000000','2022-12-29 10:27:43.000000',NULL),
(68,3,'PR_1171','2022-12-29',2,1,0,0,0,0,1000,0,'received','unpaid',NULL,'2022-12-29 10:28:14.000000','2022-12-29 10:28:14.000000',NULL),
(69,3,'PR_1172','2022-12-29',2,1,0,0,0,0,1000,0,'received','unpaid',NULL,'2022-12-29 10:28:35.000000','2022-12-29 10:28:35.000000',NULL),
(70,3,'PR_1173','2022-12-29',2,1,0,0,0,0,1000,0,'received','unpaid',NULL,'2022-12-29 10:29:08.000000','2022-12-29 10:29:08.000000',NULL),
(71,3,'PR_1174','2022-12-29',2,1,0,0,0,0,1000,0,'received','unpaid',NULL,'2022-12-29 10:29:21.000000','2022-12-29 10:29:21.000000',NULL),
(72,3,'PR_1175','2022-12-29',2,1,0,0,0,0,1000,0,'received','unpaid',NULL,'2022-12-29 10:29:37.000000','2022-12-29 10:29:37.000000',NULL),
(73,3,'PR_1176','2022-12-29',2,1,0,0,0,0,1000,0,'received','unpaid',NULL,'2022-12-29 10:29:50.000000','2022-12-29 10:29:50.000000',NULL),
(74,3,'PR_1177','2022-12-29',2,1,0,0,0,0,1000,0,'received','unpaid',NULL,'2022-12-29 10:30:13.000000','2022-12-29 10:30:13.000000',NULL),
(75,3,'PR_1178','2022-12-29',2,1,0,0,0,0,1000,0,'received','unpaid',NULL,'2022-12-29 10:30:30.000000','2022-12-29 10:30:30.000000',NULL),
(76,3,'PR_1179','2022-12-29',2,1,0,0,0,0,1000,0,'received','unpaid',NULL,'2022-12-29 10:31:09.000000','2022-12-29 10:31:09.000000',NULL),
(77,3,'PR_1180','2022-12-29',2,1,0,0,0,0,1000,0,'received','unpaid',NULL,'2022-12-29 10:31:23.000000','2022-12-29 10:31:23.000000',NULL),
(78,3,'PR_1181','2022-12-29',2,1,0,0,0,0,1000,0,'received','unpaid',NULL,'2022-12-29 10:33:43.000000','2022-12-29 10:33:43.000000',NULL),
(79,3,'PR_1182','2022-12-29',2,1,0,0,0,0,1000,0,'received','unpaid',NULL,'2022-12-29 10:39:16.000000','2022-12-29 10:39:16.000000',NULL),
(80,3,'PR_1183','2022-12-29',2,1,0,0,0,0,1000,0,'received','unpaid',NULL,'2022-12-29 10:39:28.000000','2022-12-29 10:39:28.000000',NULL),
(81,3,'PR_1184','2022-12-29',2,1,0,0,0,0,1000,0,'received','unpaid',NULL,'2022-12-29 10:39:49.000000','2022-12-29 10:39:49.000000',NULL),
(82,3,'PR_1185','2022-12-29',2,1,0,0,0,0,1000,0,'received','unpaid',NULL,'2022-12-29 10:40:02.000000','2022-12-29 10:40:02.000000',NULL),
(83,3,'PR_1186','2022-12-29',2,1,0,0,0,0,1000,0,'received','unpaid',NULL,'2022-12-29 10:41:09.000000','2022-12-29 10:41:09.000000',NULL),
(84,3,'PR_1187','2022-12-29',2,1,0,0,0,0,1000,0,'received','unpaid',NULL,'2022-12-29 10:41:26.000000','2022-12-29 10:41:26.000000',NULL),
(85,3,'PR_1188','2022-12-29',2,1,0,0,0,0,1000,0,'received','unpaid',NULL,'2022-12-29 10:41:52.000000','2022-12-29 10:41:52.000000',NULL),
(86,3,'PR_1189','2022-12-29',2,1,0,0,0,0,1000,0,'received','unpaid',NULL,'2022-12-29 10:42:08.000000','2022-12-29 10:42:08.000000',NULL),
(87,3,'PR_1190','2022-12-29',2,1,0,0,0,0,1000,0,'received','unpaid',NULL,'2022-12-29 10:42:28.000000','2022-12-29 10:42:28.000000',NULL),
(88,3,'PR_1191','2022-12-29',2,1,0,0,0,0,1000,0,'received','unpaid',NULL,'2022-12-29 10:42:42.000000','2022-12-29 10:42:42.000000',NULL),
(89,3,'PR_1192','2022-12-29',2,1,0,0,0,0,1000,0,'received','unpaid',NULL,'2022-12-29 10:43:27.000000','2022-12-29 10:43:27.000000',NULL),
(90,3,'PR_1193','2022-12-29',2,1,0,0,0,0,1000,0,'received','unpaid',NULL,'2022-12-29 10:43:42.000000','2022-12-29 10:43:42.000000',NULL),
(91,3,'PR_1194','2022-12-29',2,1,0,0,0,0,1000,0,'received','unpaid',NULL,'2022-12-29 10:44:05.000000','2022-12-29 10:44:05.000000',NULL),
(92,3,'PR_1195','2022-12-29',2,1,0,0,0,0,1000,0,'received','unpaid',NULL,'2022-12-29 10:44:20.000000','2022-12-29 10:44:20.000000',NULL),
(93,3,'PR_1196','2022-12-29',2,1,0,0,0,0,1000,0,'received','unpaid',NULL,'2022-12-29 10:44:43.000000','2022-12-29 10:44:43.000000',NULL),
(94,3,'PR_1197','2022-12-29',2,1,0,0,0,0,1000,0,'received','unpaid',NULL,'2022-12-29 10:44:56.000000','2022-12-29 10:44:56.000000',NULL),
(95,3,'PR_1198','2022-12-29',2,1,0,0,0,0,1000,0,'received','unpaid',NULL,'2022-12-29 10:45:17.000000','2022-12-29 10:45:17.000000',NULL),
(96,3,'PR_1199','2022-12-29',2,1,0,0,0,0,1000,0,'received','unpaid',NULL,'2022-12-29 10:45:33.000000','2022-12-29 10:45:33.000000',NULL),
(97,3,'PR_1200','2022-12-29',2,1,0,0,0,0,1000,0,'received','unpaid',NULL,'2022-12-29 10:45:55.000000','2022-12-29 10:45:55.000000',NULL),
(98,3,'PR_1201','2022-12-29',2,1,0,0,0,0,1000,0,'received','unpaid',NULL,'2022-12-29 10:46:09.000000','2022-12-29 10:46:09.000000',NULL),
(99,3,'PR_1202','2022-12-29',2,1,0,0,0,0,1000,0,'received','unpaid',NULL,'2022-12-29 10:48:19.000000','2022-12-29 10:48:19.000000',NULL),
(100,3,'PR_1203','2022-12-29',2,1,0,0,0,0,1000,0,'received','unpaid',NULL,'2022-12-29 10:48:33.000000','2022-12-29 10:48:33.000000',NULL),
(101,3,'PR_1204','2022-12-29',2,1,0,0,0,0,1000,0,'received','unpaid',NULL,'2022-12-29 10:48:52.000000','2022-12-29 10:48:52.000000',NULL),
(102,3,'PR_1205','2022-12-29',2,1,0,0,0,0,1000,0,'received','unpaid',NULL,'2022-12-29 10:49:07.000000','2022-12-29 10:49:07.000000',NULL),
(103,3,'PR_1206','2022-12-29',2,1,0,0,0,0,1000,0,'received','unpaid',NULL,'2022-12-29 10:49:25.000000','2022-12-29 10:49:25.000000',NULL),
(104,3,'PR_1207','2022-12-29',2,1,0,0,0,0,1000,0,'received','unpaid',NULL,'2022-12-29 10:49:39.000000','2022-12-29 10:49:39.000000',NULL),
(105,3,'PR_1208','2022-12-29',2,1,0,0,0,0,1000,0,'received','unpaid',NULL,'2022-12-29 10:49:56.000000','2022-12-29 10:49:56.000000',NULL),
(106,3,'PR_1209','2022-12-29',2,1,0,0,0,0,1000,0,'received','unpaid',NULL,'2022-12-29 10:50:10.000000','2022-12-29 10:50:10.000000',NULL),
(107,3,'PR_1210','2022-12-29',2,1,0,0,0,0,1000,0,'received','unpaid',NULL,'2022-12-29 10:52:00.000000','2022-12-29 10:52:00.000000',NULL),
(108,3,'PR_1211','2022-12-29',2,1,0,0,0,0,1000,0,'received','unpaid',NULL,'2022-12-29 10:52:15.000000','2022-12-29 10:52:15.000000',NULL),
(109,3,'PR_1212','2022-12-29',2,1,0,0,0,0,1000,0,'received','unpaid',NULL,'2022-12-29 10:52:34.000000','2022-12-29 10:52:34.000000',NULL),
(110,3,'PR_1213','2022-12-29',2,1,0,0,0,0,1000,0,'received','unpaid',NULL,'2022-12-29 10:52:48.000000','2022-12-29 10:52:48.000000',NULL),
(111,3,'PR_1214','2022-12-29',2,1,0,0,0,0,1000,0,'received','unpaid',NULL,'2022-12-29 10:53:06.000000','2022-12-29 10:53:06.000000',NULL),
(112,3,'PR_1215','2022-12-29',2,1,0,0,0,0,1000,0,'received','unpaid',NULL,'2022-12-29 10:53:20.000000','2022-12-29 10:53:20.000000',NULL),
(113,3,'PR_1216','2022-12-29',2,1,0,0,0,0,1000,0,'received','unpaid',NULL,'2022-12-29 10:53:35.000000','2022-12-29 10:53:35.000000',NULL),
(114,3,'PR_1217','2022-12-29',2,1,0,0,0,0,1000,0,'received','unpaid',NULL,'2022-12-29 10:53:54.000000','2022-12-29 10:53:54.000000',NULL),
(115,3,'PR_1218','2022-12-29',2,1,0,0,0,0,1000,0,'received','unpaid',NULL,'2022-12-29 10:54:17.000000','2022-12-29 10:54:17.000000',NULL),
(116,3,'PR_1219','2022-12-29',2,1,0,0,0,0,1000,0,'received','unpaid',NULL,'2022-12-29 10:54:31.000000','2022-12-29 10:54:31.000000',NULL),
(117,3,'PR_1220','2022-12-29',2,1,0,0,0,0,1000,0,'received','unpaid',NULL,'2022-12-29 10:54:54.000000','2022-12-29 10:54:54.000000',NULL),
(118,3,'PR_1221','2022-12-29',2,1,0,0,0,0,1000,0,'received','unpaid',NULL,'2022-12-29 10:55:09.000000','2022-12-29 10:55:09.000000',NULL),
(119,3,'PR_1222','2022-12-29',2,1,0,0,0,0,1000,0,'received','unpaid',NULL,'2022-12-29 10:55:25.000000','2022-12-29 10:55:25.000000',NULL),
(120,3,'PR_1223','2022-12-29',2,1,0,0,0,0,1000,0,'received','unpaid',NULL,'2022-12-29 10:55:37.000000','2022-12-29 10:55:37.000000',NULL),
(121,3,'PR_1224','2022-12-29',2,1,0,0,0,0,1000,0,'received','unpaid',NULL,'2022-12-29 10:55:59.000000','2022-12-29 10:55:59.000000',NULL),
(122,3,'PR_1225','2022-12-29',2,1,0,0,0,0,1000,0,'received','unpaid',NULL,'2022-12-29 10:56:20.000000','2022-12-29 10:56:20.000000',NULL),
(123,3,'PR_1226','2022-12-29',2,1,0,0,0,0,1000,0,'received','unpaid',NULL,'2022-12-29 10:56:56.000000','2022-12-29 10:56:56.000000',NULL),
(124,3,'PR_1227','2022-12-29',2,1,0,0,0,0,1000,0,'received','unpaid',NULL,'2022-12-29 10:57:08.000000','2022-12-29 10:57:08.000000',NULL),
(125,3,'PR_1228','2022-12-29',2,1,0,0,0,0,1000,0,'received','unpaid',NULL,'2022-12-29 10:57:28.000000','2022-12-29 10:57:28.000000',NULL),
(126,3,'PR_1229','2022-12-29',2,1,0,0,0,0,1000,0,'received','unpaid',NULL,'2022-12-29 10:57:41.000000','2022-12-29 10:57:41.000000',NULL),
(127,3,'PR_1230','2022-12-29',2,1,0,0,0,0,1000,0,'received','unpaid',NULL,'2022-12-29 10:58:02.000000','2022-12-29 10:58:02.000000',NULL),
(128,3,'PR_1231','2022-12-29',2,1,0,0,0,0,1000,0,'received','unpaid',NULL,'2022-12-29 10:58:13.000000','2022-12-29 10:58:13.000000',NULL),
(129,3,'PR_1232','2022-12-29',2,1,0,0,0,0,1000,0,'received','unpaid',NULL,'2022-12-29 10:58:51.000000','2022-12-29 10:58:51.000000',NULL),
(130,3,'PR_1233','2022-12-29',2,1,0,0,0,0,1000,0,'received','unpaid',NULL,'2022-12-29 10:59:06.000000','2022-12-29 10:59:06.000000',NULL),
(131,3,'PR_1234','2022-12-29',2,1,0,0,0,0,1000,0,'received','unpaid',NULL,'2022-12-29 10:59:32.000000','2022-12-29 10:59:32.000000',NULL),
(132,3,'PR_1235','2022-12-29',2,1,0,0,0,0,1000,0,'received','unpaid',NULL,'2022-12-29 10:59:46.000000','2022-12-29 10:59:46.000000',NULL),
(133,3,'PR_1236','2022-12-29',2,1,0,0,0,0,1000,0,'received','unpaid',NULL,'2022-12-29 11:01:25.000000','2022-12-29 11:01:25.000000',NULL),
(134,3,'PR_1237','2022-12-29',2,1,0,0,0,0,1000,0,'received','unpaid',NULL,'2022-12-29 11:01:37.000000','2022-12-29 11:01:37.000000',NULL),
(135,3,'PR_1238','2022-12-29',2,1,0,0,0,0,1000,0,'received','unpaid',NULL,'2022-12-29 11:02:26.000000','2022-12-29 11:02:26.000000',NULL),
(136,3,'PR_1239','2022-12-29',2,1,0,0,0,0,1000,0,'received','unpaid',NULL,'2022-12-29 11:02:38.000000','2022-12-29 11:02:38.000000',NULL),
(137,3,'PR_1240','2023-01-02',2,1,0,0,0,0,1000,0,'received','unpaid',NULL,'2023-01-02 10:35:07.000000','2023-01-02 10:35:07.000000',NULL),
(138,3,'PR_1241','2023-01-02',2,1,0,0,0,0,1000,0,'received','unpaid',NULL,'2023-01-02 10:35:23.000000','2023-01-02 10:35:23.000000',NULL),
(139,3,'PR_1242','2023-01-02',2,1,0,0,0,0,1000,0,'received','unpaid',NULL,'2023-01-02 10:35:50.000000','2023-01-02 10:35:50.000000',NULL),
(140,3,'PR_1243','2023-01-02',2,1,0,0,0,0,1000,0,'received','unpaid',NULL,'2023-01-02 10:36:04.000000','2023-01-02 10:36:04.000000',NULL),
(141,3,'PR_1244','2023-01-02',2,1,0,0,0,0,1000,0,'received','unpaid',NULL,'2023-01-02 10:36:20.000000','2023-01-02 10:36:20.000000',NULL),
(142,3,'PR_1245','2023-01-02',2,1,0,0,0,0,1000,0,'received','unpaid',NULL,'2023-01-02 10:36:34.000000','2023-01-02 10:36:34.000000',NULL),
(143,3,'PR_1246','2023-01-02',2,1,0,0,0,0,1000,0,'received','unpaid',NULL,'2023-01-02 10:36:54.000000','2023-01-02 10:36:54.000000',NULL),
(144,3,'PR_1247','2023-01-02',2,1,0,0,0,0,1000,0,'received','unpaid',NULL,'2023-01-02 10:37:16.000000','2023-01-02 10:37:16.000000',NULL),
(145,3,'PR_1248','2023-01-02',2,1,0,0,0,0,1000,0,'received','unpaid',NULL,'2023-01-02 10:37:36.000000','2023-01-02 10:37:36.000000',NULL),
(146,3,'PR_1249','2023-01-02',2,1,0,0,0,0,1000,0,'received','unpaid',NULL,'2023-01-02 10:38:50.000000','2023-01-02 10:38:50.000000',NULL),
(147,3,'PR_1250','2023-01-02',2,1,0,0,0,0,1000,0,'received','unpaid',NULL,'2023-01-02 10:39:13.000000','2023-01-02 10:39:13.000000',NULL),
(148,3,'PR_1251','2023-01-02',2,1,0,0,0,0,1000,0,'received','unpaid',NULL,'2023-01-02 10:39:28.000000','2023-01-02 10:39:28.000000',NULL),
(149,3,'PR_1252','2023-01-02',2,1,0,0,0,0,1000,0,'received','unpaid',NULL,'2023-01-02 10:39:48.000000','2023-01-02 10:39:48.000000',NULL),
(150,3,'PR_1253','2023-01-02',2,1,0,0,0,0,1000,0,'received','unpaid',NULL,'2023-01-02 10:40:02.000000','2023-01-02 10:40:02.000000',NULL),
(151,3,'PR_1254','2023-01-02',2,1,0,0,0,0,1000,0,'received','unpaid',NULL,'2023-01-02 10:40:25.000000','2023-01-02 10:40:25.000000',NULL),
(152,3,'PR_1255','2023-01-02',2,1,0,0,0,0,1000,0,'received','unpaid',NULL,'2023-01-02 10:40:39.000000','2023-01-02 10:40:39.000000',NULL),
(153,3,'PR_1256','2023-01-02',2,1,0,0,0,0,1000,0,'received','unpaid',NULL,'2023-01-02 10:41:00.000000','2023-01-02 10:41:00.000000',NULL),
(154,3,'PR_1257','2023-01-02',2,1,0,0,0,0,1000,0,'received','unpaid',NULL,'2023-01-02 10:41:14.000000','2023-01-02 10:41:14.000000',NULL),
(155,3,'PR_1258','2023-01-02',2,1,0,0,0,0,1000,0,'received','unpaid',NULL,'2023-01-02 10:43:01.000000','2023-01-02 10:43:01.000000',NULL),
(156,3,'PR_1259','2023-01-02',2,1,0,0,0,0,1000,0,'received','unpaid',NULL,'2023-01-02 10:43:15.000000','2023-01-02 10:43:15.000000',NULL),
(157,3,'PR_1260','2023-01-02',2,1,0,0,0,0,1000,0,'received','unpaid',NULL,'2023-01-02 10:43:36.000000','2023-01-02 10:43:36.000000',NULL),
(158,3,'PR_1261','2023-01-02',2,1,0,0,0,0,1000,0,'received','unpaid',NULL,'2023-01-02 10:43:50.000000','2023-01-02 10:43:50.000000',NULL),
(159,3,'PR_1262','2023-01-02',2,1,0,0,0,0,1000,0,'received','unpaid',NULL,'2023-01-02 10:44:33.000000','2023-01-02 10:44:33.000000',NULL),
(160,3,'PR_1263','2023-01-02',2,1,0,0,0,0,1000,0,'received','unpaid',NULL,'2023-01-02 10:44:47.000000','2023-01-02 10:44:47.000000',NULL),
(161,3,'PR_1264','2023-01-02',2,1,0,0,0,0,1000,0,'received','unpaid',NULL,'2023-01-02 10:45:05.000000','2023-01-02 10:45:05.000000',NULL),
(162,3,'PR_1265','2023-01-02',2,1,0,0,0,0,1000,0,'received','unpaid',NULL,'2023-01-02 10:45:18.000000','2023-01-02 10:45:18.000000',NULL),
(163,3,'PR_1266','2023-01-02',2,1,0,0,0,0,1000,0,'received','unpaid',NULL,'2023-01-02 10:45:33.000000','2023-01-02 10:45:33.000000',NULL),
(164,3,'PR_1267','2023-01-02',2,1,0,0,0,0,1000,0,'received','unpaid',NULL,'2023-01-02 10:45:46.000000','2023-01-02 10:45:46.000000',NULL),
(165,3,'PR_1268','2023-01-02',2,1,0,0,0,0,1000,0,'received','unpaid',NULL,'2023-01-02 10:46:28.000000','2023-01-02 10:46:28.000000',NULL),
(166,3,'PR_1269','2023-01-02',2,1,0,0,0,0,1000,0,'received','unpaid',NULL,'2023-01-02 10:46:42.000000','2023-01-02 10:46:42.000000',NULL),
(167,3,'PR_1270','2023-01-02',2,1,0,0,0,0,1000,0,'received','unpaid',NULL,'2023-01-02 10:47:02.000000','2023-01-02 10:47:02.000000',NULL),
(168,3,'PR_1271','2023-01-02',2,1,0,0,0,0,1000,0,'received','unpaid',NULL,'2023-01-02 10:47:16.000000','2023-01-02 10:47:16.000000',NULL),
(169,3,'PR_1272','2023-01-02',2,1,0,0,0,0,1000,0,'received','unpaid',NULL,'2023-01-02 10:47:37.000000','2023-01-02 10:47:37.000000',NULL),
(170,3,'PR_1273','2023-01-02',2,1,0,0,0,0,1000,0,'received','unpaid',NULL,'2023-01-02 10:47:51.000000','2023-01-02 10:47:51.000000',NULL),
(171,3,'PR_1274','2023-01-02',2,1,0,0,0,0,1000,0,'received','unpaid',NULL,'2023-01-02 10:48:13.000000','2023-01-02 10:48:13.000000',NULL),
(172,3,'PR_1275','2023-01-02',2,1,0,0,0,0,1000,0,'received','unpaid',NULL,'2023-01-02 10:48:27.000000','2023-01-02 10:48:27.000000',NULL),
(173,3,'PR_1276','2023-01-02',2,1,0,0,0,0,1000,0,'received','unpaid',NULL,'2023-01-02 10:48:51.000000','2023-01-02 10:48:51.000000',NULL),
(174,3,'PR_1277','2023-01-02',2,1,0,0,0,0,1000,0,'received','unpaid',NULL,'2023-01-02 10:49:01.000000','2023-01-02 10:49:01.000000',NULL),
(175,3,'PR_1278','2023-01-02',2,1,0,0,0,0,1000,0,'received','unpaid',NULL,'2023-01-02 10:49:16.000000','2023-01-02 10:49:16.000000',NULL),
(176,3,'PR_1279','2023-01-02',2,1,0,0,0,0,1000,0,'received','unpaid',NULL,'2023-01-02 10:49:27.000000','2023-01-02 10:49:27.000000',NULL),
(177,3,'PR_1280','2023-01-02',2,1,0,0,0,0,1000,0,'received','unpaid',NULL,'2023-01-02 10:50:01.000000','2023-01-02 10:50:01.000000',NULL),
(178,1,'PR_1281','2023-01-09',2,1,0,0,0,0,800,0,'received','unpaid',NULL,'2023-01-09 10:30:21.000000','2023-01-09 10:30:21.000000',NULL),
(179,1,'PR_1282','2023-01-09',2,1,0,0,0,0,800,0,'received','unpaid',NULL,'2023-01-09 10:59:10.000000','2023-01-09 10:59:10.000000',NULL),
(180,1,'PR_1283','2023-01-09',2,1,0,0,0,0,800,0,'received','unpaid',NULL,'2023-01-09 11:13:37.000000','2023-01-09 11:13:37.000000',NULL),
(181,1,'PR_1284','2023-01-09',2,1,0,0,0,0,600,0,'received','unpaid',NULL,'2023-01-09 11:25:37.000000','2023-01-09 11:25:37.000000',NULL),
(182,1,'PR_1285','2023-01-09',2,1,0,0,0,0,800,0,'received','unpaid',NULL,'2023-01-09 11:30:56.000000','2023-01-09 11:30:56.000000',NULL),
(184,1,'PR_1286','2023-01-09',2,1,0,0,0,0,200,0,'received','unpaid',NULL,'2023-01-09 13:08:15.000000','2023-01-09 13:08:15.000000',NULL),
(186,1,'PR_1287','2023-01-09',2,1,0,0,0,0,1400,0,'received','unpaid',NULL,'2023-01-09 13:16:19.000000','2023-01-09 13:16:19.000000',NULL),
(189,1,'PR_1288','2023-01-09',2,1,0,0,0,0,1000,0,'received','unpaid',NULL,'2023-01-09 13:21:08.000000','2023-01-09 13:21:08.000000',NULL),
(190,1,'PR_1289','2023-01-09',2,1,0,0,0,0,1400,0,'received','unpaid',NULL,'2023-01-09 13:23:06.000000','2023-01-09 13:23:06.000000',NULL),
(191,1,'PR_1290','2023-01-11',2,1,0,0,0,0,200,0,'received','unpaid',NULL,'2023-01-11 09:16:16.000000','2023-01-11 09:16:16.000000',NULL),
(192,1,'PR_1291','2023-01-11',2,1,0,0,0,0,400,0,'received','unpaid',NULL,'2023-01-11 11:25:50.000000','2023-01-11 11:25:50.000000',NULL),
(193,1,'PR_1292','2023-01-11',2,1,0,0,0,0,2000,0,'received','unpaid',NULL,'2023-01-11 11:31:30.000000','2023-01-11 11:31:30.000000',NULL),
(194,1,'PR_1293','2023-01-11',2,1,0,0,0,0,400,0,'received','unpaid',NULL,'2023-01-11 11:37:12.000000','2023-01-11 11:37:12.000000',NULL),
(195,1,'PR_1294','2023-01-11',2,1,0,0,0,0,200,0,'received','unpaid',NULL,'2023-01-11 12:23:11.000000','2023-01-11 12:23:11.000000',NULL),
(196,1,'PR_1295','2023-01-11',2,1,0,0,0,0,200,0,'received','unpaid',NULL,'2023-01-11 12:34:12.000000','2023-01-11 12:34:12.000000',NULL),
(197,1,'PR_1296','2023-01-11',2,1,0,0,0,0,1100,0,'received','unpaid',NULL,'2023-01-11 12:45:24.000000','2023-01-11 12:45:24.000000',NULL),
(198,3,'PR_1297','2023-01-16',2,1,0,0,0,0,2860,0,'received','unpaid',NULL,'2023-01-16 09:52:49.000000','2023-01-16 09:53:26.000000',NULL),
(199,3,'PR_1298','2023-01-16',2,1,0,0,0,0,2780,0,'received','unpaid',NULL,'2023-01-16 10:04:31.000000','2023-01-16 10:04:31.000000',NULL),
(200,3,'PR_1299','2023-01-16',2,1,0,0,0,0,860,0,'received','unpaid',NULL,'2023-01-16 10:05:20.000000','2023-01-16 10:05:20.000000',NULL),
(201,3,'PR_1300','2023-01-16',2,1,0,0,0,0,1480,0,'received','unpaid',NULL,'2023-01-16 10:05:47.000000','2023-01-16 10:05:47.000000',NULL),
(202,3,'PR_1301','2023-01-16',2,1,0,0,0,0,980,0,'received','unpaid',NULL,'2023-01-16 10:50:58.000000','2023-03-12 07:40:39.000000',NULL),
(203,3,'PR_1302','2023-01-16',2,1,0,0,0,0,920,0,'received','unpaid',NULL,'2023-01-16 10:51:21.000000','2023-01-16 10:51:21.000000',NULL),
(204,3,'PR_1303','2023-01-16',2,1,0,0,0,0,920,0,'received','unpaid',NULL,'2023-01-16 10:51:40.000000','2023-01-16 10:51:40.000000',NULL),
(205,3,'PR_1304','2023-01-19',2,1,0,0,0,0,860,0,'received','unpaid',NULL,'2023-01-19 07:34:15.000000','2023-01-19 07:34:15.000000',NULL),
(206,3,'PR_1305','2023-01-19',2,1,0,0,0,0,1480,0,'received','unpaid',NULL,'2023-01-19 07:34:47.000000','2023-01-19 07:34:47.000000',NULL),
(207,3,'PR_1306','2023-01-19',2,1,0,0,0,0,2780,0,'received','unpaid',NULL,'2023-01-19 07:35:00.000000','2023-01-19 07:35:00.000000',NULL),
(208,3,'PR_1307','2023-01-19',2,1,0,0,0,0,2860,0,'received','unpaid',NULL,'2023-01-19 07:35:15.000000','2023-01-19 07:35:15.000000',NULL),
(209,1,'PR_1308','2023-01-22',2,1,0,0,0,0,740,0,'received','unpaid',NULL,'2023-01-22 07:58:36.000000','2023-01-22 07:58:36.000000',NULL),
(210,1,'PR_1309','2023-01-22',2,1,0,0,0,0,20,0,'received','unpaid',NULL,'2023-01-22 08:01:35.000000','2023-01-22 08:01:35.000000',NULL),
(211,1,'PR_1310','2023-01-22',2,1,0,0,0,0,20,0,'received','unpaid',NULL,'2023-01-22 08:02:33.000000','2023-01-22 08:02:33.000000',NULL),
(212,1,'PR_1311','2023-01-22',2,1,0,0,0,0,200,0,'received','unpaid',NULL,'2023-01-22 08:03:19.000000','2023-01-22 08:03:19.000000',NULL),
(213,1,'PR_1312','2023-01-22',2,1,0,0,0,0,200,0,'received','unpaid',NULL,'2023-01-22 08:03:45.000000','2023-01-22 08:03:45.000000',NULL),
(214,1,'PR_1313','2023-01-22',2,1,0,0,0,0,690,0,'received','unpaid',NULL,'2023-01-22 08:07:00.000000','2023-01-22 08:07:00.000000',NULL),
(215,1,'PR_1314','2023-01-22',2,1,0,0,0,0,2666.71,0,'received','unpaid',NULL,'2023-01-22 08:20:02.000000','2023-01-22 08:20:02.000000',NULL),
(216,1,'PR_1315','2023-01-22',2,1,0,0,0,0,1419.69,0,'received','unpaid',NULL,'2023-01-22 08:34:03.000000','2023-01-22 08:34:03.000000',NULL),
(217,1,'PR_1316','2023-01-22',2,1,0,0,0,0,824.95,0,'received','unpaid',NULL,'2023-01-22 08:49:28.000000','2023-01-22 08:49:28.000000',NULL),
(218,1,'PR_1317','2023-01-24',2,1,0,0,0,0,992.5,0,'received','unpaid',NULL,'2023-01-24 06:51:42.000000','2023-01-24 06:51:42.000000',NULL),
(219,1,'PR_1318','2023-01-24',2,1,0,0,0,0,992.5,0,'received','unpaid',NULL,'2023-01-24 06:52:12.000000','2023-01-24 06:52:12.000000',NULL),
(220,1,'PR_1319','2023-01-24',2,1,0,0,0,0,959.25,0,'received','unpaid',NULL,'2023-01-24 06:52:39.000000','2023-01-24 06:52:39.000000',NULL),
(221,1,'PR_1320','2023-01-24',2,1,0,0,0,0,959.25,0,'received','unpaid',NULL,'2023-01-24 06:53:05.000000','2023-01-24 06:53:05.000000',NULL),
(222,1,'PR_1321','2023-01-24',2,1,0,0,0,0,1698.25,0,'received','unpaid',NULL,'2023-01-24 07:17:07.000000','2023-01-24 07:17:07.000000',NULL),
(223,1,'PR_1322','2023-01-24',2,1,0,0,0,0,1698.25,0,'received','unpaid',NULL,'2023-01-24 07:17:51.000000','2023-01-24 07:17:51.000000',NULL),
(224,1,'PR_1323','2023-01-24',2,1,0,0,0,0,1698.25,0,'received','unpaid',NULL,'2023-01-24 07:18:32.000000','2023-01-24 07:18:32.000000',NULL),
(225,1,'PR_1324','2023-01-24',2,1,0,0,0,0,1698.25,0,'received','unpaid',NULL,'2023-01-24 11:50:39.000000','2023-01-24 11:50:39.000000',NULL),
(226,1,'PR_1325','2023-01-25',2,1,0,0,0,0,19.18,0,'received','unpaid',NULL,'2023-01-25 12:23:02.000000','2023-01-25 12:23:02.000000',NULL),
(227,1,'PR_1326','2023-01-25',2,1,0,0,0,0,172.66,0,'received','unpaid','website order #11233 customer switched from Beige to petrol green','2023-01-25 12:31:17.000000','2023-02-13 11:54:46.000000','2023-02-13 11:54:46'),
(228,1,'PR_1327','2023-02-13',2,1,0,0,0,0,57.55,0,'received','unpaid',NULL,'2023-02-13 13:23:25.000000','2023-02-13 13:23:25.000000',NULL),
(229,1,'PR_1328','2023-02-28',2,1,0,0,0,0,115.11,0,'received','unpaid','11018','2023-02-28 08:59:18.000000','2023-02-28 08:59:18.000000',NULL),
(230,1,'PR_1329','2023-03-01',2,1,0,0,0,0,38.37,0,'received','unpaid',NULL,'2023-03-01 08:59:08.000000','2023-03-01 08:59:08.000000',NULL),
(231,1,'PR_1330','2023-03-01',2,1,0,0,0,0,76.74,0,'received','unpaid',NULL,'2023-03-01 09:00:38.000000','2023-03-01 09:00:38.000000',NULL),
(232,1,'PR_1331','2023-03-08',2,3,0,0,0,0,20,0,'received','unpaid',NULL,'2023-03-08 11:34:07.000000','2023-03-08 11:34:07.000000',NULL),
(233,1,'PR_1332','2023-03-08',2,1,0,0,0,0,50,0,'received','unpaid',NULL,'2023-03-08 12:46:17.000000','2023-03-08 12:46:17.000000',NULL);

/*Table structure for table `quotation_details` */

DROP TABLE IF EXISTS `quotation_details`;

CREATE TABLE `quotation_details` (
  `id` int(11) NOT NULL AUTO_INCREMENT,
  `price` double NOT NULL,
  `sale_unit_id` int(11) DEFAULT NULL,
  `TaxNet` double DEFAULT 0,
  `tax_method` varchar(192) DEFAULT '1',
  `discount` double DEFAULT 0,
  `discount_method` varchar(192) DEFAULT '1',
  `total` double NOT NULL,
  `quantity` double NOT NULL,
  `product_id` int(11) NOT NULL,
  `product_variant_id` int(11) DEFAULT NULL,
  `imei_number` text DEFAULT NULL,
  `quotation_id` int(11) NOT NULL,
  `created_at` timestamp(6) NULL DEFAULT NULL,
  `updated_at` timestamp(6) NULL DEFAULT NULL,
  PRIMARY KEY (`id`),
  KEY `product_id_quotation_details` (`product_id`),
  KEY `quote_product_variant_id` (`product_variant_id`),
  KEY `quotation_id` (`quotation_id`),
  KEY `sale_unit_id_quotation` (`sale_unit_id`),
  CONSTRAINT `product_id_quotation_details` FOREIGN KEY (`product_id`) REFERENCES `products` (`id`),
  CONSTRAINT `quotation_id` FOREIGN KEY (`quotation_id`) REFERENCES `quotations` (`id`),
  CONSTRAINT `quote_product_variant_id` FOREIGN KEY (`product_variant_id`) REFERENCES `product_variants` (`id`),
  CONSTRAINT `sale_unit_id_quotation` FOREIGN KEY (`sale_unit_id`) REFERENCES `units` (`id`)
) ENGINE=InnoDB AUTO_INCREMENT=3 DEFAULT CHARSET=utf8mb4;

/*Data for the table `quotation_details` */

insert  into `quotation_details`(`id`,`price`,`sale_unit_id`,`TaxNet`,`tax_method`,`discount`,`discount_method`,`total`,`quantity`,`product_id`,`product_variant_id`,`imei_number`,`quotation_id`,`created_at`,`updated_at`) values 
(2,690,1,0,'1',0,'2',3450,5,66,129,NULL,2,NULL,NULL);

/*Table structure for table `quotations` */

DROP TABLE IF EXISTS `quotations`;

CREATE TABLE `quotations` (
  `id` int(11) NOT NULL AUTO_INCREMENT,
  `user_id` int(11) NOT NULL,
  `date` date NOT NULL,
  `Ref` varchar(192) NOT NULL,
  `client_id` int(11) NOT NULL,
  `warehouse_id` int(11) NOT NULL,
  `tax_rate` double DEFAULT 0,
  `TaxNet` double DEFAULT 0,
  `discount` double DEFAULT 0,
  `shipping` double DEFAULT 0,
  `GrandTotal` double NOT NULL,
  `statut` varchar(192) NOT NULL,
  `notes` text DEFAULT NULL,
  `created_at` timestamp(6) NULL DEFAULT NULL,
  `updated_at` timestamp(6) NULL DEFAULT NULL,
  `deleted_at` timestamp NULL DEFAULT NULL,
  PRIMARY KEY (`id`),
  KEY `user_id_quotation` (`user_id`),
  KEY `client_id_quotation` (`client_id`),
  KEY `warehouse_id_quotation` (`warehouse_id`),
  CONSTRAINT `client_id _quotation` FOREIGN KEY (`client_id`) REFERENCES `clients` (`id`),
  CONSTRAINT `user_id_quotation` FOREIGN KEY (`user_id`) REFERENCES `users` (`id`),
  CONSTRAINT `warehouse_id_quotation` FOREIGN KEY (`warehouse_id`) REFERENCES `warehouses` (`id`)
) ENGINE=InnoDB AUTO_INCREMENT=3 DEFAULT CHARSET=utf8mb4;

/*Data for the table `quotations` */

insert  into `quotations`(`id`,`user_id`,`date`,`Ref`,`client_id`,`warehouse_id`,`tax_rate`,`TaxNet`,`discount`,`shipping`,`GrandTotal`,`statut`,`notes`,`created_at`,`updated_at`,`deleted_at`) values 
(1,1,'2022-10-16','QT_1111',2,1,0,0,0,0,1400,'pending',NULL,'2022-10-16 13:33:51.000000','2022-10-16 13:40:02.000000',NULL),
(2,1,'2023-01-09','QT_1112',2,1,0,0,0,0,3450,'pending',NULL,'2023-01-09 10:52:09.000000','2023-01-09 10:52:09.000000',NULL);

/*Table structure for table `role_user` */

DROP TABLE IF EXISTS `role_user`;

CREATE TABLE `role_user` (
  `id` int(11) NOT NULL AUTO_INCREMENT,
  `user_id` int(11) NOT NULL,
  `role_id` int(11) NOT NULL,
  `created_at` timestamp(6) NULL DEFAULT NULL,
  `updated_at` timestamp(6) NULL DEFAULT NULL,
  PRIMARY KEY (`id`),
  KEY `role_user_user_id` (`user_id`),
  KEY `role_user_role_id` (`role_id`),
  CONSTRAINT `role_user_role_id` FOREIGN KEY (`role_id`) REFERENCES `roles` (`id`),
  CONSTRAINT `role_user_user_id` FOREIGN KEY (`user_id`) REFERENCES `users` (`id`)
) ENGINE=InnoDB AUTO_INCREMENT=6 DEFAULT CHARSET=utf8mb4;

/*Data for the table `role_user` */

insert  into `role_user`(`id`,`user_id`,`role_id`,`created_at`,`updated_at`) values 
(1,1,1,NULL,NULL),
(2,2,1,'2022-09-28 12:14:36.000000','2022-09-28 12:14:36.000000'),
(3,3,3,'2022-10-16 14:46:27.000000','2023-03-06 11:02:18.000000'),
(4,4,3,'2022-10-23 10:36:41.000000','2022-10-23 10:36:41.000000'),
(5,6,2,'2023-01-25 09:18:50.000000','2023-03-07 11:43:40.000000');

/*Table structure for table `roles` */

DROP TABLE IF EXISTS `roles`;

CREATE TABLE `roles` (
  `id` int(11) NOT NULL AUTO_INCREMENT,
  `name` varchar(192) NOT NULL,
  `label` varchar(192) DEFAULT NULL,
  `description` text DEFAULT NULL,
  `created_at` timestamp(6) NULL DEFAULT NULL,
  `updated_at` timestamp(6) NULL DEFAULT NULL,
  `deleted_at` timestamp NULL DEFAULT NULL,
  `status` int(11) NOT NULL DEFAULT 0,
  PRIMARY KEY (`id`)
) ENGINE=InnoDB AUTO_INCREMENT=4 DEFAULT CHARSET=utf8mb4;

/*Data for the table `roles` */

insert  into `roles`(`id`,`name`,`label`,`description`,`created_at`,`updated_at`,`deleted_at`,`status`) values 
(1,'Owner','Owner','Owner',NULL,NULL,NULL,1),
(2,'Operation','Operation','Operation manager','2022-09-28 12:17:55.000000','2023-01-28 04:04:44.000000',NULL,0),
(3,'Sales','Sales','Sales Operation','2022-10-12 11:42:06.000000','2023-03-06 10:23:56.000000',NULL,0);

/*Table structure for table `sale_details` */

DROP TABLE IF EXISTS `sale_details`;

CREATE TABLE `sale_details` (
  `id` int(11) NOT NULL AUTO_INCREMENT,
  `date` date NOT NULL,
  `sale_id` int(11) NOT NULL,
  `product_id` int(11) NOT NULL,
  `product_variant_id` int(11) DEFAULT NULL,
  `imei_number` text DEFAULT NULL,
  `price` double NOT NULL,
  `sale_unit_id` int(11) DEFAULT NULL,
  `TaxNet` double DEFAULT NULL,
  `tax_method` varchar(192) DEFAULT '1',
  `discount` double DEFAULT NULL,
  `discount_method` varchar(192) DEFAULT '1',
  `total` double NOT NULL,
  `quantity` double NOT NULL,
  `created_at` timestamp(6) NULL DEFAULT NULL,
  `updated_at` timestamp(6) NULL DEFAULT NULL,
  PRIMARY KEY (`id`),
  KEY `Details_Sale_id` (`sale_id`),
  KEY `sale_product_id` (`product_id`),
  KEY `sale_product_variant_id` (`product_variant_id`),
  KEY `sales_sale_unit_id` (`sale_unit_id`),
  CONSTRAINT `Details_Sale_id` FOREIGN KEY (`sale_id`) REFERENCES `sales` (`id`),
  CONSTRAINT `sale_product_id` FOREIGN KEY (`product_id`) REFERENCES `products` (`id`),
  CONSTRAINT `sale_product_variant_id` FOREIGN KEY (`product_variant_id`) REFERENCES `product_variants` (`id`),
  CONSTRAINT `sales_sale_unit_id` FOREIGN KEY (`sale_unit_id`) REFERENCES `units` (`id`)
) ENGINE=InnoDB AUTO_INCREMENT=353 DEFAULT CHARSET=utf8mb4;

/*Data for the table `sale_details` */

insert  into `sale_details`(`id`,`date`,`sale_id`,`product_id`,`product_variant_id`,`imei_number`,`price`,`sale_unit_id`,`TaxNet`,`tax_method`,`discount`,`discount_method`,`total`,`quantity`,`created_at`,`updated_at`) values 
(199,'2023-01-22',191,135,NULL,NULL,39,1,0,'1',0,'2',39,1,NULL,NULL),
(200,'2023-01-23',192,131,NULL,NULL,65,1,0,'1',0,'2',65,1,NULL,NULL),
(201,'2023-01-23',193,131,NULL,NULL,65,1,0,'1',0,'2',65,1,NULL,NULL),
(202,'2023-01-23',194,131,NULL,NULL,65,1,0,'1',0,'2',65,1,NULL,NULL),
(203,'2023-01-24',195,138,NULL,NULL,45,1,0,'1',0,'2',45,1,NULL,NULL),
(204,'2023-01-24',196,138,NULL,NULL,45,1,0,'1',0,'2',45,1,NULL,NULL),
(205,'2023-01-24',197,139,NULL,NULL,39,1,0,'1',0,'2',39,1,NULL,NULL),
(206,'2023-01-24',198,141,NULL,NULL,39,1,0,'1',0,'2',39,1,NULL,NULL),
(207,'2023-01-24',199,141,NULL,NULL,39,1,0,'1',0,'2',39,1,NULL,NULL),
(208,'2023-01-24',200,139,NULL,NULL,39,1,0,'1',0,'2',39,1,NULL,NULL),
(209,'2023-01-24',200,133,NULL,NULL,65,1,0,'1',0,'2',65,1,NULL,NULL),
(210,'2023-01-24',201,131,NULL,NULL,65,1,0,'1',0,'2',65,1,NULL,NULL),
(211,'2023-01-24',202,139,NULL,NULL,39,1,0,'1',0,'2',39,1,NULL,NULL),
(212,'2023-01-24',202,140,NULL,NULL,39,1,0,'1',0,'2',39,1,NULL,NULL),
(213,'2023-01-24',203,140,NULL,NULL,39,1,0,'1',0,'2',39,1,NULL,NULL),
(214,'2023-01-24',204,139,NULL,NULL,39,1,0,'1',0,'2',39,1,NULL,NULL),
(215,'2023-01-25',205,146,NULL,NULL,150,1,0,'1',0,'2',150,1,NULL,NULL),
(216,'2023-01-25',206,146,NULL,NULL,150,1,0,'1',0,'2',150,1,NULL,NULL),
(217,'2023-01-25',207,139,NULL,NULL,39,1,0,'1',0,'2',39,1,NULL,NULL),
(218,'2023-01-25',207,133,NULL,NULL,65,1,0,'1',0,'2',65,1,NULL,NULL),
(219,'2023-01-25',208,140,NULL,NULL,39,1,0,'1',0,'2',39,1,NULL,NULL),
(220,'2023-01-25',209,139,NULL,NULL,39,1,0,'1',0,'2',39,1,NULL,NULL),
(221,'2023-01-25',210,146,NULL,NULL,150,1,0,'1',0,'2',150,1,NULL,NULL),
(222,'2023-01-25',211,141,NULL,NULL,39,1,0,'1',0,'2',39,1,NULL,NULL),
(223,'2023-01-25',212,138,NULL,NULL,39,1,0,'1',0,'2',39,1,NULL,NULL),
(224,'2023-01-25',213,139,NULL,NULL,39,1,0,'1',0,'2',39,1,NULL,NULL),
(225,'2023-01-25',214,133,NULL,NULL,65,1,0,'1',0,'2',65,1,NULL,NULL),
(226,'2023-01-25',215,143,NULL,NULL,95,1,0,'1',0,'2',95,1,NULL,NULL),
(227,'2023-01-25',216,139,NULL,NULL,39,1,0,'1',0,'2',39,1,NULL,NULL),
(228,'2023-01-25',217,139,NULL,NULL,39,1,0,'1',0,'2',39,1,NULL,NULL),
(229,'2023-01-25',217,140,NULL,NULL,39,1,0,'1',0,'2',39,1,NULL,NULL),
(230,'2023-01-25',218,139,NULL,NULL,39,1,0,'1',0,'2',39,1,NULL,NULL),
(231,'2023-01-25',219,138,NULL,NULL,39,1,0,'1',0,'2',39,1,NULL,NULL),
(232,'2023-01-25',220,139,NULL,NULL,39,1,0,'1',0,'2',39,1,NULL,NULL),
(233,'2023-01-25',221,139,NULL,NULL,39,1,0,'1',0,'2',39,1,NULL,NULL),
(234,'2023-01-25',222,139,NULL,NULL,39,1,0,'1',0,'2',39,1,NULL,NULL),
(235,'2023-01-25',223,139,NULL,NULL,39,1,0,'1',0,'2',39,1,NULL,NULL),
(236,'2023-01-26',224,140,NULL,NULL,39,1,0,'1',0,'2',39,1,NULL,NULL),
(237,'2023-01-26',225,143,NULL,NULL,95,1,0,'1',0,'2',95,1,NULL,NULL),
(238,'2023-01-26',226,139,NULL,NULL,39,1,0,'1',0,'2',39,1,NULL,NULL),
(239,'2023-01-26',226,138,NULL,NULL,39,1,0,'1',0,'2',39,1,NULL,NULL),
(240,'2023-01-26',227,139,NULL,NULL,39,1,0,'1',0,'2',39,1,NULL,NULL),
(241,'2023-01-26',228,133,NULL,NULL,65,1,0,'1',0,'2',65,1,NULL,NULL),
(242,'2023-01-26',229,133,NULL,NULL,65,1,0,'1',0,'2',65,1,NULL,NULL),
(243,'2023-01-26',230,139,NULL,NULL,39,1,0,'1',0,'2',39,1,NULL,NULL),
(244,'2023-01-26',231,138,NULL,NULL,39,1,0,'1',0,'2',39,1,NULL,NULL),
(245,'2023-01-26',231,139,NULL,NULL,39,1,0,'1',0,'2',39,1,NULL,NULL),
(246,'2023-01-26',232,140,NULL,NULL,39,1,0,'1',0,'2',39,1,NULL,NULL),
(249,'2023-01-26',234,133,NULL,NULL,65,1,0,'1',0,'2',65,1,NULL,NULL),
(250,'2023-01-26',234,139,NULL,NULL,39,1,0,'1',0,'2',39,1,NULL,NULL),
(251,'2023-01-26',235,140,NULL,NULL,39,1,0,'1',0,'2',39,1,NULL,NULL),
(252,'2023-01-26',235,145,NULL,NULL,95,1,0,'1',0,'2',95,1,NULL,NULL),
(253,'2023-01-26',236,140,NULL,NULL,39,1,0,'1',0,'2',39,1,NULL,NULL),
(254,'2023-01-26',237,139,NULL,NULL,39,1,0,'1',0,'2',39,1,NULL,NULL),
(255,'2023-01-26',238,139,NULL,NULL,39,1,0,'1',0,'2',39,1,NULL,NULL),
(256,'2023-01-26',239,139,NULL,NULL,39,1,0,'1',0,'2',39,1,NULL,NULL),
(257,'2023-01-26',240,139,NULL,NULL,39,1,0,'1',0,'2',39,1,NULL,NULL),
(258,'2023-01-26',241,131,NULL,NULL,65,1,0,'1',0,'2',65,1,NULL,NULL),
(259,'2023-01-26',242,139,NULL,NULL,39,1,0,'1',0,'2',39,1,NULL,NULL),
(260,'2023-01-26',243,138,NULL,NULL,39,1,0,'1',0,'2',39,1,NULL,NULL),
(261,'2023-01-26',244,139,NULL,NULL,39,1,0,'1',0,'2',39,1,NULL,NULL),
(262,'2023-01-27',245,139,NULL,NULL,39,1,0,'1',0,'2',78,2,NULL,NULL),
(263,'2023-01-27',245,140,NULL,NULL,39,1,0,'1',0,'2',39,1,NULL,NULL),
(264,'2023-01-27',246,143,NULL,NULL,95,1,0,'1',0,'2',95,1,NULL,NULL),
(265,'2023-01-27',247,139,NULL,NULL,39,1,0,'1',0,'2',39,1,NULL,NULL),
(266,'2023-01-27',248,143,NULL,NULL,95,1,0,'1',0,'2',95,1,NULL,NULL),
(267,'2023-01-27',249,131,NULL,NULL,65,1,0,'1',0,'2',65,1,NULL,NULL),
(268,'2023-01-27',249,133,NULL,NULL,65,1,0,'1',0,'2',65,1,NULL,NULL),
(269,'2023-01-27',249,139,NULL,NULL,39,1,0,'1',0,'2',39,1,NULL,NULL),
(270,'2023-01-27',250,147,NULL,NULL,150,1,0,'1',0,'2',150,1,NULL,NULL),
(271,'2023-01-27',251,140,NULL,NULL,39,1,0,'1',0,'2',39,1,NULL,NULL),
(272,'2023-01-27',252,141,NULL,NULL,39,1,0,'1',0,'2',39,1,NULL,NULL),
(273,'2023-01-27',252,143,NULL,NULL,95,1,0,'1',0,'2',95,1,NULL,NULL),
(274,'2023-01-27',253,145,NULL,NULL,95,1,0,'1',0,'2',95,1,NULL,NULL),
(275,'2023-01-27',254,138,NULL,NULL,39,1,0,'1',0,'2',39,1,NULL,NULL),
(276,'2023-01-27',255,139,NULL,NULL,39,1,0,'1',0,'2',39,1,NULL,NULL),
(277,'2023-01-27',256,140,NULL,NULL,39,1,0,'1',0,'2',39,1,NULL,NULL),
(278,'2023-01-27',257,139,NULL,NULL,39,1,0,'1',0,'2',39,1,NULL,NULL),
(279,'2023-01-27',258,139,NULL,NULL,39,1,0,'1',0,'2',39,1,NULL,NULL),
(280,'2023-01-27',259,140,NULL,NULL,39,1,0,'1',0,'2',39,1,NULL,NULL),
(281,'2023-01-27',260,139,NULL,NULL,39,1,0,'1',0,'2',39,1,NULL,NULL),
(282,'2023-01-27',261,139,NULL,NULL,39,1,0,'1',0,'2',39,1,NULL,NULL),
(283,'2023-01-27',262,139,NULL,NULL,39,1,0,'1',0,'2',78,2,NULL,NULL),
(284,'2023-01-27',263,139,NULL,NULL,39,1,0,'1',0,'2',39,1,NULL,NULL),
(285,'2023-01-27',264,139,NULL,NULL,39,1,0,'1',0,'2',39,1,NULL,NULL),
(286,'2023-01-27',265,144,NULL,NULL,95,1,0,'1',0,'2',95,1,NULL,NULL),
(287,'2023-01-27',266,133,NULL,NULL,65,1,0,'1',0,'2',65,1,NULL,NULL),
(288,'2023-01-28',267,145,NULL,NULL,95,1,0,'1',0,'2',95,1,NULL,NULL),
(289,'2023-01-28',268,144,NULL,NULL,95,1,0,'1',0,'2',95,1,NULL,NULL),
(290,'2023-01-28',268,145,NULL,NULL,95,1,0,'1',0,'2',95,1,NULL,NULL),
(291,'2023-01-28',269,138,NULL,NULL,39,1,0,'1',0,'2',78,2,NULL,NULL),
(292,'2023-01-28',270,138,NULL,NULL,39,1,0,'1',0,'2',39,1,NULL,NULL),
(293,'2023-01-28',271,145,NULL,NULL,95,1,0,'1',0,'2',95,1,NULL,NULL),
(294,'2023-01-28',272,138,NULL,NULL,39,1,0,'1',0,'2',39,1,NULL,NULL),
(295,'2023-01-28',273,139,NULL,NULL,39,1,0,'1',0,'2',39,1,NULL,NULL),
(296,'2023-01-28',274,139,NULL,NULL,39,1,0,'1',0,'2',78,2,NULL,NULL),
(297,'2023-01-28',275,139,NULL,NULL,39,1,0,'1',0,'2',39,1,NULL,NULL),
(298,'2023-01-28',276,138,NULL,NULL,39,1,0,'1',0,'2',39,1,NULL,NULL),
(299,'2023-01-28',276,141,NULL,NULL,39,1,0,'1',0,'2',39,1,NULL,NULL),
(300,'2023-01-28',277,140,NULL,NULL,39,1,0,'1',0,'2',39,1,NULL,NULL),
(301,'2023-01-28',278,141,NULL,NULL,39,1,0,'1',0,'2',39,1,NULL,NULL),
(302,'2023-01-28',279,145,NULL,NULL,95,1,0,'1',0,'2',95,1,NULL,NULL),
(303,'2023-01-28',280,139,NULL,NULL,39,1,0,'1',0,'2',78,2,NULL,NULL),
(304,'2023-01-28',281,138,NULL,NULL,39,1,0,'1',0,'2',39,1,NULL,NULL),
(305,'2023-01-28',282,148,NULL,NULL,150,1,0,'1',0,'2',150,1,NULL,NULL),
(306,'2023-01-28',283,139,NULL,NULL,39,1,0,'1',0,'2',39,1,NULL,NULL),
(307,'2023-01-28',284,139,NULL,NULL,39,1,0,'1',0,'2',39,1,NULL,NULL),
(308,'2023-01-28',285,146,NULL,NULL,150,1,0,'1',0,'2',150,1,NULL,NULL),
(309,'2023-01-28',286,140,NULL,NULL,39,1,0,'1',0,'2',39,1,NULL,NULL),
(310,'2023-01-28',287,133,NULL,NULL,65,1,0,'1',0,'2',65,1,NULL,NULL),
(311,'2023-01-28',288,139,NULL,NULL,39,1,0,'1',0,'2',39,1,NULL,NULL),
(312,'2023-01-28',289,139,NULL,NULL,39,1,0,'1',0,'2',39,1,NULL,NULL),
(313,'2023-01-28',290,140,NULL,NULL,39,1,0,'1',0,'2',39,1,NULL,NULL),
(314,'2023-01-28',291,139,NULL,NULL,39,1,0,'1',0,'2',39,1,NULL,NULL),
(315,'2023-01-28',292,139,NULL,NULL,39,1,0,'1',0,'2',39,1,NULL,NULL),
(316,'2023-01-29',293,139,NULL,NULL,39,1,0,'1',0,'2',78,2,NULL,NULL),
(317,'2023-01-29',293,140,NULL,NULL,39,1,0,'1',0,'2',39,1,NULL,NULL),
(318,'2023-01-29',293,138,NULL,NULL,39,1,0,'1',0,'2',39,1,NULL,NULL),
(319,'2023-02-02',294,145,NULL,NULL,95,1,0,'1',0,'2',95,1,NULL,NULL),
(320,'2023-02-02',295,145,NULL,NULL,95,1,0,'1',0,'2',95,1,NULL,NULL),
(321,'2023-02-06',296,64,125,NULL,510,1,0,'1',0,'2',510,1,NULL,NULL),
(322,'2023-02-08',297,65,127,NULL,490,1,0,'1',0,'2',490,1,NULL,NULL),
(323,'2023-02-08',298,65,127,NULL,490,1,0,'1',0,'2',490,1,NULL,NULL),
(324,'2023-02-12',299,133,NULL,NULL,65,1,0,'1',0,'2',260,4,NULL,NULL),
(325,'2023-02-12',299,140,NULL,NULL,39,1,0,'1',0,'2',78,2,NULL,NULL),
(326,'2023-02-13',300,139,NULL,NULL,45,1,0,'1',0,'2',45,1,NULL,NULL),
(327,'2023-02-14',301,149,NULL,NULL,95,1,0,'1',0,'2',95,1,NULL,NULL),
(328,'2023-02-21',302,140,NULL,NULL,45,1,0,'1',0,'2',45,1,NULL,NULL),
(329,'2023-03-02',303,138,NULL,NULL,45,1,0,'1',0,'2',45,1,NULL,NULL),
(330,'2023-03-02',304,149,NULL,NULL,90,1,0,'1',0,'2',630,7,NULL,NULL),
(331,'2023-03-02',304,139,NULL,NULL,90,1,0,'1',0,'2',540,6,NULL,NULL),
(332,'2023-03-03',305,138,NULL,NULL,40,1,0,'1',0,'2',40,1,NULL,NULL),
(333,'2023-03-03',305,140,NULL,NULL,40,1,0,'1',0,'2',40,1,NULL,NULL),
(334,'2023-03-03',305,141,NULL,NULL,40,1,0,'1',0,'2',40,1,NULL,NULL),
(335,'2023-03-03',306,147,NULL,NULL,150,1,0,'1',0,'2',150,1,NULL,NULL),
(336,'2023-03-03',307,146,NULL,NULL,150,1,0,'1',0,'2',150,1,NULL,NULL),
(337,'2023-03-04',308,64,125,NULL,510,1,0,'1',0,'2',510,1,NULL,NULL),
(338,'2023-03-04',309,138,NULL,NULL,45,1,0,'1',0,'2',45,1,NULL,NULL),
(339,'2023-03-06',310,141,NULL,NULL,45,1,0,'1',0,'2',45,1,NULL,NULL),
(340,'2023-03-06',311,133,NULL,NULL,65,1,0,'1',0,'2',65,1,NULL,NULL),
(341,'2023-03-07',312,138,NULL,NULL,45,1,0,'1',0,'2',225,5,NULL,NULL),
(342,'2023-03-07',313,138,NULL,NULL,45,1,0,'1',0,'2',45,1,NULL,NULL),
(343,'2023-03-08',314,138,NULL,NULL,45,1,0,'1',0,'2',45,1,NULL,NULL),
(344,'2023-03-08',314,141,NULL,NULL,45,1,0,'1',0,'2',45,1,NULL,NULL),
(345,'2023-03-09',315,138,NULL,NULL,45,1,0,'1',0,'2',45,1,NULL,NULL),
(346,'2023-03-10',316,151,NULL,NULL,95,1,0,'1',0,'2',95,1,NULL,NULL),
(347,'2023-03-10',317,138,NULL,NULL,45,1,0,'1',0,'2',45,1,NULL,NULL),
(348,'2023-03-11',318,149,NULL,NULL,95,1,0,'1',0,'2',190,2,NULL,NULL),
(349,'2023-03-11',319,132,NULL,NULL,65,1,0,'1',0,'2',65,1,NULL,NULL),
(350,'2023-03-12',320,147,NULL,NULL,150,1,0,'1',0,'2',150,1,NULL,NULL),
(351,'2023-03-12',320,148,NULL,NULL,150,1,0,'1',0,'2',150,1,NULL,NULL),
(352,'2023-03-12',320,146,NULL,NULL,150,1,0,'1',0,'2',300,2,NULL,NULL);

/*Table structure for table `sale_return_details` */

DROP TABLE IF EXISTS `sale_return_details`;

CREATE TABLE `sale_return_details` (
  `id` int(11) NOT NULL AUTO_INCREMENT,
  `sale_return_id` int(11) NOT NULL,
  `product_id` int(11) NOT NULL,
  `price` double NOT NULL,
  `sale_unit_id` int(11) DEFAULT NULL,
  `TaxNet` double DEFAULT 0,
  `tax_method` varchar(192) DEFAULT '1',
  `discount` double DEFAULT 0,
  `discount_method` varchar(192) DEFAULT '1',
  `product_variant_id` int(11) DEFAULT NULL,
  `imei_number` text DEFAULT NULL,
  `quantity` double NOT NULL,
  `total` double NOT NULL,
  `created_at` timestamp(6) NULL DEFAULT NULL,
  `updated_at` timestamp(6) NULL DEFAULT NULL,
  PRIMARY KEY (`id`),
  KEY `return_id` (`sale_return_id`),
  KEY `product_id_details_returns` (`product_id`),
  KEY `sale_return_id_product_variant_id` (`product_variant_id`),
  KEY `sale_unit_id_return_details` (`sale_unit_id`),
  CONSTRAINT `product_id_details_returns` FOREIGN KEY (`product_id`) REFERENCES `products` (`id`),
  CONSTRAINT `sale_return_id` FOREIGN KEY (`sale_return_id`) REFERENCES `sale_returns` (`id`),
  CONSTRAINT `sale_return_id_product_variant_id` FOREIGN KEY (`product_variant_id`) REFERENCES `product_variants` (`id`),
  CONSTRAINT `sale_unit_id_return_details` FOREIGN KEY (`sale_unit_id`) REFERENCES `units` (`id`)
) ENGINE=InnoDB AUTO_INCREMENT=7 DEFAULT CHARSET=utf8mb4;

/*Data for the table `sale_return_details` */

insert  into `sale_return_details`(`id`,`sale_return_id`,`product_id`,`price`,`sale_unit_id`,`TaxNet`,`tax_method`,`discount`,`discount_method`,`product_variant_id`,`imei_number`,`quantity`,`total`,`created_at`,`updated_at`) values 
(5,5,144,95,1,0,'1',0,'2',NULL,NULL,1,95,NULL,NULL),
(6,5,145,95,1,0,'1',0,'2',NULL,NULL,1,95,NULL,NULL);

/*Table structure for table `sale_returns` */

DROP TABLE IF EXISTS `sale_returns`;

CREATE TABLE `sale_returns` (
  `id` int(11) NOT NULL AUTO_INCREMENT,
  `user_id` int(11) NOT NULL,
  `date` date NOT NULL,
  `Ref` varchar(192) NOT NULL,
  `sale_id` int(11) DEFAULT NULL,
  `client_id` int(11) NOT NULL,
  `warehouse_id` int(11) NOT NULL,
  `tax_rate` double DEFAULT 0,
  `TaxNet` double DEFAULT 0,
  `discount` double DEFAULT 0,
  `shipping` double DEFAULT 0,
  `GrandTotal` double NOT NULL,
  `paid_amount` double NOT NULL DEFAULT 0,
  `payment_statut` varchar(192) NOT NULL,
  `statut` varchar(192) NOT NULL,
  `notes` text DEFAULT NULL,
  `created_at` timestamp(6) NULL DEFAULT NULL,
  `updated_at` timestamp(6) NULL DEFAULT NULL,
  `deleted_at` timestamp NULL DEFAULT NULL,
  PRIMARY KEY (`id`),
  KEY `user_id_returns` (`user_id`),
  KEY `client_id_returns` (`client_id`),
  KEY `warehouse_id_sale_return_id` (`warehouse_id`),
  KEY `sale_id_return_sales` (`sale_id`),
  CONSTRAINT `client_id_returns` FOREIGN KEY (`client_id`) REFERENCES `clients` (`id`),
  CONSTRAINT `sale_id_return_sales` FOREIGN KEY (`sale_id`) REFERENCES `sales` (`id`),
  CONSTRAINT `user_id_returns` FOREIGN KEY (`user_id`) REFERENCES `users` (`id`),
  CONSTRAINT `warehouse_id_sale_return_id` FOREIGN KEY (`warehouse_id`) REFERENCES `warehouses` (`id`)
) ENGINE=InnoDB AUTO_INCREMENT=6 DEFAULT CHARSET=utf8mb4;

/*Data for the table `sale_returns` */

insert  into `sale_returns`(`id`,`user_id`,`date`,`Ref`,`sale_id`,`client_id`,`warehouse_id`,`tax_rate`,`TaxNet`,`discount`,`shipping`,`GrandTotal`,`paid_amount`,`payment_statut`,`statut`,`notes`,`created_at`,`updated_at`,`deleted_at`) values 
(1,3,'2022-10-27','RT_1111',134,131,1,0,0,0,0,670,670,'paid','received',NULL,'2022-10-27 10:07:30.000000','2022-10-30 11:27:33.000000',NULL),
(2,3,'2022-10-30','RT_1112',147,144,1,0,0,0,0,590,0,'unpaid','received','لا يرغب بهذا المنتج ...... يحتفظ الاسباب لشخصه','2022-10-30 11:29:15.000000','2022-10-30 11:29:15.000000',NULL),
(3,3,'2022-10-30','RT_1113',150,147,1,0,0,0,0,585,585,'paid','received','لا يريد هذه القطعة','2022-10-30 11:56:23.000000','2022-10-30 12:01:20.000000',NULL),
(4,3,'2022-10-31','RT_1114',153,149,1,0,0,0,0,790,0,'unpaid','received',NULL,'2022-10-31 11:53:54.000000','2022-10-31 11:54:43.000000',NULL),
(5,1,'2023-01-28','RT_1115',268,235,1,0,0,0,0,190,0,'unpaid','received',NULL,'2023-01-28 09:24:03.000000','2023-01-28 09:24:03.000000',NULL);

/*Table structure for table `sales` */

DROP TABLE IF EXISTS `sales`;

CREATE TABLE `sales` (
  `id` int(11) NOT NULL AUTO_INCREMENT,
  `user_id` int(11) NOT NULL,
  `date` date NOT NULL,
  `Ref` varchar(192) NOT NULL,
  `is_pos` tinyint(1) DEFAULT 0,
  `client_id` int(11) NOT NULL,
  `warehouse_id` int(11) NOT NULL,
  `tax_rate` double DEFAULT 0,
  `TaxNet` double DEFAULT 0,
  `discount` double DEFAULT 0,
  `shipping` double DEFAULT 0,
  `GrandTotal` double NOT NULL DEFAULT 0,
  `paid_amount` double NOT NULL DEFAULT 0,
  `payment_statut` varchar(192) NOT NULL,
  `statut` varchar(191) NOT NULL,
  `shipping_status` varchar(191) DEFAULT NULL,
  `notes` text DEFAULT NULL,
  `created_at` timestamp(6) NULL DEFAULT NULL,
  `updated_at` timestamp(6) NULL DEFAULT NULL,
  `deleted_at` timestamp NULL DEFAULT NULL,
  PRIMARY KEY (`id`),
  KEY `user_id_sales` (`user_id`),
  KEY `sale_client_id` (`client_id`),
  KEY `warehouse_id_sale` (`warehouse_id`),
  CONSTRAINT `sale_client_id` FOREIGN KEY (`client_id`) REFERENCES `clients` (`id`),
  CONSTRAINT `user_id_sales` FOREIGN KEY (`user_id`) REFERENCES `users` (`id`),
  CONSTRAINT `warehouse_id_sale` FOREIGN KEY (`warehouse_id`) REFERENCES `warehouses` (`id`)
) ENGINE=InnoDB AUTO_INCREMENT=321 DEFAULT CHARSET=utf8mb4;

/*Data for the table `sales` */

insert  into `sales`(`id`,`user_id`,`date`,`Ref`,`is_pos`,`client_id`,`warehouse_id`,`tax_rate`,`TaxNet`,`discount`,`shipping`,`GrandTotal`,`paid_amount`,`payment_statut`,`statut`,`shipping_status`,`notes`,`created_at`,`updated_at`,`deleted_at`) values 
(1,1,'2022-10-13','SL_1111',1,1,1,0,0,0,0,590,590,'paid','completed',NULL,NULL,'2022-10-13 15:16:21.000000','2023-01-28 17:55:55.000000','2023-01-28 17:55:55'),
(2,1,'2022-10-16','SL_1112',1,1,1,0,0,0,0,585,585,'paid','completed',NULL,NULL,'2022-10-16 12:31:12.000000','2023-01-28 17:56:09.000000','2023-01-28 17:56:09'),
(3,1,'2022-10-16','SL_1113',1,1,1,0,0,0,0,590,590,'paid','completed',NULL,NULL,'2022-10-16 13:30:59.000000','2023-01-28 17:55:38.000000','2023-01-28 17:55:38'),
(4,4,'2022-10-23','SL_1114',1,1,1,0,0,0,0,590,590,'paid','completed',NULL,NULL,'2022-10-23 14:09:34.000000','2023-01-25 08:01:46.000000','2023-01-25 08:01:46'),
(5,3,'2022-10-23','SL_1115',1,1,1,0,0,0,0,750,750,'paid','completed',NULL,NULL,'2022-10-23 14:37:45.000000','2023-01-28 17:55:38.000000','2023-01-28 17:55:38'),
(6,3,'2022-10-23','SL_1116',1,4,1,0,0,0,0,590,590,'paid','completed',NULL,NULL,'2022-10-23 14:39:02.000000','2023-01-28 17:55:38.000000','2023-01-28 17:55:38'),
(7,3,'2022-10-23','SL_1117',1,4,1,0,0,0,0,470,470,'paid','completed',NULL,NULL,'2022-10-23 14:48:39.000000','2023-01-28 17:55:38.000000','2023-01-28 17:55:38'),
(8,4,'2022-10-23','SL_1118',1,8,1,0,0,0,0,760,760,'paid','completed',NULL,NULL,'2022-10-23 14:54:56.000000','2023-01-25 08:01:46.000000','2023-01-25 08:01:46'),
(9,3,'2022-10-23','SL_1119',1,5,1,0,0,0,0,585,585,'paid','completed',NULL,NULL,'2022-10-23 14:56:54.000000','2023-01-25 08:48:18.000000','2023-01-25 08:48:18'),
(10,3,'2022-10-23','SL_1120',1,5,1,0,0,0,0,750,750,'paid','completed',NULL,NULL,'2022-10-23 15:00:45.000000','2023-01-25 08:07:16.000000','2023-01-25 08:07:16'),
(11,3,'2022-10-23','SL_1121',1,10,1,0,0,0,0,1400,1400,'paid','completed',NULL,NULL,'2022-10-23 15:02:41.000000','2022-10-23 15:06:04.000000','2022-10-23 15:06:04'),
(12,3,'2022-10-23','SL_1122',1,13,1,0,0,0,0,1600,1600,'paid','completed',NULL,NULL,'2022-10-23 15:09:34.000000','2023-01-25 08:47:26.000000','2023-01-25 08:47:26'),
(13,4,'2022-10-23','SL_1123',1,14,1,0,0,0,0,2280,2280,'paid','completed',NULL,NULL,'2022-10-23 15:12:40.000000','2023-01-25 08:01:46.000000','2023-01-25 08:01:46'),
(14,4,'2022-10-23','SL_1124',1,14,1,0,0,0,0,1400,1400,'paid','completed',NULL,NULL,'2022-10-23 15:19:56.000000','2023-01-25 08:01:46.000000','2023-01-25 08:01:46'),
(15,3,'2022-10-23','SL_1125',1,16,1,0,0,0,0,640,640,'paid','completed',NULL,NULL,'2022-10-23 15:28:39.000000','2023-01-25 08:48:00.000000','2023-01-25 08:48:00'),
(16,4,'2022-10-23','SL_1126',1,15,1,0,0,0,0,750,750,'paid','completed',NULL,NULL,'2022-10-23 15:34:36.000000','2023-01-25 08:01:46.000000','2023-01-25 08:01:46'),
(17,3,'2022-10-23','SL_1127',1,18,1,0,0,0,0,1600,1600,'paid','completed',NULL,NULL,'2022-10-23 15:38:11.000000','2023-01-28 17:55:38.000000','2023-01-28 17:55:38'),
(18,4,'2022-10-23','SL_1128',1,19,1,0,0,0,0,585,585,'paid','completed',NULL,NULL,'2022-10-23 15:43:46.000000','2023-01-25 08:01:46.000000','2023-01-25 08:01:46'),
(19,3,'2022-10-23','SL_1129',1,20,1,0,0,0,0,750,750,'paid','completed',NULL,NULL,'2022-10-23 15:44:39.000000','2023-01-28 17:55:38.000000','2023-01-28 17:55:38'),
(20,4,'2022-10-23','SL_1130',1,19,1,0,0,0,0,760,760,'paid','completed',NULL,NULL,'2022-10-23 15:45:34.000000','2023-01-25 08:01:46.000000','2023-01-25 08:01:46'),
(21,3,'2022-10-23','SL_1131',1,22,1,0,0,0,0,750,750,'paid','completed',NULL,NULL,'2022-10-23 15:46:20.000000','2023-01-25 08:12:17.000000','2023-01-25 08:12:17'),
(22,3,'2022-10-23','SL_1132',1,23,1,0,0,0,0,1400,1400,'paid','completed',NULL,NULL,'2022-10-23 15:47:46.000000','2023-01-28 17:55:38.000000','2023-01-28 17:55:38'),
(23,4,'2022-10-23','SL_1133',1,24,1,0,0,0,0,670,670,'paid','completed',NULL,NULL,'2022-10-23 15:51:36.000000','2023-01-25 08:01:46.000000','2023-01-25 08:01:46'),
(24,3,'2022-10-23','SL_1134',1,25,1,0,0,0,0,670,670,'paid','completed',NULL,NULL,'2022-10-23 15:54:14.000000','2023-01-28 17:55:38.000000','2023-01-28 17:55:38'),
(25,4,'2022-10-23','SL_1135',1,26,1,0,0,0,0,1520,1520,'paid','completed',NULL,NULL,'2022-10-23 15:55:28.000000','2023-01-25 08:01:46.000000','2023-01-25 08:01:46'),
(26,3,'2022-10-23','SL_1136',1,28,1,0,0,0,0,670,670,'paid','completed',NULL,NULL,'2022-10-23 16:08:08.000000','2023-01-28 17:57:39.000000','2023-01-28 17:57:39'),
(27,4,'2022-10-23','SL_1137',1,27,1,0,0,0,0,760,760,'paid','completed',NULL,NULL,'2022-10-23 16:09:10.000000','2023-01-25 08:01:46.000000','2023-01-25 08:01:46'),
(28,3,'2022-10-23','SL_1138',1,27,1,0,0,0,0,590,590,'paid','completed',NULL,NULL,'2022-10-23 16:21:22.000000','2023-01-28 17:56:34.000000','2023-01-28 17:56:34'),
(29,3,'2022-10-23','SL_1139',1,27,1,0,0,0,0,590,570,'partial','completed',NULL,NULL,'2022-10-23 16:21:55.000000','2023-01-28 17:56:14.000000','2023-01-28 17:56:14'),
(30,3,'2022-10-23','SL_1140',1,29,1,0,0,0,0,590,295,'partial','completed',NULL,NULL,'2022-10-23 16:26:09.000000','2023-01-28 17:57:07.000000','2023-01-28 17:57:07'),
(31,3,'2022-10-24','SL_1141',1,1,1,0,0,0,0,585,585,'paid','completed',NULL,NULL,'2022-10-24 10:18:07.000000','2023-01-28 17:56:20.000000','2023-01-28 17:56:20'),
(32,3,'2022-10-24','SL_1142',1,1,1,0,0,0,0,585,585,'paid','completed',NULL,NULL,'2022-10-24 10:21:48.000000','2023-01-28 17:56:49.000000','2023-01-28 17:56:49'),
(33,3,'2022-10-24','SL_1143',1,1,1,0,0,0,0,585,585,'paid','completed',NULL,NULL,'2022-10-24 10:25:55.000000','2023-01-28 17:56:28.000000','2023-01-28 17:56:28'),
(34,3,'2022-10-24','SL_1144',1,31,1,0,0,0,0,590,590,'paid','completed',NULL,NULL,'2022-10-24 11:37:06.000000','2023-01-28 17:56:40.000000','2023-01-28 17:56:40'),
(35,3,'2022-10-24','SL_1145',1,32,1,0,0,0,0,750,750,'paid','completed',NULL,NULL,'2022-10-24 12:22:13.000000','2023-01-28 17:56:56.000000','2023-01-28 17:56:56'),
(36,4,'2022-10-25','SL_1146',1,33,1,0,0,0,0,3700,3700,'paid','completed',NULL,NULL,'2022-10-25 09:25:56.000000','2023-01-25 08:01:46.000000','2023-01-25 08:01:46'),
(37,4,'2022-10-25','SL_1147',1,34,1,0,0,0,0,750,750,'paid','completed',NULL,NULL,'2022-10-25 10:28:17.000000','2023-01-25 08:01:46.000000','2023-01-25 08:01:46'),
(38,3,'2022-10-25','SL_1148',1,35,1,0,0,0,0,585,585,'paid','completed',NULL,NULL,'2022-10-25 10:32:40.000000','2023-01-28 17:57:12.000000','2023-01-28 17:57:12'),
(39,3,'2022-10-25','SL_1149',1,36,1,0,0,0,0,585,585,'paid','completed',NULL,NULL,'2022-10-25 10:34:09.000000','2023-01-28 17:58:06.000000','2023-01-28 17:58:06'),
(40,3,'2022-10-25','SL_1150',1,37,1,0,0,0,0,585,585,'paid','completed',NULL,NULL,'2022-10-25 10:35:05.000000','2023-01-28 17:57:26.000000','2023-01-28 17:57:26'),
(41,3,'2022-10-25','SL_1151',1,38,1,0,0,0,0,585,585,'paid','completed',NULL,NULL,'2022-10-25 10:37:19.000000','2023-01-28 17:57:51.000000','2023-01-28 17:57:51'),
(42,3,'2022-10-25','SL_1152',1,39,1,0,0,0,0,585,585,'paid','completed',NULL,NULL,'2022-10-25 10:38:47.000000','2023-01-28 17:58:11.000000','2023-01-28 17:58:11'),
(43,3,'2022-10-25','SL_1153',1,41,1,0,0,0,0,585,585,'paid','completed',NULL,NULL,'2022-10-25 10:40:08.000000','2023-01-28 17:58:17.000000','2023-01-28 17:58:17'),
(44,4,'2022-10-25','SL_1154',1,39,1,0,0,0,0,590,590,'paid','completed',NULL,NULL,'2022-10-25 10:41:27.000000','2023-01-25 08:01:46.000000','2023-01-25 08:01:46'),
(45,4,'2022-10-25','SL_1155',1,42,1,0,0,0,0,590,590,'paid','completed',NULL,NULL,'2022-10-25 10:49:30.000000','2023-01-25 08:01:46.000000','2023-01-25 08:01:46'),
(46,3,'2022-10-25','SL_1156',1,44,1,0,0,0,0,585,585,'paid','completed',NULL,NULL,'2022-10-25 11:02:23.000000','2023-01-28 18:00:27.000000','2023-01-28 18:00:27'),
(47,3,'2022-10-25','SL_1157',1,45,1,0,0,0,0,585,585,'paid','completed',NULL,NULL,'2022-10-25 11:05:14.000000','2023-01-25 08:16:39.000000','2023-01-25 08:16:39'),
(48,4,'2022-10-25','SL_1158',1,43,1,0,0,0,0,750,750,'paid','completed',NULL,NULL,'2022-10-25 11:07:00.000000','2023-01-25 08:02:42.000000','2023-01-25 08:02:42'),
(49,3,'2022-10-25','SL_1159',1,46,1,0,0,0,0,585,585,'paid','completed',NULL,NULL,'2022-10-25 11:07:50.000000','2023-01-25 08:16:39.000000','2023-01-25 08:16:39'),
(50,3,'2022-10-25','SL_1160',1,47,1,0,0,0,0,585,585,'paid','completed',NULL,NULL,'2022-10-25 11:10:06.000000','2023-01-25 08:16:39.000000','2023-01-25 08:16:39'),
(51,3,'2022-10-25','SL_1161',1,48,1,0,0,0,0,585,585,'paid','completed',NULL,NULL,'2022-10-25 11:11:43.000000','2023-01-25 08:16:39.000000','2023-01-25 08:16:39'),
(52,3,'2022-10-25','SL_1162',1,50,1,0,0,0,0,585,585,'paid','completed',NULL,NULL,'2022-10-25 11:13:04.000000','2023-01-25 08:16:40.000000','2023-01-25 08:16:40'),
(53,4,'2022-10-25','SL_1163',1,49,1,0,0,0,0,750,750,'paid','completed',NULL,NULL,'2022-10-25 11:13:36.000000','2023-01-25 08:01:46.000000','2023-01-25 08:01:46'),
(54,3,'2022-10-25','SL_1164',1,50,1,0,0,0,0,585,585,'paid','completed',NULL,NULL,'2022-10-25 11:14:08.000000','2023-01-28 17:58:32.000000','2023-01-28 17:58:32'),
(55,3,'2022-10-25','SL_1165',1,51,1,0,0,0,0,585,585,'paid','completed',NULL,NULL,'2022-10-25 11:15:02.000000','2023-01-28 17:58:56.000000','2023-01-28 17:58:56'),
(56,3,'2022-10-25','SL_1166',1,52,1,0,0,0,0,585,585,'paid','completed',NULL,NULL,'2022-10-25 11:17:10.000000','2023-01-28 17:58:50.000000','2023-01-28 17:58:50'),
(57,3,'2022-10-25','SL_1167',1,53,1,0,0,0,0,585,585,'paid','completed',NULL,NULL,'2022-10-25 11:18:37.000000','2023-01-28 17:59:03.000000','2023-01-28 17:59:03'),
(58,3,'2022-10-25','SL_1168',1,54,1,0,0,0,0,585,585,'paid','completed',NULL,NULL,'2022-10-25 11:19:51.000000','2023-01-28 17:58:38.000000','2023-01-28 17:58:38'),
(59,3,'2022-10-25','SL_1169',1,55,1,0,0,0,0,585,585,'paid','completed',NULL,NULL,'2022-10-25 11:20:42.000000','2023-01-28 17:59:22.000000','2023-01-28 17:59:22'),
(60,3,'2022-10-25','SL_1170',1,55,1,0,0,0,0,585,585,'paid','completed',NULL,NULL,'2022-10-25 11:23:34.000000','2023-01-28 17:59:10.000000','2023-01-28 17:59:10'),
(61,3,'2022-10-25','SL_1171',1,58,1,0,0,0,0,640,640,'paid','completed',NULL,NULL,'2022-10-25 11:26:58.000000','2023-01-28 17:59:33.000000','2023-01-28 17:59:33'),
(62,4,'2022-10-25','SL_1172',1,56,1,0,0,0,0,760,760,'paid','completed',NULL,NULL,'2022-10-25 11:27:15.000000','2023-01-25 08:01:46.000000','2023-01-25 08:01:46'),
(63,3,'2022-10-25','SL_1173',1,59,1,0,0,0,0,640,640,'paid','completed',NULL,NULL,'2022-10-25 11:30:28.000000','2023-01-28 17:59:48.000000','2023-01-28 17:59:48'),
(64,3,'2022-10-25','SL_1174',1,59,1,0,0,0,0,640,640,'paid','completed',NULL,NULL,'2022-10-25 11:31:01.000000','2023-01-25 08:17:45.000000','2023-01-25 08:17:45'),
(65,3,'2022-10-25','SL_1175',1,60,1,0,0,0,0,640,640,'paid','completed',NULL,NULL,'2022-10-25 11:32:55.000000','2023-01-25 08:17:53.000000','2023-01-25 08:17:53'),
(66,3,'2022-10-25','SL_1176',1,62,1,0,0,0,0,640,640,'paid','completed',NULL,NULL,'2022-10-25 11:34:12.000000','2023-01-28 18:00:13.000000','2023-01-28 18:00:13'),
(67,4,'2022-10-25','SL_1177',1,63,1,0,0,0,0,760,760,'paid','completed',NULL,NULL,'2022-10-25 11:38:59.000000','2023-01-25 08:01:46.000000','2023-01-25 08:01:46'),
(68,3,'2022-10-25','SL_1178',1,65,1,0,0,0,0,750,750,'paid','completed',NULL,NULL,'2022-10-25 11:42:27.000000','2023-01-28 18:00:35.000000','2023-01-28 18:00:35'),
(69,3,'2022-10-25','SL_1179',1,67,1,0,0,0,0,750,750,'paid','completed',NULL,NULL,'2022-10-25 11:44:18.000000','2023-01-28 17:59:58.000000','2023-01-28 17:59:58'),
(70,4,'2022-10-25','SL_1180',1,66,1,0,0,0,0,760,760,'paid','completed',NULL,NULL,'2022-10-25 11:44:28.000000','2023-01-25 08:01:46.000000','2023-01-25 08:01:46'),
(71,3,'2022-10-25','SL_1181',1,68,1,0,0,0,0,750,750,'paid','completed',NULL,NULL,'2022-10-25 11:45:48.000000','2023-01-28 18:05:53.000000','2023-01-28 18:05:53'),
(72,3,'2022-10-25','SL_1182',1,69,1,0,0,0,0,750,750,'paid','completed',NULL,NULL,'2022-10-25 11:46:56.000000','2023-01-28 18:05:59.000000','2023-01-28 18:05:59'),
(73,4,'2022-10-25','SL_1183',1,70,1,0,0,0,0,760,760,'paid','completed',NULL,NULL,'2022-10-25 11:55:00.000000','2023-01-25 08:01:46.000000','2023-01-25 08:01:46'),
(74,3,'2022-10-25','SL_1184',1,71,1,0,0,0,0,750,750,'paid','completed',NULL,NULL,'2022-10-25 11:55:54.000000','2023-01-28 18:06:06.000000','2023-01-28 18:06:06'),
(75,3,'2022-10-25','SL_1185',1,72,1,0,0,0,0,750,750,'paid','completed',NULL,NULL,'2022-10-25 11:57:14.000000','2023-01-28 18:06:16.000000','2023-01-28 18:06:16'),
(76,3,'2022-10-25','SL_1186',1,73,1,0,0,0,0,750,750,'paid','completed',NULL,NULL,'2022-10-25 11:58:37.000000','2023-01-28 18:06:23.000000','2023-01-28 18:06:23'),
(77,3,'2022-10-25','SL_1187',1,74,1,0,0,0,0,750,750,'paid','completed',NULL,NULL,'2022-10-25 12:00:32.000000','2023-01-28 18:06:28.000000','2023-01-28 18:06:28'),
(78,4,'2022-10-25','SL_1188',1,75,1,0,0,0,0,760,760,'paid','completed',NULL,NULL,'2022-10-25 12:01:47.000000','2023-01-25 08:01:46.000000','2023-01-25 08:01:46'),
(79,3,'2022-10-25','SL_1189',1,76,1,0,0,0,0,750,750,'paid','completed',NULL,NULL,'2022-10-25 12:03:04.000000','2023-01-28 18:06:36.000000','2023-01-28 18:06:36'),
(80,3,'2022-10-25','SL_1190',1,77,1,0,0,0,0,750,750,'paid','completed',NULL,NULL,'2022-10-25 12:04:43.000000','2023-01-28 18:07:33.000000','2023-01-28 18:07:33'),
(81,3,'2022-10-25','SL_1191',1,77,1,0,0,0,0,750,750,'paid','completed',NULL,NULL,'2022-10-25 12:05:26.000000','2023-01-28 18:07:50.000000','2023-01-28 18:07:50'),
(82,3,'2022-10-25','SL_1192',1,79,1,0,0,0,0,750,750,'paid','completed',NULL,NULL,'2022-10-25 12:07:06.000000','2023-01-28 18:06:42.000000','2023-01-28 18:06:42'),
(83,4,'2022-10-25','SL_1193',1,78,1,0,0,0,0,760,760,'paid','completed',NULL,NULL,'2022-10-25 12:07:08.000000','2023-01-25 08:01:46.000000','2023-01-25 08:01:46'),
(84,3,'2022-10-25','SL_1194',1,80,1,0,0,0,0,750,750,'paid','completed',NULL,NULL,'2022-10-25 12:09:10.000000','2023-01-28 18:06:50.000000','2023-01-28 18:06:50'),
(85,4,'2022-10-25','SL_1195',1,81,1,0,0,0,0,760,760,'paid','completed',NULL,NULL,'2022-10-25 12:11:24.000000','2023-01-25 08:01:46.000000','2023-01-25 08:01:46'),
(86,3,'2022-10-25','SL_1196',1,82,1,0,0,0,0,750,750,'paid','completed',NULL,NULL,'2022-10-25 12:13:23.000000','2023-01-28 18:07:04.000000','2023-01-28 18:07:04'),
(87,4,'2022-10-25','SL_1197',1,83,1,0,0,0,0,760,760,'paid','completed',NULL,NULL,'2022-10-25 12:18:24.000000','2023-01-25 08:01:46.000000','2023-01-25 08:01:46'),
(88,3,'2022-10-25','SL_1198',1,84,1,0,0,0,0,750,750,'paid','completed',NULL,NULL,'2022-10-25 12:19:13.000000','2023-01-28 18:08:04.000000','2023-01-28 18:08:04'),
(89,3,'2022-10-25','SL_1199',1,85,1,0,0,0,0,750,750,'paid','completed',NULL,NULL,'2022-10-25 12:21:12.000000','2023-01-28 18:07:12.000000','2023-01-28 18:07:12'),
(90,4,'2022-10-25','SL_1200',1,86,1,0,0,0,0,760,760,'paid','completed',NULL,NULL,'2022-10-25 12:23:24.000000','2023-01-25 08:01:46.000000','2023-01-25 08:01:46'),
(91,3,'2022-10-25','SL_1201',1,87,1,0,0,0,0,750,750,'paid','completed',NULL,NULL,'2022-10-25 12:23:29.000000','2023-01-28 18:07:24.000000','2023-01-28 18:07:24'),
(92,3,'2022-10-25','SL_1202',1,88,1,0,0,0,0,780,780,'paid','completed',NULL,NULL,'2022-10-25 12:24:41.000000','2023-01-28 18:08:17.000000','2023-01-28 18:08:17'),
(93,3,'2022-10-25','SL_1203',1,89,1,0,0,0,0,780,780,'paid','completed',NULL,NULL,'2022-10-25 12:26:06.000000','2023-01-28 18:08:32.000000','2023-01-28 18:08:32'),
(94,4,'2022-10-25','SL_1204',1,90,1,0,0,0,0,760,760,'paid','completed',NULL,NULL,'2022-10-25 12:29:10.000000','2023-01-25 08:01:47.000000','2023-01-25 08:01:47'),
(95,3,'2022-10-25','SL_1205',1,91,1,0,0,0,0,780,780,'paid','completed',NULL,NULL,'2022-10-25 12:30:24.000000','2023-01-28 18:09:03.000000','2023-01-28 18:09:03'),
(96,3,'2022-10-25','SL_1206',1,92,1,0,0,0,0,780,780,'paid','completed',NULL,NULL,'2022-10-25 12:31:35.000000','2023-01-28 18:08:45.000000','2023-01-28 18:08:45'),
(97,4,'2022-10-25','SL_1207',1,93,1,0,0,0,0,760,760,'paid','completed',NULL,NULL,'2022-10-25 12:34:28.000000','2023-01-25 08:01:47.000000','2023-01-25 08:01:47'),
(98,4,'2022-10-25','SL_1208',1,94,1,0,0,0,0,760,760,'paid','completed',NULL,NULL,'2022-10-25 12:39:24.000000','2023-01-25 08:01:47.000000','2023-01-25 08:01:47'),
(99,4,'2022-10-25','SL_1209',1,95,1,0,0,0,0,585,585,'paid','completed',NULL,NULL,'2022-10-25 12:47:12.000000','2023-01-25 08:01:47.000000','2023-01-25 08:01:47'),
(100,3,'2022-10-25','SL_1210',1,96,1,0,0,0,0,750,750,'paid','completed',NULL,NULL,'2022-10-25 12:49:20.000000','2023-01-28 18:08:38.000000','2023-01-28 18:08:38'),
(101,3,'2022-10-25','SL_1211',1,97,1,0,0,0,0,750,750,'paid','completed',NULL,NULL,'2022-10-25 12:52:00.000000','2023-01-28 18:09:40.000000','2023-01-28 18:09:40'),
(102,4,'2022-10-25','SL_1212',1,98,1,0,0,0,0,585,585,'paid','completed',NULL,NULL,'2022-10-25 12:52:45.000000','2023-01-25 08:01:47.000000','2023-01-25 08:01:47'),
(103,3,'2022-10-25','SL_1213',1,99,1,0,0,0,0,760,760,'paid','completed',NULL,NULL,'2022-10-25 12:53:02.000000','2023-01-28 18:09:09.000000','2023-01-28 18:09:09'),
(104,4,'2022-10-25','SL_1214',1,100,1,0,0,0,0,585,585,'paid','completed',NULL,NULL,'2022-10-25 12:58:52.000000','2023-01-25 08:01:47.000000','2023-01-25 08:01:47'),
(105,4,'2022-10-25','SL_1215',1,101,1,0,0,0,0,585,585,'paid','completed',NULL,NULL,'2022-10-25 13:05:09.000000','2023-01-25 08:01:47.000000','2023-01-25 08:01:47'),
(106,3,'2022-10-25','SL_1216',1,102,1,0,0,0,0,760,760,'paid','completed',NULL,NULL,'2022-10-25 13:08:23.000000','2023-01-28 18:08:57.000000','2023-01-28 18:08:57'),
(107,4,'2022-10-25','SL_1217',1,103,1,0,0,0,0,585,585,'paid','completed',NULL,NULL,'2022-10-25 13:10:22.000000','2023-01-25 08:01:47.000000','2023-01-25 08:01:47'),
(108,3,'2022-10-25','SL_1218',1,104,1,0,0,0,0,760,760,'paid','completed',NULL,NULL,'2022-10-25 13:12:22.000000','2023-01-28 18:09:15.000000','2023-01-28 18:09:15'),
(109,3,'2022-10-25','SL_1219',1,105,1,0,0,0,0,760,760,'paid','completed',NULL,NULL,'2022-10-25 13:13:26.000000','2023-01-28 18:09:22.000000','2023-01-28 18:09:22'),
(110,3,'2022-10-25','SL_1220',1,106,1,0,0,0,0,760,760,'paid','completed',NULL,NULL,'2022-10-25 13:14:52.000000','2023-01-28 18:10:00.000000','2023-01-28 18:10:00'),
(111,3,'2022-10-25','SL_1221',1,107,1,0,0,0,0,760,760,'paid','completed',NULL,NULL,'2022-10-25 13:15:49.000000','2023-01-28 18:10:08.000000','2023-01-28 18:10:08'),
(112,3,'2022-10-25','SL_1222',1,108,1,0,0,0,0,760,760,'paid','completed',NULL,NULL,'2022-10-25 13:22:22.000000','2023-01-28 18:10:29.000000','2023-01-28 18:10:29'),
(113,3,'2022-10-25','SL_1223',1,109,1,0,0,0,0,760,760,'paid','completed',NULL,NULL,'2022-10-25 13:23:28.000000','2023-01-28 18:11:07.000000','2023-01-28 18:11:07'),
(114,3,'2022-10-25','SL_1224',1,110,1,0,0,0,0,760,760,'paid','completed',NULL,NULL,'2022-10-25 13:25:26.000000','2023-01-28 18:10:43.000000','2023-01-28 18:10:43'),
(115,3,'2022-10-25','SL_1225',1,111,1,0,0,0,0,760,760,'paid','completed',NULL,NULL,'2022-10-25 13:26:48.000000','2023-01-28 18:03:35.000000','2023-01-28 18:03:35'),
(116,3,'2022-10-25','SL_1226',1,113,1,0,0,0,0,760,760,'paid','completed',NULL,NULL,'2022-10-25 13:28:23.000000','2023-01-28 18:03:06.000000','2023-01-28 18:03:06'),
(117,3,'2022-10-25','SL_1227',1,114,1,0,0,0,0,760,760,'paid','completed',NULL,NULL,'2022-10-25 13:29:59.000000','2023-01-28 18:03:18.000000','2023-01-28 18:03:18'),
(118,3,'2022-10-25','SL_1228',1,115,1,0,0,0,0,760,760,'paid','completed',NULL,NULL,'2022-10-25 13:31:24.000000','2023-01-28 18:03:41.000000','2023-01-28 18:03:41'),
(119,3,'2022-10-25','SL_1229',1,117,1,0,0,0,0,760,760,'paid','completed',NULL,NULL,'2022-10-25 13:33:10.000000','2023-01-28 18:02:51.000000','2023-01-28 18:02:51'),
(120,4,'2022-10-25','SL_1230',1,116,1,0,0,0,0,585,585,'paid','completed',NULL,NULL,'2022-10-25 13:33:27.000000','2023-01-25 08:01:47.000000','2023-01-25 08:01:47'),
(121,3,'2022-10-25','SL_1231',1,118,1,0,0,0,0,760,760,'paid','completed',NULL,NULL,'2022-10-25 13:35:10.000000','2023-01-28 18:03:53.000000','2023-01-28 18:03:53'),
(122,3,'2022-10-25','SL_1232',1,120,1,0,0,0,0,760,760,'paid','completed',NULL,NULL,'2022-10-25 13:36:55.000000','2023-01-28 18:04:01.000000','2023-01-28 18:04:01'),
(123,4,'2022-10-25','SL_1233',1,119,1,0,0,0,0,640,640,'paid','completed',NULL,NULL,'2022-10-25 13:37:34.000000','2023-01-25 08:01:47.000000','2023-01-25 08:01:47'),
(124,3,'2022-10-25','SL_1234',1,121,1,0,0,0,0,690,690,'paid','completed',NULL,NULL,'2022-10-25 13:39:14.000000','2023-01-28 18:04:17.000000','2023-01-28 18:04:17'),
(125,3,'2022-10-25','SL_1235',1,122,1,0,0,0,0,670,670,'paid','completed',NULL,NULL,'2022-10-25 13:40:39.000000','2023-01-28 18:04:30.000000','2023-01-28 18:04:30'),
(126,4,'2022-10-25','SL_1236',1,123,1,0,0,0,0,780,780,'paid','completed',NULL,NULL,'2022-10-25 13:42:08.000000','2023-01-25 08:01:47.000000','2023-01-25 08:01:47'),
(127,3,'2022-10-25','SL_1237',1,124,1,0,0,0,0,670,670,'paid','completed',NULL,NULL,'2022-10-25 13:44:04.000000','2023-01-28 18:02:46.000000','2023-01-28 18:02:46'),
(128,4,'2022-10-25','SL_1238',1,2,1,0,0,0,0,510,510,'paid','completed',NULL,NULL,'2022-10-25 13:48:08.000000','2023-01-25 08:01:47.000000','2023-01-25 08:01:47'),
(129,3,'2022-10-25','SL_1239',1,127,1,0,0,0,0,670,670,'paid','completed',NULL,NULL,'2022-10-25 13:52:43.000000','2023-01-28 18:01:30.000000','2023-01-28 18:01:30'),
(130,4,'2022-10-25','SL_1240',1,126,1,0,0,0,0,490,490,'paid','completed',NULL,NULL,'2022-10-25 13:53:32.000000','2023-01-25 08:01:47.000000','2023-01-25 08:01:47'),
(131,4,'2022-10-25','SL_1241',1,128,1,0,0,0,0,490,490,'paid','completed',NULL,NULL,'2022-10-25 13:57:04.000000','2023-01-25 08:01:47.000000','2023-01-25 08:01:47'),
(132,4,'2022-10-25','SL_1242',1,129,1,0,0,0,0,490,490,'paid','completed',NULL,NULL,'2022-10-25 14:01:06.000000','2023-01-25 08:01:47.000000','2023-01-25 08:01:47'),
(133,4,'2022-10-25','SL_1243',1,130,1,0,0,0,0,490,490,'paid','completed',NULL,NULL,'2022-10-25 14:05:30.000000','2023-01-25 08:01:47.000000','2023-01-25 08:01:47'),
(134,3,'2022-10-25','SL_1244',1,131,1,0,0,0,0,670,670,'paid','completed',NULL,NULL,'2022-10-25 14:05:36.000000','2022-10-25 14:05:36.000000',NULL),
(135,4,'2022-10-25','SL_1245',1,132,1,0,0,0,0,490,490,'paid','completed',NULL,NULL,'2022-10-25 14:10:07.000000','2023-01-25 08:01:47.000000','2023-01-25 08:01:47'),
(136,4,'2022-10-25','SL_1246',1,133,1,0,0,0,0,1400,1400,'paid','completed',NULL,NULL,'2022-10-25 14:14:16.000000','2023-01-25 08:01:47.000000','2023-01-25 08:01:47'),
(137,4,'2022-10-25','SL_1247',1,134,1,0,0,0,0,780,780,'paid','completed',NULL,NULL,'2022-10-25 14:41:46.000000','2023-01-25 08:01:47.000000','2023-01-25 08:01:47'),
(138,4,'2022-10-25','SL_1248',1,135,1,0,0,0,0,510,510,'paid','completed',NULL,NULL,'2022-10-25 14:46:25.000000','2023-01-25 08:01:47.000000','2023-01-25 08:01:47'),
(139,4,'2022-10-25','SL_1249',1,136,1,0,0,0,0,490,490,'paid','completed',NULL,NULL,'2022-10-25 15:07:10.000000','2023-01-25 08:01:47.000000','2023-01-25 08:01:47'),
(140,4,'2022-10-25','SL_1250',1,136,1,0,0,0,0,640,640,'paid','completed',NULL,NULL,'2022-10-25 15:10:14.000000','2023-01-25 08:01:47.000000','2023-01-25 08:01:47'),
(141,4,'2022-10-25','SL_1251',1,138,1,0,0,0,0,585,585,'paid','completed',NULL,NULL,'2022-10-25 15:20:19.000000','2023-01-25 08:01:47.000000','2023-01-25 08:01:47'),
(142,4,'2022-10-25','SL_1252',1,139,1,0,0,0,0,490,490,'paid','completed',NULL,NULL,'2022-10-25 15:25:52.000000','2023-01-25 08:01:47.000000','2023-01-25 08:01:47'),
(143,4,'2022-10-25','SL_1253',1,140,1,0,0,0,0,490,490,'paid','completed',NULL,NULL,'2022-10-25 15:37:11.000000','2023-01-25 08:01:47.000000','2023-01-25 08:01:47'),
(144,4,'2022-10-25','SL_1254',1,141,1,0,0,0,0,1400,1400,'paid','completed',NULL,NULL,'2022-10-25 15:42:58.000000','2023-01-25 08:01:47.000000','2023-01-25 08:01:47'),
(145,4,'2022-10-25','SL_1255',1,142,1,0,0,0,0,1600,1600,'paid','completed',NULL,NULL,'2022-10-25 15:50:08.000000','2023-01-25 08:01:47.000000','2023-01-25 08:01:47'),
(146,4,'2022-10-25','SL_1256',1,143,1,0,0,0,0,940,470,'partial','completed',NULL,NULL,'2022-10-25 15:57:01.000000','2023-01-25 08:01:47.000000','2023-01-25 08:01:47'),
(147,3,'2022-10-30','SL_1257',1,144,1,0,0,0,0,590,590,'paid','completed',NULL,NULL,'2022-10-30 08:17:55.000000','2022-10-30 08:17:55.000000',NULL),
(148,4,'2022-10-30','SL_1258',1,145,1,0,0,0,0,760,760,'paid','completed',NULL,NULL,'2022-10-30 08:33:51.000000','2023-01-25 08:01:47.000000','2023-01-25 08:01:47'),
(149,4,'2022-10-30','SL_1259',1,146,1,0,0,0,0,590,590,'paid','completed',NULL,NULL,'2022-10-30 08:37:40.000000','2023-01-25 08:01:47.000000','2023-01-25 08:01:47'),
(150,3,'2022-10-30','SL_1260',1,147,1,0,0,0,0,585,585,'paid','completed',NULL,NULL,'2022-10-30 11:55:01.000000','2022-10-30 11:55:01.000000',NULL),
(151,4,'2022-10-31','SL_1261',1,148,1,0,0,0,0,590,590,'paid','completed',NULL,NULL,'2022-10-31 11:46:03.000000','2023-01-25 08:01:47.000000','2023-01-25 08:01:47'),
(152,4,'2022-10-31','SL_1262',1,148,1,0,0,0,0,590,590,'paid','completed',NULL,NULL,'2022-10-31 11:50:45.000000','2023-01-25 08:01:47.000000','2023-01-25 08:01:47'),
(153,3,'2022-10-31','SL_1263',1,149,1,0,0,0,0,790,790,'paid','completed','shipped',NULL,'2022-10-31 11:53:03.000000','2022-10-31 11:58:57.000000',NULL),
(154,4,'2022-10-31','SL_1264',1,150,1,0,0,0,0,590,590,'paid','completed',NULL,NULL,'2022-10-31 11:56:02.000000','2023-01-25 08:01:47.000000','2023-01-25 08:01:47'),
(155,4,'2022-10-31','SL_1265',1,151,1,0,0,0,0,1400,1400,'paid','completed',NULL,NULL,'2022-10-31 12:15:26.000000','2023-01-25 08:01:47.000000','2023-01-25 08:01:47'),
(156,4,'2022-10-31','SL_1266',1,151,1,0,0,0,0,585,585,'paid','completed',NULL,NULL,'2022-10-31 12:19:47.000000','2023-01-25 08:01:47.000000','2023-01-25 08:01:47'),
(157,4,'2022-10-31','SL_1267',1,154,1,0,0,0,0,640,640,'paid','completed',NULL,NULL,'2022-10-31 12:22:33.000000','2023-01-25 08:01:47.000000','2023-01-25 08:01:47'),
(158,4,'2022-10-31','SL_1268',1,155,1,0,0,0,0,780,780,'paid','completed',NULL,NULL,'2022-10-31 12:25:54.000000','2023-01-25 08:01:47.000000','2023-01-25 08:01:47'),
(159,4,'2022-10-31','SL_1269',1,156,1,0,0,0,0,1400,1400,'paid','completed',NULL,NULL,'2022-10-31 12:31:01.000000','2023-01-25 08:01:47.000000','2023-01-25 08:01:47'),
(160,2,'2022-10-31','SL_1270',1,1,1,0,0,0,0,790,790,'paid','completed',NULL,NULL,'2022-10-31 13:11:38.000000','2023-01-25 08:15:40.000000','2023-01-25 08:15:40'),
(161,1,'2022-10-31','SL_1271',1,1,1,0,0,0,0,590,590,'paid','completed',NULL,NULL,'2022-10-31 13:44:45.000000','2023-01-25 08:17:16.000000','2023-01-25 08:17:16'),
(162,1,'2022-10-31','SL_1272',1,1,1,0,0,0,0,590,590,'paid','completed',NULL,NULL,'2022-10-31 13:47:49.000000','2023-01-25 08:17:24.000000','2023-01-25 08:17:24'),
(163,1,'2022-10-31','SL_1273',1,1,1,0,0,0,0,590,590,'paid','completed',NULL,NULL,'2022-10-31 14:02:21.000000','2023-01-25 08:17:34.000000','2023-01-25 08:17:34'),
(164,1,'2022-10-31','SL_1274',1,1,1,0,0,0,0,590,590,'paid','completed',NULL,NULL,'2022-10-31 15:34:41.000000','2023-01-28 18:02:05.000000','2023-01-28 18:02:05'),
(165,1,'2022-10-31','SL_1275',1,1,1,0,0,0,0,590,590,'paid','completed',NULL,NULL,'2022-10-31 15:38:46.000000','2023-01-28 18:02:20.000000','2023-01-28 18:02:20'),
(166,1,'2022-10-31','SL_1276',1,1,1,0,0,0,0,590,590,'paid','completed',NULL,NULL,'2022-10-31 15:45:22.000000','2023-01-28 18:15:43.000000','2023-01-28 18:15:43'),
(167,4,'2022-11-07','SL_1277',1,157,1,0,0,0,0,3075,3075,'paid','completed',NULL,NULL,'2022-11-07 11:12:46.000000','2023-01-25 08:01:47.000000','2023-01-25 08:01:47'),
(168,3,'2022-11-07','SL_1278',1,158,1,0,0,0,0,760,760,'paid','completed',NULL,NULL,'2022-11-07 12:18:02.000000','2023-01-25 08:17:08.000000','2023-01-25 08:17:08'),
(169,4,'2022-11-13','SL_1279',1,159,1,0,0,0,0,760,760,'paid','completed',NULL,NULL,'2022-11-13 10:23:37.000000','2023-01-25 08:01:47.000000','2023-01-25 08:01:47'),
(170,4,'2022-11-13','SL_1280',1,160,1,0,0,0,0,760,760,'paid','completed',NULL,NULL,'2022-11-13 10:30:15.000000','2022-12-29 04:18:36.000000','2022-12-29 04:18:36'),
(171,4,'2022-11-13','SL_1281',1,161,1,0,0,0,0,780,780,'paid','completed',NULL,NULL,'2022-11-13 10:36:04.000000','2022-12-29 04:18:36.000000','2022-12-29 04:18:36'),
(172,4,'2022-11-17','SL_1282',1,3,1,0,0,0,0,760,760,'paid','completed',NULL,NULL,'2022-11-17 13:06:16.000000','2023-01-25 08:01:47.000000','2023-01-25 08:01:47'),
(173,3,'2022-11-17','SL_1283',1,1,1,0,0,0,0,790,790,'paid','completed',NULL,NULL,'2022-11-17 13:43:39.000000','2023-01-25 08:46:50.000000','2023-01-25 08:46:50'),
(174,4,'2022-11-17','SL_1284',1,1,1,0,0,0,0,760,760,'paid','completed',NULL,NULL,'2022-11-17 13:47:03.000000','2023-01-25 08:01:47.000000','2023-01-25 08:01:47'),
(175,4,'2022-11-17','SL_1285',1,1,1,0,0,0,0,585,585,'paid','completed',NULL,NULL,'2022-11-17 14:53:33.000000','2023-01-25 08:01:47.000000','2023-01-25 08:01:47'),
(176,4,'2022-11-24','SL_1286',1,1,1,0,0,0,0,760,760,'paid','completed',NULL,NULL,'2022-11-24 10:05:36.000000','2023-01-25 08:01:47.000000','2023-01-25 08:01:47'),
(181,1,'2022-12-28','SL_1287',1,1,1,0,0,0,0,465,465,'paid','completed',NULL,NULL,'2022-12-28 13:52:28.000000','2023-01-28 18:13:16.000000','2023-01-28 18:13:16'),
(182,1,'2022-12-29','SL_1288',1,1,1,0,0,0,0,7000,7000,'paid','completed',NULL,NULL,'2022-12-29 11:13:18.000000','2023-01-28 18:15:32.000000','2023-01-28 18:15:32'),
(183,3,'2023-01-05','SL_1289',1,4,1,0,0,0,0,510,510,'paid','completed',NULL,NULL,'2023-01-05 10:28:57.000000','2023-01-28 18:13:55.000000','2023-01-28 18:13:55'),
(184,3,'2023-01-05','SL_1290',1,2,1,0,0,0,0,690,690,'paid','completed',NULL,NULL,'2023-01-05 10:30:07.000000','2023-01-28 18:15:13.000000','2023-01-28 18:15:13'),
(185,1,'2023-01-06','SL_1291',1,1,1,0,0,0,0,1020,1020,'paid','completed',NULL,NULL,'2023-01-06 15:53:28.000000','2023-01-28 18:13:32.000000','2023-01-28 18:13:32'),
(186,1,'2023-01-16','SL_1292',1,1,1,0,0,0,0,510,510,'paid','completed',NULL,NULL,'2023-01-16 05:48:12.000000','2023-01-28 18:14:29.000000','2023-01-28 18:14:29'),
(187,1,'2023-01-16','SL_1293',1,1,1,0,0,0,0,510,510,'paid','completed',NULL,NULL,'2023-01-16 06:47:46.000000','2023-01-28 18:14:45.000000','2023-01-28 18:14:45'),
(188,1,'2023-01-16','SL_1294',1,1,1,0,0,0,0,510,510,'paid','completed',NULL,NULL,'2023-01-16 06:48:29.000000','2023-01-28 18:14:59.000000','2023-01-28 18:14:59'),
(189,1,'2023-01-16','SL_1295',1,1,1,0,0,0,0,700,700,'paid','completed',NULL,NULL,'2023-01-16 06:54:16.000000','2023-01-28 18:16:10.000000','2023-01-28 18:16:10'),
(190,1,'2023-01-16','SL_1296',1,1,1,0,0,0,0,700,700,'paid','completed',NULL,NULL,'2023-01-16 06:56:32.000000','2023-01-28 18:14:11.000000','2023-01-28 18:14:11'),
(191,1,'2023-01-22','SL_1297',1,1,1,0,0,0,0,39,39,'paid','completed',NULL,NULL,'2023-01-22 07:51:13.000000','2023-01-22 07:51:13.000000',NULL),
(192,3,'2023-01-23','SL_1298',1,165,1,0,0,0,0,65,50,'partial','completed',NULL,NULL,'2023-01-23 07:29:46.000000','2023-01-23 07:29:52.000000',NULL),
(193,3,'2023-01-23','SL_1299',1,165,1,0,0,0,0,65,50,'partial','completed',NULL,NULL,'2023-01-23 07:32:34.000000','2023-01-23 07:32:40.000000',NULL),
(194,3,'2023-01-23','SL_1300',1,166,1,0,0,0,0,65,65,'paid','completed',NULL,NULL,'2023-01-23 08:21:22.000000','2023-01-23 08:21:28.000000',NULL),
(195,3,'2023-01-24','SL_1301',1,4,1,0,0,0,0,45,45,'paid','completed',NULL,NULL,'2023-01-24 13:45:43.000000','2023-01-24 13:45:46.000000',NULL),
(196,3,'2023-01-24','SL_1302',1,4,1,0,0,0,0,45,45,'paid','completed',NULL,NULL,'2023-01-24 14:12:27.000000','2023-01-24 14:12:32.000000',NULL),
(197,3,'2023-01-24','SL_1303',1,167,1,0,0,0,0,39,39,'paid','completed',NULL,NULL,'2023-01-24 15:26:04.000000','2023-01-24 15:26:09.000000',NULL),
(198,3,'2023-01-24','SL_1304',1,168,1,0,0,0,0,39,39,'paid','completed',NULL,NULL,'2023-01-24 16:30:52.000000','2023-01-24 16:30:56.000000',NULL),
(199,3,'2023-01-24','SL_1305',1,168,1,0,0,0,0,39,39,'paid','completed',NULL,NULL,'2023-01-24 16:31:37.000000','2023-01-24 16:31:42.000000',NULL),
(200,3,'2023-01-24','SL_1306',1,169,1,0,0,0,0,104,104,'paid','completed',NULL,NULL,'2023-01-24 16:36:15.000000','2023-01-24 16:36:30.000000',NULL),
(201,3,'2023-01-24','SL_1307',1,1,1,0,0,0,0,65,65,'paid','completed',NULL,NULL,'2023-01-24 16:51:00.000000','2023-01-24 16:51:04.000000',NULL),
(202,3,'2023-01-24','SL_1308',1,1,1,0,0,0,0,78,78,'paid','completed',NULL,NULL,'2023-01-24 16:53:53.000000','2023-01-24 16:54:02.000000',NULL),
(203,3,'2023-01-24','SL_1309',1,172,1,0,0,0,0,39,39,'paid','completed',NULL,NULL,'2023-01-24 18:25:10.000000','2023-01-24 18:25:14.000000',NULL),
(204,3,'2023-01-24','SL_1310',1,173,1,0,0,0,0,39,39,'paid','completed',NULL,NULL,'2023-01-24 18:51:51.000000','2023-01-24 18:51:54.000000',NULL),
(205,3,'2023-01-25','SL_1311',1,174,1,0,0,0,0,150,150,'paid','completed',NULL,NULL,'2023-01-25 07:45:57.000000','2023-01-25 07:46:01.000000',NULL),
(206,3,'2023-01-25','SL_1312',1,175,1,0,0,0,0,150,150,'paid','completed',NULL,NULL,'2023-01-25 09:04:18.000000','2023-01-25 09:04:21.000000',NULL),
(207,3,'2023-01-25','SL_1313',1,176,1,0,0,0,0,104,104,'paid','completed',NULL,NULL,'2023-01-25 09:27:46.000000','2023-01-25 09:27:53.000000',NULL),
(208,3,'2023-01-25','SL_1314',1,177,1,0,0,0,0,39,39,'paid','completed',NULL,NULL,'2023-01-25 09:57:35.000000','2023-01-25 09:57:42.000000',NULL),
(209,3,'2023-01-25','SL_1315',1,179,1,0,0,0,0,39,39,'paid','completed',NULL,NULL,'2023-01-25 10:08:10.000000','2023-01-25 10:08:14.000000',NULL),
(210,3,'2023-01-25','SL_1316',1,178,1,0,0,0,0,150,150,'paid','completed',NULL,NULL,'2023-01-25 10:11:06.000000','2023-01-25 10:11:10.000000',NULL),
(211,3,'2023-01-25','SL_1317',1,180,1,0,0,0,0,39,39,'paid','completed',NULL,NULL,'2023-01-25 10:22:57.000000','2023-01-25 10:23:00.000000',NULL),
(212,3,'2023-01-25','SL_1318',1,181,1,0,0,0,0,39,39,'paid','completed',NULL,NULL,'2023-01-25 13:02:15.000000','2023-01-25 13:02:20.000000',NULL),
(213,3,'2023-01-25','SL_1319',1,182,1,0,0,0,0,39,39,'paid','completed',NULL,NULL,'2023-01-25 13:55:44.000000','2023-01-25 13:55:49.000000',NULL),
(214,3,'2023-01-25','SL_1320',1,183,1,0,0,0,0,65,65,'paid','completed',NULL,NULL,'2023-01-25 13:58:46.000000','2023-01-25 13:58:51.000000',NULL),
(215,3,'2023-01-25','SL_1321',1,184,1,0,0,0,0,95,95,'paid','completed',NULL,NULL,'2023-01-25 14:00:34.000000','2023-01-25 14:00:39.000000',NULL),
(216,3,'2023-01-25','SL_1322',1,185,1,0,0,0,0,39,39,'paid','completed',NULL,NULL,'2023-01-25 14:37:02.000000','2023-01-25 14:37:05.000000',NULL),
(217,3,'2023-01-25','SL_1323',1,186,1,0,0,0,0,78,78,'paid','completed',NULL,NULL,'2023-01-25 15:02:10.000000','2023-01-25 15:02:18.000000',NULL),
(218,3,'2023-01-25','SL_1324',1,187,1,0,0,0,0,39,39,'paid','completed',NULL,NULL,'2023-01-25 15:19:05.000000','2023-01-25 15:19:08.000000',NULL),
(219,3,'2023-01-25','SL_1325',1,188,1,0,0,0,0,39,39,'paid','completed',NULL,NULL,'2023-01-25 15:36:56.000000','2023-01-25 15:37:04.000000',NULL),
(220,3,'2023-01-25','SL_1326',1,188,1,0,0,0,0,39,39,'paid','completed',NULL,NULL,'2023-01-25 15:37:55.000000','2023-01-25 15:37:59.000000',NULL),
(221,3,'2023-01-25','SL_1327',1,189,1,0,0,0,0,39,39,'paid','completed',NULL,NULL,'2023-01-25 16:16:37.000000','2023-01-25 16:16:41.000000',NULL),
(222,3,'2023-01-25','SL_1328',1,190,1,0,0,0,0,39,39,'paid','completed',NULL,NULL,'2023-01-25 16:25:06.000000','2023-01-25 16:25:10.000000',NULL),
(223,3,'2023-01-25','SL_1329',1,191,1,0,0,0,0,39,39,'paid','completed',NULL,NULL,'2023-01-25 17:21:55.000000','2023-01-25 17:21:59.000000',NULL),
(224,3,'2023-01-26','SL_1330',1,192,1,0,0,0,0,39,39,'paid','completed',NULL,NULL,'2023-01-26 08:17:49.000000','2023-01-26 08:17:53.000000',NULL),
(225,3,'2023-01-26','SL_1331',1,193,1,0,0,0,0,95,95,'paid','completed',NULL,NULL,'2023-01-26 08:21:48.000000','2023-01-26 08:21:52.000000',NULL),
(226,3,'2023-01-26','SL_1332',1,194,1,0,0,0,0,78,78,'paid','completed',NULL,NULL,'2023-01-26 08:28:33.000000','2023-01-26 08:28:41.000000',NULL),
(227,3,'2023-01-26','SL_1333',1,195,1,0,0,0,0,39,39,'paid','completed',NULL,NULL,'2023-01-26 09:37:40.000000','2023-01-26 09:37:42.000000',NULL),
(228,3,'2023-01-26','SL_1334',1,196,1,0,0,0,0,65,65,'paid','completed',NULL,NULL,'2023-01-26 10:01:54.000000','2023-01-26 10:01:58.000000',NULL),
(229,3,'2023-01-26','SL_1335',1,198,1,0,0,0,0,65,65,'paid','completed',NULL,NULL,'2023-01-26 10:54:39.000000','2023-01-26 10:54:42.000000',NULL),
(230,3,'2023-01-26','SL_1336',1,199,1,0,0,0,0,39,39,'paid','completed',NULL,NULL,'2023-01-26 11:13:47.000000','2023-01-26 11:13:55.000000',NULL),
(231,3,'2023-01-26','SL_1337',1,200,1,0,0,0,0,78,78,'paid','completed',NULL,NULL,'2023-01-26 12:42:35.000000','2023-01-26 12:42:41.000000',NULL),
(232,3,'2023-01-26','SL_1338',1,201,1,0,0,0,0,39,39,'paid','completed',NULL,NULL,'2023-01-26 13:28:36.000000','2023-01-26 13:28:40.000000',NULL),
(233,3,'2023-01-26','SL_1339',1,202,1,0,0,0,0,104,104,'paid','completed',NULL,NULL,'2023-01-26 14:09:26.000000','2023-01-26 15:34:52.000000','2023-01-26 15:34:52'),
(234,3,'2023-01-26','SL_1340',1,202,1,0,0,0,0,104,104,'paid','completed',NULL,NULL,'2023-01-26 14:10:25.000000','2023-01-26 14:10:36.000000',NULL),
(235,3,'2023-01-26','SL_1341',1,203,1,0,0,0,0,134,134,'paid','completed',NULL,NULL,'2023-01-26 14:32:15.000000','2023-01-26 14:32:27.000000',NULL),
(236,3,'2023-01-26','SL_1342',1,204,1,0,0,0,0,39,39,'paid','completed',NULL,NULL,'2023-01-26 16:30:01.000000','2023-01-26 16:30:04.000000',NULL),
(237,3,'2023-01-26','SL_1343',1,205,1,0,0,0,0,39,39,'paid','completed',NULL,NULL,'2023-01-26 16:39:17.000000','2023-01-26 16:39:20.000000',NULL),
(238,3,'2023-01-26','SL_1344',1,206,1,0,0,0,0,39,39,'paid','completed',NULL,NULL,'2023-01-26 16:54:20.000000','2023-01-26 16:54:24.000000',NULL),
(239,3,'2023-01-26','SL_1345',1,207,1,0,0,0,0,39,39,'paid','completed',NULL,NULL,'2023-01-26 17:11:22.000000','2023-01-26 17:11:26.000000',NULL),
(240,3,'2023-01-26','SL_1346',1,208,1,0,0,0,0,39,39,'paid','completed',NULL,NULL,'2023-01-26 17:25:34.000000','2023-01-26 17:25:38.000000',NULL),
(241,3,'2023-01-26','SL_1347',1,209,1,0,0,0,0,65,65,'paid','completed',NULL,NULL,'2023-01-26 17:32:43.000000','2023-01-26 17:32:47.000000',NULL),
(242,3,'2023-01-26','SL_1348',1,210,1,0,0,0,0,39,39,'paid','completed',NULL,NULL,'2023-01-26 17:39:26.000000','2023-01-26 17:39:33.000000',NULL),
(243,3,'2023-01-26','SL_1349',1,211,1,0,0,0,0,39,39,'paid','completed',NULL,NULL,'2023-01-26 17:56:35.000000','2023-01-26 17:56:37.000000',NULL),
(244,3,'2023-01-26','SL_1350',1,212,1,0,0,0,0,39,39,'paid','completed',NULL,NULL,'2023-01-26 18:32:25.000000','2023-01-26 18:32:30.000000',NULL),
(245,3,'2023-01-27','SL_1351',1,214,1,0,0,0,0,117,117,'paid','completed',NULL,NULL,'2023-01-27 09:16:09.000000','2023-01-27 09:16:21.000000',NULL),
(246,3,'2023-01-27','SL_1352',1,215,1,0,0,0,0,95,95,'paid','completed',NULL,NULL,'2023-01-27 10:41:11.000000','2023-01-27 10:41:14.000000',NULL),
(247,3,'2023-01-27','SL_1353',1,216,1,0,0,0,0,39,39,'paid','completed',NULL,NULL,'2023-01-27 13:24:00.000000','2023-01-27 13:24:05.000000',NULL),
(248,3,'2023-01-27','SL_1354',1,217,1,0,0,0,0,95,95,'paid','completed',NULL,NULL,'2023-01-27 13:48:25.000000','2023-01-27 13:48:33.000000',NULL),
(249,3,'2023-01-27','SL_1355',1,218,1,0,0,0,0,169,169,'paid','completed',NULL,NULL,'2023-01-27 14:48:42.000000','2023-01-27 14:48:56.000000',NULL),
(250,3,'2023-01-27','SL_1356',1,219,1,0,0,0,0,150,150,'paid','completed',NULL,NULL,'2023-01-27 15:01:05.000000','2023-01-27 15:01:10.000000',NULL),
(251,3,'2023-01-27','SL_1357',1,220,1,0,0,0,0,39,39,'paid','completed',NULL,NULL,'2023-01-27 15:22:41.000000','2023-01-27 15:22:45.000000',NULL),
(252,3,'2023-01-27','SL_1358',1,221,1,0,0,0,0,134,134,'paid','completed',NULL,NULL,'2023-01-27 15:35:32.000000','2023-01-27 15:35:43.000000',NULL),
(253,3,'2023-01-27','SL_1359',1,222,1,0,0,0,0,95,95,'paid','completed',NULL,NULL,'2023-01-27 16:14:39.000000','2023-01-27 16:14:43.000000',NULL),
(254,3,'2023-01-27','SL_1360',1,223,1,0,0,0,0,39,39,'paid','completed',NULL,NULL,'2023-01-27 16:17:50.000000','2023-01-27 16:17:54.000000',NULL),
(255,3,'2023-01-27','SL_1361',1,224,1,0,0,0,0,39,39,'paid','completed',NULL,NULL,'2023-01-27 16:24:28.000000','2023-01-27 16:24:36.000000',NULL),
(256,3,'2023-01-27','SL_1362',1,225,1,0,0,0,0,39,39,'paid','completed',NULL,NULL,'2023-01-27 16:27:01.000000','2023-01-27 16:27:05.000000',NULL),
(257,3,'2023-01-27','SL_1363',1,226,1,0,0,0,0,39,39,'paid','completed',NULL,NULL,'2023-01-27 16:29:53.000000','2023-01-27 16:29:56.000000',NULL),
(258,3,'2023-01-27','SL_1364',1,208,1,0,0,0,0,39,39,'paid','completed',NULL,NULL,'2023-01-27 16:34:23.000000','2023-01-27 16:34:30.000000',NULL),
(259,3,'2023-01-27','SL_1365',1,227,1,0,0,0,0,39,39,'paid','completed',NULL,NULL,'2023-01-27 17:22:04.000000','2023-01-27 17:22:07.000000',NULL),
(260,3,'2023-01-27','SL_1366',1,228,1,0,0,0,0,39,39,'paid','completed',NULL,NULL,'2023-01-27 17:24:29.000000','2023-01-27 17:24:33.000000',NULL),
(261,3,'2023-01-27','SL_1367',1,229,1,0,0,0,0,39,39,'paid','completed',NULL,NULL,'2023-01-27 17:32:57.000000','2023-01-27 17:33:01.000000',NULL),
(262,3,'2023-01-27','SL_1368',1,231,1,0,0,0,0,78,78,'paid','completed',NULL,NULL,'2023-01-27 17:49:59.000000','2023-01-27 17:50:04.000000',NULL),
(263,3,'2023-01-27','SL_1369',1,232,1,0,0,0,0,39,39,'paid','completed',NULL,NULL,'2023-01-27 17:51:21.000000','2023-01-27 17:51:25.000000',NULL),
(264,3,'2023-01-27','SL_1370',1,232,1,0,0,0,0,39,39,'paid','completed',NULL,NULL,'2023-01-27 17:54:33.000000','2023-01-27 17:54:37.000000',NULL),
(265,3,'2023-01-27','SL_1371',1,233,1,0,0,0,0,95,95,'paid','completed',NULL,NULL,'2023-01-27 18:10:44.000000','2023-01-27 18:10:47.000000',NULL),
(266,3,'2023-01-27','SL_1372',1,234,1,0,0,0,0,65,65,'paid','completed',NULL,NULL,'2023-01-27 18:50:47.000000','2023-01-27 18:50:51.000000',NULL),
(267,3,'2023-01-28','SL_1373',1,176,1,0,0,0,0,95,95,'paid','completed',NULL,NULL,'2023-01-28 07:57:17.000000','2023-01-28 07:57:19.000000',NULL),
(268,3,'2023-01-28','SL_1374',1,235,1,0,0,0,0,190,190,'paid','completed',NULL,NULL,'2023-01-28 08:22:23.000000','2023-01-28 08:22:29.000000',NULL),
(269,3,'2023-01-28','SL_1375',1,236,1,0,0,0,0,78,78,'paid','completed',NULL,NULL,'2023-01-28 09:08:21.000000','2023-01-28 09:08:25.000000',NULL),
(270,3,'2023-01-28','SL_1376',1,236,1,0,0,0,0,39,39,'paid','completed',NULL,NULL,'2023-01-28 09:09:56.000000','2023-01-28 09:10:02.000000',NULL),
(271,3,'2023-01-28','SL_1377',1,237,1,0,0,0,0,95,95,'paid','completed',NULL,NULL,'2023-01-28 09:42:06.000000','2023-01-28 09:42:10.000000',NULL),
(272,3,'2023-01-28','SL_1378',1,238,1,0,0,0,0,39,39,'paid','completed',NULL,NULL,'2023-01-28 10:36:48.000000','2023-01-28 10:36:52.000000',NULL),
(273,3,'2023-01-28','SL_1379',1,239,1,0,0,0,0,39,39,'paid','completed',NULL,NULL,'2023-01-28 10:38:24.000000','2023-01-28 10:38:28.000000',NULL),
(274,3,'2023-01-28','SL_1380',1,240,1,0,0,0,0,78,78,'paid','completed',NULL,NULL,'2023-01-28 11:30:16.000000','2023-01-28 11:30:20.000000',NULL),
(275,3,'2023-01-28','SL_1381',1,238,1,0,0,0,0,39,39,'paid','completed',NULL,NULL,'2023-01-28 12:07:33.000000','2023-01-28 12:07:36.000000',NULL),
(276,3,'2023-01-28','SL_1382',1,241,1,0,0,0,0,78,78,'paid','completed',NULL,NULL,'2023-01-28 12:34:39.000000','2023-01-28 12:34:47.000000',NULL),
(277,3,'2023-01-28','SL_1383',1,244,1,0,0,0,0,39,39,'paid','completed',NULL,NULL,'2023-01-28 13:07:05.000000','2023-01-28 13:07:12.000000',NULL),
(278,3,'2023-01-28','SL_1384',1,245,1,0,0,0,0,39,39,'paid','completed',NULL,NULL,'2023-01-28 13:18:08.000000','2023-01-28 13:18:11.000000',NULL),
(279,3,'2023-01-28','SL_1385',1,246,1,0,0,0,0,95,95,'paid','completed',NULL,NULL,'2023-01-28 13:37:49.000000','2023-01-28 13:37:53.000000',NULL),
(280,3,'2023-01-28','SL_1386',1,247,1,0,0,0,0,78,78,'paid','completed',NULL,NULL,'2023-01-28 13:39:45.000000','2023-01-28 13:39:50.000000',NULL),
(281,3,'2023-01-28','SL_1387',1,248,1,0,0,0,0,39,39,'paid','completed',NULL,NULL,'2023-01-28 13:55:12.000000','2023-01-28 13:55:18.000000',NULL),
(282,3,'2023-01-28','SL_1388',1,249,1,0,0,0,0,150,150,'paid','completed',NULL,NULL,'2023-01-28 14:33:58.000000','2023-01-28 14:34:04.000000',NULL),
(283,3,'2023-01-28','SL_1389',1,250,1,0,0,0,0,39,39,'paid','completed',NULL,NULL,'2023-01-28 15:18:57.000000','2023-01-28 15:19:00.000000',NULL),
(284,3,'2023-01-28','SL_1390',1,251,1,0,0,0,0,39,39,'paid','completed',NULL,NULL,'2023-01-28 15:38:11.000000','2023-01-28 15:38:14.000000',NULL),
(285,3,'2023-01-28','SL_1391',1,252,1,0,0,0,0,150,150,'paid','completed',NULL,NULL,'2023-01-28 15:56:03.000000','2023-01-28 15:56:07.000000',NULL),
(286,3,'2023-01-28','SL_1392',1,253,1,0,0,0,0,39,39,'paid','completed',NULL,NULL,'2023-01-28 15:58:08.000000','2023-01-28 15:58:11.000000',NULL),
(287,3,'2023-01-28','SL_1393',1,254,1,0,0,0,0,65,65,'paid','completed',NULL,NULL,'2023-01-28 16:28:33.000000','2023-01-28 16:28:38.000000',NULL),
(288,3,'2023-01-28','SL_1394',1,255,1,0,0,0,0,39,39,'paid','completed',NULL,NULL,'2023-01-28 16:53:46.000000','2023-01-28 16:53:49.000000',NULL),
(289,3,'2023-01-28','SL_1395',1,256,1,0,0,0,0,39,39,'paid','completed',NULL,NULL,'2023-01-28 17:03:06.000000','2023-01-28 17:03:10.000000',NULL),
(290,3,'2023-01-28','SL_1396',1,257,1,0,0,0,0,39,39,'paid','completed',NULL,NULL,'2023-01-28 17:09:25.000000','2023-01-28 17:09:30.000000',NULL),
(291,3,'2023-01-28','SL_1397',1,258,1,0,0,0,0,39,39,'paid','completed',NULL,NULL,'2023-01-28 17:48:05.000000','2023-01-28 17:48:08.000000',NULL),
(292,3,'2023-01-28','SL_1398',1,259,1,0,0,0,0,39,39,'paid','completed',NULL,NULL,'2023-01-28 18:04:01.000000','2023-01-28 18:04:04.000000',NULL),
(293,1,'2023-01-29','SL_1399',1,235,1,0,0,0,0,156,156,'paid','completed',NULL,'SL_1374 return still needs to pay the customer 34','2023-01-29 11:16:27.000000','2023-01-29 11:16:38.000000',NULL),
(294,3,'2023-02-02','SL_1400',1,261,1,0,0,0,0,95,95,'paid','completed',NULL,NULL,'2023-02-02 07:16:57.000000','2023-02-02 07:17:00.000000',NULL),
(295,3,'2023-02-02','SL_1401',1,262,1,0,0,0,0,95,95,'paid','completed',NULL,NULL,'2023-02-02 08:17:42.000000','2023-02-02 08:17:46.000000',NULL),
(296,3,'2023-02-06','SL_1402',1,167,1,0,0,0,0,510,510,'paid','completed',NULL,NULL,'2023-02-06 07:12:04.000000','2023-02-06 07:12:09.000000',NULL),
(297,3,'2023-02-08','SL_1403',1,167,1,0,0,0,0,490,490,'paid','completed',NULL,NULL,'2023-02-08 06:40:41.000000','2023-02-08 06:40:45.000000',NULL),
(298,3,'2023-02-08','SL_1404',1,167,1,0,0,0,0,490,490,'paid','completed',NULL,NULL,'2023-02-08 07:41:45.000000','2023-02-08 07:41:48.000000',NULL),
(299,3,'2023-02-12','SL_1405',1,264,1,0,0,0,2,340,340,'paid','completed',NULL,NULL,'2023-02-12 06:47:38.000000','2023-02-12 06:47:46.000000',NULL),
(300,3,'2023-02-13','SL_1406',1,265,1,0,0,0,0,45,45,'paid','completed',NULL,NULL,'2023-02-13 08:27:58.000000','2023-02-13 08:28:01.000000',NULL),
(301,3,'2023-02-14','SL_1407',1,266,1,0,0,0,0,95,95,'paid','completed',NULL,NULL,'2023-02-14 07:42:54.000000','2023-02-14 07:42:57.000000',NULL),
(302,3,'2023-02-21','SL_1408',1,267,1,0,0,0,0,45,45,'paid','completed',NULL,NULL,'2023-02-21 13:14:40.000000','2023-02-21 13:14:47.000000',NULL),
(303,3,'2023-03-02','SL_1409',1,268,1,0,0,0,0,45,45,'paid','completed',NULL,NULL,'2023-03-02 09:45:46.000000','2023-03-02 09:45:49.000000',NULL),
(304,3,'2023-03-02','SL_1410',1,269,1,0,0,0,0,1170,1170,'paid','completed',NULL,'Full Set','2023-03-02 10:37:00.000000','2023-03-02 10:37:05.000000',NULL),
(305,3,'2023-03-03','SL_1411',1,270,1,0,0,0,2,122,122,'paid','completed',NULL,'External link to Mr.Hussien','2023-03-03 13:23:11.000000','2023-03-03 13:23:21.000000',NULL),
(306,3,'2023-03-03','SL_1412',1,272,1,0,0,0,0,150,150,'paid','completed',NULL,NULL,'2023-03-03 14:31:30.000000','2023-03-03 14:31:36.000000',NULL),
(307,3,'2023-03-03','SL_1413',1,271,1,0,0,0,10,160,160,'paid','completed',NULL,'External link to Mr.Hussien','2023-03-03 15:33:11.000000','2023-03-03 15:33:14.000000',NULL),
(308,1,'2023-03-04','SL_1414',1,169,1,0,0,0,0,510,510,'paid','completed',NULL,NULL,'2023-03-04 16:18:23.000000','2023-03-04 16:18:26.000000',NULL),
(309,3,'2023-03-04','SL_1415',1,273,1,0,0,0,0,45,45,'paid','completed',NULL,NULL,'2023-03-04 17:29:41.000000','2023-03-04 17:29:48.000000',NULL),
(310,3,'2023-03-06','SL_1416',1,274,1,0,0,0,0,45,45,'paid','completed',NULL,NULL,'2023-03-06 09:00:31.000000','2023-03-06 09:00:35.000000',NULL),
(311,3,'2023-03-06','SL_1417',1,275,2,0,0,0,0,65,65,'paid','completed',NULL,NULL,'2023-03-06 16:55:23.000000','2023-03-06 16:55:26.000000',NULL),
(312,3,'2023-03-07','SL_1418',1,276,1,0,0,0,0,225,225,'paid','completed',NULL,NULL,'2023-03-07 10:53:03.000000','2023-03-07 10:53:06.000000',NULL),
(313,3,'2023-03-07','SL_1419',1,277,2,0,0,0,0,45,45,'paid','completed',NULL,NULL,'2023-03-07 11:47:24.000000','2023-03-07 11:47:28.000000',NULL),
(314,3,'2023-03-08','SL_1420',1,278,2,0,0,0,0,90,90,'paid','completed',NULL,NULL,'2023-03-08 09:19:40.000000','2023-03-08 09:19:45.000000',NULL),
(315,3,'2023-03-09','SL_1421',1,279,2,0,0,0,0,45,45,'paid','completed',NULL,NULL,'2023-03-09 14:17:52.000000','2023-03-09 14:17:56.000000',NULL),
(316,3,'2023-03-10','SL_1422',1,280,2,0,0,0,0,95,95,'paid','completed',NULL,NULL,'2023-03-10 13:19:55.000000','2023-03-10 13:20:04.000000',NULL),
(317,3,'2023-03-10','SL_1423',1,279,2,0,0,0,0,45,45,'paid','completed',NULL,NULL,'2023-03-10 15:28:20.000000','2023-03-10 15:28:22.000000',NULL),
(318,3,'2023-03-11','SL_1424',1,281,2,0,0,0,0,190,190,'paid','completed',NULL,NULL,'2023-03-11 17:26:24.000000','2023-03-11 17:26:28.000000',NULL),
(319,3,'2023-03-11','SL_1425',1,282,2,0,0,0,0,65,65,'paid','completed',NULL,NULL,'2023-03-11 18:16:39.000000','2023-03-11 18:16:43.000000',NULL),
(320,3,'2023-03-12','SL_1426',1,283,1,0,0,0,0,600,450,'partial','completed',NULL,'As Per Mr.Hussien Request 1 Free','2023-03-12 12:22:57.000000','2023-03-12 12:23:05.000000',NULL);

/*Table structure for table `servers` */

DROP TABLE IF EXISTS `servers`;

CREATE TABLE `servers` (
  `id` int(11) NOT NULL AUTO_INCREMENT,
  `mail_mailer` varchar(191) NOT NULL DEFAULT 'smtp',
  `host` varchar(191) NOT NULL,
  `port` int(11) NOT NULL,
  `sender_name` varchar(191) NOT NULL DEFAULT 'Admin',
  `username` varchar(191) NOT NULL,
  `password` varchar(191) NOT NULL,
  `encryption` varchar(191) NOT NULL,
  `created_at` timestamp(6) NULL DEFAULT NULL,
  `updated_at` timestamp(6) NULL DEFAULT NULL,
  `deleted_at` timestamp NULL DEFAULT NULL,
  PRIMARY KEY (`id`)
) ENGINE=InnoDB AUTO_INCREMENT=2 DEFAULT CHARSET=utf8mb4;

/*Data for the table `servers` */

insert  into `servers`(`id`,`mail_mailer`,`host`,`port`,`sender_name`,`username`,`password`,`encryption`,`created_at`,`updated_at`,`deleted_at`) values 
(1,'smtp','mail.coveinterior.com',465,'cove@coveinterior.com','cove@coveinterior.com','cove@2022','tls',NULL,'2022-10-16 13:41:45.000000',NULL);

/*Table structure for table `settings` */

DROP TABLE IF EXISTS `settings`;

CREATE TABLE `settings` (
  `id` int(11) NOT NULL AUTO_INCREMENT,
  `email` varchar(191) NOT NULL,
  `currency_id` int(11) DEFAULT NULL,
  `CompanyName` varchar(191) NOT NULL,
  `CompanyPhone` varchar(191) NOT NULL,
  `CompanyAdress` varchar(191) NOT NULL,
  `logo` varchar(191) DEFAULT NULL,
  `is_invoice_footer` tinyint(1) NOT NULL DEFAULT 0,
  `invoice_footer` varchar(192) DEFAULT NULL,
  `footer` varchar(192) NOT NULL DEFAULT 'Stocky - Ultimate Inventory With POS',
  `developed_by` varchar(192) NOT NULL DEFAULT 'Stocky',
  `client_id` int(11) DEFAULT NULL,
  `warehouse_id` int(11) DEFAULT NULL,
  `default_language` varchar(192) NOT NULL DEFAULT 'en',
  `sms_gateway` int(11) DEFAULT 1,
  `created_at` timestamp(6) NULL DEFAULT NULL,
  `updated_at` timestamp(6) NULL DEFAULT NULL,
  `deleted_at` timestamp NULL DEFAULT NULL,
  PRIMARY KEY (`id`),
  KEY `currency_id` (`currency_id`),
  KEY `client_id` (`client_id`),
  KEY `warehouse_id` (`warehouse_id`),
  CONSTRAINT `currency_id` FOREIGN KEY (`currency_id`) REFERENCES `currencies` (`id`),
  CONSTRAINT `settings_client_id` FOREIGN KEY (`client_id`) REFERENCES `clients` (`id`),
  CONSTRAINT `settings_warehouse_id` FOREIGN KEY (`warehouse_id`) REFERENCES `warehouses` (`id`)
) ENGINE=InnoDB AUTO_INCREMENT=2 DEFAULT CHARSET=utf8mb4;

/*Data for the table `settings` */

insert  into `settings`(`id`,`email`,`currency_id`,`CompanyName`,`CompanyPhone`,`CompanyAdress`,`logo`,`is_invoice_footer`,`invoice_footer`,`footer`,`developed_by`,`client_id`,`warehouse_id`,`default_language`,`sms_gateway`,`created_at`,`updated_at`,`deleted_at`) values 
(1,'system@coveinterior.com',1,'Cove Interior','22464414','star Tower - Kuwait City - Murgab - Abdullah Al-Mubarak St. Floor 11','95115468logo.jpg',0,'null','Cove - Online POS','Cove IT Team',260,2,'en',1,NULL,'2023-03-09 07:25:18.000000',NULL);

/*Table structure for table `shipments` */

DROP TABLE IF EXISTS `shipments`;

CREATE TABLE `shipments` (
  `id` int(11) NOT NULL AUTO_INCREMENT,
  `user_id` int(11) NOT NULL,
  `date` timestamp NOT NULL DEFAULT current_timestamp(),
  `Ref` varchar(192) NOT NULL,
  `sale_id` int(11) NOT NULL,
  `delivered_to` varchar(192) DEFAULT NULL,
  `shipping_address` text DEFAULT NULL,
  `status` varchar(192) NOT NULL,
  `shipping_details` text DEFAULT NULL,
  `created_at` timestamp(6) NULL DEFAULT NULL,
  `updated_at` timestamp(6) NULL DEFAULT NULL,
  `deleted_at` timestamp NULL DEFAULT NULL,
  PRIMARY KEY (`id`),
  KEY `shipment_user_id` (`user_id`),
  KEY `shipment_sale_id` (`sale_id`),
  CONSTRAINT `shipment_sale_id` FOREIGN KEY (`sale_id`) REFERENCES `sales` (`id`),
  CONSTRAINT `shipment_user_id` FOREIGN KEY (`user_id`) REFERENCES `users` (`id`)
) ENGINE=InnoDB AUTO_INCREMENT=2 DEFAULT CHARSET=utf8mb4;

/*Data for the table `shipments` */

insert  into `shipments`(`id`,`user_id`,`date`,`Ref`,`sale_id`,`delivered_to`,`shipping_address`,`status`,`shipping_details`,`created_at`,`updated_at`,`deleted_at`) values 
(1,3,'2022-10-31 02:55:32','SM_1111',153,NULL,NULL,'shipped',NULL,'2022-10-31 11:55:32.000000','2022-10-31 11:58:57.000000',NULL);

/*Table structure for table `sms_gateway` */

DROP TABLE IF EXISTS `sms_gateway`;

CREATE TABLE `sms_gateway` (
  `id` int(11) NOT NULL AUTO_INCREMENT,
  `title` varchar(192) NOT NULL,
  `created_at` timestamp(6) NULL DEFAULT NULL,
  `updated_at` timestamp(6) NULL DEFAULT NULL,
  `deleted_at` timestamp NULL DEFAULT NULL,
  PRIMARY KEY (`id`)
) ENGINE=InnoDB AUTO_INCREMENT=3 DEFAULT CHARSET=utf8mb4;

/*Data for the table `sms_gateway` */

insert  into `sms_gateway`(`id`,`title`,`created_at`,`updated_at`,`deleted_at`) values 
(1,'twilio',NULL,NULL,NULL),
(2,'nexmo',NULL,NULL,NULL);

/*Table structure for table `transfer_details` */

DROP TABLE IF EXISTS `transfer_details`;

CREATE TABLE `transfer_details` (
  `id` int(11) NOT NULL AUTO_INCREMENT,
  `transfer_id` int(11) NOT NULL,
  `product_id` int(11) NOT NULL,
  `product_variant_id` int(11) DEFAULT NULL,
  `cost` double NOT NULL,
  `purchase_unit_id` int(11) DEFAULT NULL,
  `TaxNet` double DEFAULT NULL,
  `tax_method` varchar(192) DEFAULT '1',
  `discount` double DEFAULT NULL,
  `discount_method` varchar(192) DEFAULT '1',
  `quantity` double NOT NULL,
  `total` double NOT NULL,
  `created_at` timestamp(6) NULL DEFAULT NULL,
  `updated_at` timestamp(6) NULL DEFAULT NULL,
  PRIMARY KEY (`id`),
  KEY `transfer_id` (`transfer_id`),
  KEY `product_id_transfers` (`product_id`),
  KEY `product_variant_id_transfer` (`product_variant_id`),
  KEY `unit_sale_id_transfer` (`purchase_unit_id`),
  CONSTRAINT `product_id_transfers` FOREIGN KEY (`product_id`) REFERENCES `products` (`id`),
  CONSTRAINT `product_variant_id_transfer` FOREIGN KEY (`product_variant_id`) REFERENCES `product_variants` (`id`),
  CONSTRAINT `transfer_id` FOREIGN KEY (`transfer_id`) REFERENCES `transfers` (`id`),
  CONSTRAINT `unit_sale_id_transfer` FOREIGN KEY (`purchase_unit_id`) REFERENCES `units` (`id`)
) ENGINE=InnoDB AUTO_INCREMENT=22 DEFAULT CHARSET=utf8mb4;

/*Data for the table `transfer_details` */

insert  into `transfer_details`(`id`,`transfer_id`,`product_id`,`product_variant_id`,`cost`,`purchase_unit_id`,`TaxNet`,`tax_method`,`discount`,`discount_method`,`quantity`,`total`,`created_at`,`updated_at`) values 
(1,1,138,NULL,19.185,1,0,'1',0,'2',4,76.74,NULL,NULL),
(2,2,149,NULL,19.185,1,0,'1',0,'2',3,57.555,NULL,NULL),
(3,3,140,NULL,19.185,1,0,'1',0,'2',4,76.74,NULL,NULL),
(4,4,150,NULL,57.135,1,0,'1',0,'2',3,171.405,NULL,NULL),
(5,5,141,NULL,19.185,1,0,'1',0,'2',4,76.74,NULL,NULL),
(6,6,151,NULL,57.135,1,0,'1',0,'2',3,171.405,NULL,NULL),
(7,7,132,NULL,33.965,1,0,'1',0,'2',4,135.86,NULL,NULL),
(8,8,147,NULL,81.45,1,0,'1',0,'2',3,244.35,NULL,NULL),
(9,9,133,NULL,33.965,1,0,'1',0,'2',4,135.86,NULL,'2023-03-06 07:36:56.000000'),
(10,10,146,NULL,81.45,1,0,'1',0,'2',3,244.35,NULL,NULL),
(11,11,131,NULL,33.965,1,0,'1',0,'2',4,135.86,NULL,NULL),
(12,12,148,NULL,81.45,1,0,'1',0,'2',3,244.35,NULL,NULL),
(13,13,152,NULL,5,1,0,'1',0,'2',4,20,NULL,NULL),
(14,14,138,NULL,19.185,1,0,'1',0,'2',1,19.185,NULL,NULL),
(15,14,133,NULL,33.965,1,0,'1',0,'2',1,33.965,NULL,NULL),
(16,14,141,NULL,19.185,1,0,'1',0,'2',1,19.185,NULL,NULL),
(17,15,141,NULL,19.185,1,0,'1',0,'2',1,19.185,NULL,NULL),
(18,16,132,NULL,33.965,1,0,'1',0,'2',2,67.93,NULL,NULL),
(19,17,133,NULL,33.965,1,0,'1',0,'2',3,101.895,NULL,NULL),
(20,18,131,NULL,33.965,1,0,'1',0,'2',3,101.895,NULL,NULL),
(21,19,140,NULL,19.185,1,0,'1',0,'2',4,76.74,NULL,NULL);

/*Table structure for table `transfers` */

DROP TABLE IF EXISTS `transfers`;

CREATE TABLE `transfers` (
  `id` int(11) NOT NULL AUTO_INCREMENT,
  `user_id` int(11) NOT NULL,
  `Ref` varchar(192) NOT NULL,
  `date` date NOT NULL,
  `from_warehouse_id` int(11) NOT NULL,
  `to_warehouse_id` int(11) NOT NULL,
  `items` double NOT NULL,
  `tax_rate` double DEFAULT 0,
  `TaxNet` double DEFAULT 0,
  `discount` double DEFAULT 0,
  `shipping` double DEFAULT 0,
  `GrandTotal` double NOT NULL DEFAULT 0,
  `statut` varchar(192) NOT NULL,
  `notes` text DEFAULT NULL,
  `created_at` timestamp(6) NULL DEFAULT NULL,
  `updated_at` timestamp(6) NULL DEFAULT NULL,
  `deleted_at` timestamp NULL DEFAULT NULL,
  PRIMARY KEY (`id`),
  KEY `user_id_transfers` (`user_id`),
  KEY `from_warehouse_id` (`from_warehouse_id`),
  KEY `to_warehouse_id` (`to_warehouse_id`),
  CONSTRAINT `from_warehouse_id` FOREIGN KEY (`from_warehouse_id`) REFERENCES `warehouses` (`id`),
  CONSTRAINT `to_warehouse_id` FOREIGN KEY (`to_warehouse_id`) REFERENCES `warehouses` (`id`),
  CONSTRAINT `user_id_transfers` FOREIGN KEY (`user_id`) REFERENCES `users` (`id`)
) ENGINE=InnoDB AUTO_INCREMENT=20 DEFAULT CHARSET=utf8mb4;

/*Data for the table `transfers` */

insert  into `transfers`(`id`,`user_id`,`Ref`,`date`,`from_warehouse_id`,`to_warehouse_id`,`items`,`tax_rate`,`TaxNet`,`discount`,`shipping`,`GrandTotal`,`statut`,`notes`,`created_at`,`updated_at`,`deleted_at`) values 
(1,1,'TR_1111','2023-03-06',1,2,1,0,0,0,0,76.74,'completed',NULL,'2023-03-06 06:44:52.000000','2023-03-06 06:44:52.000000',NULL),
(2,1,'TR_1112','2023-03-06',1,2,1,0,0,0,0,57.55,'completed',NULL,'2023-03-06 06:52:04.000000','2023-03-06 06:52:04.000000',NULL),
(3,1,'TR_1113','2023-03-06',1,2,1,0,0,0,0,76.74,'completed',NULL,'2023-03-06 07:00:06.000000','2023-03-06 07:00:06.000000',NULL),
(4,1,'TR_1114','2023-03-06',1,2,1,0,0,0,0,171.41,'completed',NULL,'2023-03-06 07:21:01.000000','2023-03-06 07:21:01.000000',NULL),
(5,1,'TR_1115','2023-03-06',1,2,1,0,0,0,0,76.74,'completed',NULL,'2023-03-06 07:23:26.000000','2023-03-06 07:23:26.000000',NULL),
(6,1,'TR_1116','2023-03-06',1,2,1,0,0,0,0,171.41,'completed',NULL,'2023-03-06 07:30:43.000000','2023-03-06 07:30:43.000000',NULL),
(7,1,'TR_1117','2023-03-06',1,2,1,0,0,0,0,135.86,'completed',NULL,'2023-03-06 07:33:19.000000','2023-03-06 07:33:19.000000',NULL),
(8,1,'TR_1118','2023-03-06',1,2,1,0,0,0,0,244.35,'completed',NULL,'2023-03-06 07:35:39.000000','2023-03-06 07:35:39.000000',NULL),
(9,1,'TR_1119','2023-03-06',1,2,1,0,0,0,0,135.86,'completed',NULL,'2023-03-06 07:36:24.000000','2023-03-06 07:36:56.000000',NULL),
(10,1,'TR_1120','2023-03-06',1,2,1,0,0,0,0,244.35,'completed',NULL,'2023-03-06 07:37:45.000000','2023-03-06 07:37:45.000000',NULL),
(11,1,'TR_1121','2023-03-06',1,2,1,0,0,0,0,135.86,'completed',NULL,'2023-03-06 07:38:18.000000','2023-03-06 07:38:18.000000',NULL),
(12,1,'TR_1122','2023-03-06',1,2,1,0,0,0,0,244.35,'completed',NULL,'2023-03-06 07:38:39.000000','2023-03-06 07:38:39.000000',NULL),
(13,1,'TR_1123','2023-03-08',3,1,1,0,0,0,0,20,'completed',NULL,'2023-03-08 12:45:27.000000','2023-03-08 12:45:27.000000',NULL),
(14,1,'TR_1124','2023-03-09',1,2,3,0,0,0,0,72.34,'completed',NULL,'2023-03-09 07:28:35.000000','2023-03-09 07:28:35.000000',NULL),
(15,1,'TR_1125','2023-03-12',1,2,1,0,0,0,0,19.18,'completed',NULL,'2023-03-12 07:48:27.000000','2023-03-12 07:48:27.000000',NULL),
(16,1,'TR_1126','2023-03-12',1,2,1,0,0,0,0,67.93,'completed',NULL,'2023-03-12 07:52:34.000000','2023-03-12 07:52:34.000000',NULL),
(17,1,'TR_1127','2023-03-12',1,2,1,0,0,0,0,101.9,'completed',NULL,'2023-03-12 07:54:27.000000','2023-03-12 07:54:27.000000',NULL),
(18,1,'TR_1128','2023-03-12',1,2,1,0,0,0,0,101.9,'completed',NULL,'2023-03-12 07:56:05.000000','2023-03-12 07:56:05.000000',NULL),
(19,1,'TR_1129','2023-03-12',2,1,1,0,0,0,0,76.74,'completed',NULL,'2023-03-12 07:59:10.000000','2023-03-12 07:59:10.000000',NULL);

/*Table structure for table `units` */

DROP TABLE IF EXISTS `units`;

CREATE TABLE `units` (
  `id` int(11) NOT NULL AUTO_INCREMENT,
  `name` varchar(192) NOT NULL,
  `ShortName` varchar(192) NOT NULL,
  `base_unit` int(11) DEFAULT NULL,
  `operator` char(192) DEFAULT '*',
  `operator_value` double DEFAULT 1,
  `created_at` timestamp(6) NULL DEFAULT NULL,
  `updated_at` timestamp(6) NULL DEFAULT NULL,
  `deleted_at` timestamp NULL DEFAULT NULL,
  PRIMARY KEY (`id`),
  KEY `base_unit` (`base_unit`),
  CONSTRAINT `base_unit` FOREIGN KEY (`base_unit`) REFERENCES `units` (`id`)
) ENGINE=InnoDB AUTO_INCREMENT=9 DEFAULT CHARSET=utf8mb4;

/*Data for the table `units` */

insert  into `units`(`id`,`name`,`ShortName`,`base_unit`,`operator`,`operator_value`,`created_at`,`updated_at`,`deleted_at`) values 
(1,'item','item',NULL,'*',1,'2022-10-12 15:36:01.000000','2022-10-12 15:36:01.000000',NULL),
(2,'Steel Gold','Steel Gold',1,'*',1,'2022-10-16 10:33:36.000000','2022-10-16 10:51:37.000000','2022-10-16 10:51:37'),
(3,'Solid - Gold','Solid - Gold',1,'*',1,'2022-10-16 10:34:47.000000','2022-10-16 10:51:31.000000',NULL),
(4,'Clear - Gold','Clear - Gold',1,'*',1,'2022-10-16 10:36:07.000000','2022-10-16 10:51:02.000000',NULL),
(5,'Solid - Silver','Solid - Silver',1,'*',1,'2022-10-16 10:36:24.000000','2022-10-16 10:51:54.000000',NULL),
(6,'Clear - Silver','Clear - Silver',1,'*',1,'2022-10-16 10:48:29.000000','2022-10-16 10:50:27.000000',NULL),
(7,'full set','full set',1,'*',1,'2023-03-12 08:38:39.000000','2023-03-12 08:38:39.000000',NULL),
(8,'Basic Set','Basic Set',1,'*',1,'2023-03-12 08:38:58.000000','2023-03-12 08:38:58.000000',NULL);

/*Table structure for table `user_warehouse` */

DROP TABLE IF EXISTS `user_warehouse`;

CREATE TABLE `user_warehouse` (
  `user_id` int(11) NOT NULL,
  `warehouse_id` int(11) NOT NULL,
  KEY `user_warehouse_user_id` (`user_id`),
  KEY `user_warehouse_warehouse_id` (`warehouse_id`),
  CONSTRAINT `user_warehouse_user_id` FOREIGN KEY (`user_id`) REFERENCES `users` (`id`),
  CONSTRAINT `user_warehouse_warehouse_id` FOREIGN KEY (`warehouse_id`) REFERENCES `warehouses` (`id`)
) ENGINE=InnoDB DEFAULT CHARSET=utf8mb4;

/*Data for the table `user_warehouse` */

insert  into `user_warehouse`(`user_id`,`warehouse_id`) values 
(3,1),
(6,1),
(3,2),
(6,2);

/*Table structure for table `users` */

DROP TABLE IF EXISTS `users`;

CREATE TABLE `users` (
  `id` int(11) NOT NULL AUTO_INCREMENT,
  `firstname` varchar(191) NOT NULL,
  `lastname` varchar(191) NOT NULL,
  `username` varchar(192) NOT NULL,
  `email` varchar(192) NOT NULL,
  `password` varchar(191) NOT NULL,
  `avatar` varchar(191) DEFAULT NULL,
  `phone` varchar(192) NOT NULL,
  `role_id` int(11) NOT NULL,
  `statut` tinyint(1) NOT NULL DEFAULT 1,
  `is_all_warehouses` tinyint(1) NOT NULL DEFAULT 0,
  `created_at` timestamp(6) NULL DEFAULT NULL,
  `updated_at` timestamp(6) NULL DEFAULT NULL,
  `deleted_at` timestamp NULL DEFAULT NULL,
  PRIMARY KEY (`id`)
) ENGINE=InnoDB AUTO_INCREMENT=7 DEFAULT CHARSET=utf8mb4;

/*Data for the table `users` */

insert  into `users`(`id`,`firstname`,`lastname`,`username`,`email`,`password`,`avatar`,`phone`,`role_id`,`statut`,`is_all_warehouses`,`created_at`,`updated_at`,`deleted_at`) values 
(1,'Issam','Aftimos','Issam Aftimos','issam@coveinterior.com','$2y$10$s3V7.IZ3UDDVEPDO6FT6Ne.HI8nxSTA8FX3Xr6jbbCa5HzQNYxo.K','50205607favi.png','66782666',1,1,1,NULL,'2023-03-07 12:25:18.000000',NULL),
(2,'Ahmad','Mahfoz','coveteam7@gmail.com','coveteam7@gmail.com','$2y$10$K2GsfyNoQHhenX4c/r2QkefS7HXLnSnU0fMQ0bn8OdypgJoH0iyLm','21387976mountains.jpeg','51080245',1,1,1,'2022-09-28 12:14:36.000000','2022-09-28 12:14:36.000000',NULL),
(3,'Shady','Hafez','shady','shady@coveinterior.com','$2y$10$xe/OYa16RiDjqa.ySnZjZurRkHYs8.eyMqORJnulB6k2rptIN9mPm','no_avatar.png','96760506',3,1,0,'2022-10-16 14:46:27.000000','2023-03-06 11:02:18.000000',NULL),
(4,'hasan','Ibrahim','hasan@coveinterior.com','hasan@coveinterior.com','$2y$10$XO0VDdU6Jzr5QQxU2IgsbOwYjUgB5PlKo5Z1W1BsVL5F6XaVSqq6O','no_avatar.png','69076368',3,1,1,'2022-10-23 10:36:41.000000','2022-10-23 10:36:41.000000',NULL),
(5,'test','test','test','test@test.com','$2y$10$9gzgb//TkCoLgx/hMEraDO3CMTzRoJeVGBHtXyoo3g/JVlVE7KQ9K','avatar','phone',1,0,1,'2023-01-15 12:10:10.000000','2023-01-28 04:06:52.000000',NULL),
(6,'guillermina','geja','guillermina@coveinterior.com','guillermina@coveinterior.com','$2y$10$15XbbuIcMn4kQDqD8bhj3evUxvP60XOpTd5RA2wD/.e8UxpOMACfG','83100119favi.png','99809595',2,1,1,'2023-01-25 09:18:50.000000','2023-03-07 11:43:40.000000',NULL);

/*Table structure for table `warehouses` */

DROP TABLE IF EXISTS `warehouses`;

CREATE TABLE `warehouses` (
  `id` int(11) NOT NULL AUTO_INCREMENT,
  `name` varchar(192) NOT NULL,
  `city` varchar(192) DEFAULT NULL,
  `mobile` varchar(192) DEFAULT NULL,
  `zip` varchar(192) DEFAULT NULL,
  `email` varchar(192) DEFAULT NULL,
  `country` varchar(192) DEFAULT NULL,
  `created_at` timestamp(6) NULL DEFAULT NULL,
  `updated_at` timestamp(6) NULL DEFAULT NULL,
  `deleted_at` timestamp NULL DEFAULT NULL,
  PRIMARY KEY (`id`)
) ENGINE=InnoDB AUTO_INCREMENT=5 DEFAULT CHARSET=utf8mb4;

/*Data for the table `warehouses` */

insert  into `warehouses`(`id`,`name`,`city`,`mobile`,`zip`,`email`,`country`,`created_at`,`updated_at`,`deleted_at`) values 
(1,'Store','Murgab','22464414',NULL,'store@coveinterior.com','Kuwait',NULL,'2023-03-07 10:54:14.000000',NULL),
(2,'Shop','Dajeej','55555555',NULL,'shady@coveinterior.com','Kuwait','2023-02-12 06:57:04.000000','2023-03-07 10:53:59.000000',NULL),
(3,'Damage','Mirgab',NULL,NULL,'support@coveinterior.com','Kuwait','2023-02-12 07:07:23.000000','2023-03-08 06:54:10.000000',NULL),
(4,'Display',NULL,NULL,NULL,NULL,NULL,'2023-03-08 06:54:25.000000','2023-03-08 06:54:25.000000',NULL);

/*!40101 SET SQL_MODE=@OLD_SQL_MODE */;
/*!40014 SET FOREIGN_KEY_CHECKS=@OLD_FOREIGN_KEY_CHECKS */;
/*!40014 SET UNIQUE_CHECKS=@OLD_UNIQUE_CHECKS */;
/*!40111 SET SQL_NOTES=@OLD_SQL_NOTES */;
